source,target,type,weight
intent-vs-fact-smoke/run-2026-09-29-1/qwen36-abstract-baseline/2608.06236/0,intent-vs-fact/arxiv:2608.06236v1/abstract,derived_from,1
intent-vs-fact-smoke/run-2026-09-29-1/qwen36-abstract-baseline/2608.06236/1,intent-vs-fact/arxiv:2608.06236v1/abstract,derived_from,1
intent-vs-fact-smoke/run-2026-09-29-1/qwen36-abstract-baseline/2608.06236/2,intent-vs-fact/arxiv:2608.06236v1/abstract,derived_from,1
intent-vs-fact-smoke/run-2026-09-29-1/qwen36-abstract-baseline/2608.06236/3,intent-vs-fact/arxiv:2608.06236v1/abstract,derived_from,1
intent-vs-fact-smoke/run-2026-09-29-1/qwen36-abstract-baseline/2608.06236/4,intent-vs-fact/arxiv:2608.06236v1/abstract,derived_from,1
intent-vs-fact-smoke/run-2026-09-29-1/qwen36-abstract-baseline/2608.06236/5,intent-vs-fact/arxiv:2608.06236v1/abstract,derived_from,1
intent-vs-fact-smoke/run-2026-09-29-1/qwen36-abstract-baseline/2608.06236/6,intent-vs-fact/arxiv:2608.06236v1/abstract,derived_from,1
intent-vs-fact-smoke/run-2026-09-29-1/qwen36-abstract-baseline/2608.06236/7,intent-vs-fact/arxiv:2608.06236v1/abstract,derived_from,1
intent-vs-fact-smoke/run-2026-09-29-1/qwen36-abstract-baseline/2608.16707/0,intent-vs-fact/arxiv:2608.16707v1/abstract,derived_from,1
intent-vs-fact-smoke/run-2026-09-29-1/qwen36-abstract-baseline/2608.16707/1,intent-vs-fact/arxiv:2608.16707v1/abstract,derived_from,1
intent-vs-fact-smoke/run-2026-09-29-1/qwen36-abstract-baseline/2608.16707/2,intent-vs-fact/arxiv:2608.16707v1/abstract,derived_from,1
intent-vs-fact-smoke/run-2026-09-29-1/qwen36-abstract-baseline/2608.16707/3,intent-vs-fact/arxiv:2608.16707v1/abstract,derived_from,1
intent-vs-fact-smoke/run-2026-09-29-1/qwen36-abstract-baseline/2608.16707/4,intent-vs-fact/arxiv:2608.16707v1/abstract,derived_from,1
intent-vs-fact-smoke/run-2026-09-29-1/qwen36-abstract-baseline/2608.16707/5,intent-vs-fact/arxiv:2608.16707v1/abstract,derived_from,1
intent-vs-fact-smoke/run-2026-09-29-1/qwen36-abstract-baseline/2608.16707/6,intent-vs-fact/arxiv:2608.16707v1/abstract,derived_from,1
intent-vs-fact-smoke/run-2026-09-29-1/qwen36-abstract-baseline/2608.16707/7,intent-vs-fact/arxiv:2608.16707v1/abstract,derived_from,1
intent-vs-fact-smoke/run-2026-09-29-1/qwen36-abstract-baseline/2608.16707/8,intent-vs-fact/arxiv:2608.16707v1/abstract,derived_from,1
intent-vs-fact-smoke/run-2026-09-29-1/qwen36-abstract-baseline/2608.23564/0,intent-vs-fact/arxiv:2608.23564v1/abstract,derived_from,1
intent-vs-fact-smoke/run-2026-09-29-1/qwen36-abstract-baseline/2608.23564/1,intent-vs-fact/arxiv:2608.23564v1/abstract,derived_from,1
intent-vs-fact-smoke/run-2026-09-29-1/qwen36-abstract-baseline/2608.23564/10,intent-vs-fact/arxiv:2608.23564v1/abstract,derived_from,1
intent-vs-fact-smoke/run-2026-09-29-1/qwen36-abstract-baseline/2608.23564/11,intent-vs-fact/arxiv:2608.23564v1/abstract,derived_from,1
intent-vs-fact-smoke/run-2026-09-29-1/qwen36-abstract-baseline/2608.23564/12,intent-vs-fact/arxiv:2608.23564v1/abstract,derived_from,1
intent-vs-fact-smoke/run-2026-09-29-1/qwen36-abstract-baseline/2608.23564/13,intent-vs-fact/arxiv:2608.23564v1/abstract,derived_from,1
intent-vs-fact-smoke/run-2026-09-29-1/qwen36-abstract-baseline/2608.23564/14,intent-vs-fact/arxiv:2608.23564v1/abstract,derived_from,1
intent-vs-fact-smoke/run-2026-09-29-1/qwen36-abstract-baseline/2608.23564/15,intent-vs-fact/arxiv:2608.23564v1/abstract,derived_from,1
intent-vs-fact-smoke/run-2026-09-29-1/qwen36-abstract-baseline/2608.23564/17,intent-vs-fact/arxiv:2608.23564v1/abstract,derived_from,1
intent-vs-fact-smoke/run-2026-09-29-1/qwen36-abstract-baseline/2608.23564/18,intent-vs-fact/arxiv:2608.23564v1/abstract,derived_from,1
intent-vs-fact-smoke/run-2026-09-29-1/qwen36-abstract-baseline/2608.23564/19,intent-vs-fact/arxiv:2608.23564v1/abstract,derived_from,1
intent-vs-fact-smoke/run-2026-09-29-1/qwen36-abstract-baseline/2608.23564/2,intent-vs-fact/arxiv:2608.23564v1/abstract,derived_from,1
intent-vs-fact-smoke/run-2026-09-29-1/qwen36-abstract-baseline/2608.23564/3,intent-vs-fact/arxiv:2608.23564v1/abstract,derived_from,1
intent-vs-fact-smoke/run-2026-09-29-1/qwen36-abstract-baseline/2608.23564/4,intent-vs-fact/arxiv:2608.23564v1/abstract,derived_from,1
intent-vs-fact-smoke/run-2026-09-29-1/qwen36-abstract-baseline/2608.23564/5,intent-vs-fact/arxiv:2608.23564v1/abstract,derived_from,1
intent-vs-fact-smoke/run-2026-09-29-1/qwen36-abstract-baseline/2608.23564/6,intent-vs-fact/arxiv:2608.23564v1/abstract,derived_from,1
intent-vs-fact-smoke/run-2026-09-29-1/qwen36-abstract-baseline/2608.23564/7,intent-vs-fact/arxiv:2608.23564v1/abstract,derived_from,1
intent-vs-fact-smoke/run-2026-09-29-1/qwen36-abstract-baseline/2608.23564/8,intent-vs-fact/arxiv:2608.23564v1/abstract,derived_from,1
intent-vs-fact-smoke/run-2026-09-29-1/qwen36-abstract-baseline/2609.17291/0,intent-vs-fact/arxiv:2609.17291v1/abstract,derived_from,1
intent-vs-fact-smoke/run-2026-09-29-1/qwen36-abstract-baseline/2609.17291/1,intent-vs-fact/arxiv:2609.17291v1/abstract,derived_from,1
intent-vs-fact-smoke/run-2026-09-29-1/qwen36-abstract-baseline/2609.17291/2,intent-vs-fact/arxiv:2609.17291v1/abstract,derived_from,1
intent-vs-fact-smoke/run-2026-09-29-1/qwen36-abstract-baseline/2609.17291/3,intent-vs-fact/arxiv:2609.17291v1/abstract,derived_from,1
intent-vs-fact-smoke/run-2026-09-29-1/qwen36-abstract-baseline/2609.17291/4,intent-vs-fact/arxiv:2609.17291v1/abstract,derived_from,1
intent-vs-fact-smoke/run-2026-09-29-1/qwen36-abstract-baseline/2609.17291/5,intent-vs-fact/arxiv:2609.17291v1/abstract,derived_from,1
intent-vs-fact-smoke/run-2026-09-29-1/qwen36-abstract-baseline/2609.17291/6,intent-vs-fact/arxiv:2609.17291v1/abstract,derived_from,1
intent-vs-fact-smoke/run-2026-09-29-1/qwen36-abstract-baseline/2609.17291/7,intent-vs-fact/arxiv:2609.17291v1/abstract,derived_from,1
intent-vs-fact-smoke/run-2026-09-29-1/qwen36-abstract-baseline/2609.17291/8,intent-vs-fact/arxiv:2609.17291v1/abstract,derived_from,1
intent-vs-fact-smoke/run-2026-09-29-1/qwen36-abstract-baseline/2609.17521/0,intent-vs-fact/arxiv:2609.17521v2/abstract,derived_from,1
intent-vs-fact-smoke/run-2026-09-29-1/qwen36-abstract-baseline/2609.17521/1,intent-vs-fact/arxiv:2609.17521v2/abstract,derived_from,1
intent-vs-fact-smoke/run-2026-09-29-1/qwen36-abstract-baseline/2609.17521/2,intent-vs-fact/arxiv:2609.17521v2/abstract,derived_from,1
intent-vs-fact-smoke/run-2026-09-29-1/qwen36-abstract-baseline/2609.17521/3,intent-vs-fact/arxiv:2609.17521v2/abstract,derived_from,1
intent-vs-fact-smoke/run-2026-09-29-1/qwen36-abstract-baseline/2609.17521/4,intent-vs-fact/arxiv:2609.17521v2/abstract,derived_from,1
intent-vs-fact-smoke/run-2026-09-29-1/qwen36-abstract-mode/2608.06236/0,intent-vs-fact/arxiv:2608.06236v1/abstract,derived_from,1
intent-vs-fact-smoke/run-2026-09-29-1/qwen36-abstract-mode/2608.06236/1,intent-vs-fact/arxiv:2608.06236v1/abstract,derived_from,1
intent-vs-fact-smoke/run-2026-09-29-1/qwen36-abstract-mode/2608.06236/2,intent-vs-fact/arxiv:2608.06236v1/abstract,derived_from,1
intent-vs-fact-smoke/run-2026-09-29-1/qwen36-abstract-mode/2608.06236/3,intent-vs-fact/arxiv:2608.06236v1/abstract,derived_from,1
intent-vs-fact-smoke/run-2026-09-29-1/qwen36-abstract-mode/2608.06236/4,intent-vs-fact/arxiv:2608.06236v1/abstract,derived_from,1
intent-vs-fact-smoke/run-2026-09-29-1/qwen36-abstract-mode/2608.06236/5,intent-vs-fact/arxiv:2608.06236v1/abstract,derived_from,1
intent-vs-fact-smoke/run-2026-09-29-1/qwen36-abstract-mode/2608.06236/6,intent-vs-fact/arxiv:2608.06236v1/abstract,derived_from,1
intent-vs-fact-smoke/run-2026-09-29-1/qwen36-abstract-mode/2608.06236/7,intent-vs-fact/arxiv:2608.06236v1/abstract,derived_from,1
intent-vs-fact-smoke/run-2026-09-29-1/qwen36-abstract-mode/2608.16707/0,intent-vs-fact/arxiv:2608.16707v1/abstract,derived_from,1
intent-vs-fact-smoke/run-2026-09-29-1/qwen36-abstract-mode/2608.16707/1,intent-vs-fact/arxiv:2608.16707v1/abstract,derived_from,1
intent-vs-fact-smoke/run-2026-09-29-1/qwen36-abstract-mode/2608.16707/2,intent-vs-fact/arxiv:2608.16707v1/abstract,derived_from,1
intent-vs-fact-smoke/run-2026-09-29-1/qwen36-abstract-mode/2608.16707/3,intent-vs-fact/arxiv:2608.16707v1/abstract,derived_from,1
intent-vs-fact-smoke/run-2026-09-29-1/qwen36-abstract-mode/2608.16707/4,intent-vs-fact/arxiv:2608.16707v1/abstract,derived_from,1
intent-vs-fact-smoke/run-2026-09-29-1/qwen36-abstract-mode/2608.16707/5,intent-vs-fact/arxiv:2608.16707v1/abstract,derived_from,1
intent-vs-fact-smoke/run-2026-09-29-1/qwen36-abstract-mode/2608.16707/6,intent-vs-fact/arxiv:2608.16707v1/abstract,derived_from,1
intent-vs-fact-smoke/run-2026-09-29-1/qwen36-abstract-mode/2608.16707/7,intent-vs-fact/arxiv:2608.16707v1/abstract,derived_from,1
intent-vs-fact-smoke/run-2026-09-29-1/qwen36-abstract-mode/2608.16707/8,intent-vs-fact/arxiv:2608.16707v1/abstract,derived_from,1
intent-vs-fact-smoke/run-2026-09-29-1/qwen36-abstract-mode/2608.16707/9,intent-vs-fact/arxiv:2608.16707v1/abstract,derived_from,1
intent-vs-fact-smoke/run-2026-09-29-1/qwen36-abstract-mode/2608.23564/0,intent-vs-fact/arxiv:2608.23564v1/abstract,derived_from,1
intent-vs-fact-smoke/run-2026-09-29-1/qwen36-abstract-mode/2608.23564/1,intent-vs-fact/arxiv:2608.23564v1/abstract,derived_from,1
intent-vs-fact-smoke/run-2026-09-29-1/qwen36-abstract-mode/2608.23564/10,intent-vs-fact/arxiv:2608.23564v1/abstract,derived_from,1
intent-vs-fact-smoke/run-2026-09-29-1/qwen36-abstract-mode/2608.23564/11,intent-vs-fact/arxiv:2608.23564v1/abstract,derived_from,1
intent-vs-fact-smoke/run-2026-09-29-1/qwen36-abstract-mode/2608.23564/12,intent-vs-fact/arxiv:2608.23564v1/abstract,derived_from,1
intent-vs-fact-smoke/run-2026-09-29-1/qwen36-abstract-mode/2608.23564/13,intent-vs-fact/arxiv:2608.23564v1/abstract,derived_from,1
intent-vs-fact-smoke/run-2026-09-29-1/qwen36-abstract-mode/2608.23564/14,intent-vs-fact/arxiv:2608.23564v1/abstract,derived_from,1
intent-vs-fact-smoke/run-2026-09-29-1/qwen36-abstract-mode/2608.23564/15,intent-vs-fact/arxiv:2608.23564v1/abstract,derived_from,1
intent-vs-fact-smoke/run-2026-09-29-1/qwen36-abstract-mode/2608.23564/17,intent-vs-fact/arxiv:2608.23564v1/abstract,derived_from,1
intent-vs-fact-smoke/run-2026-09-29-1/qwen36-abstract-mode/2608.23564/18,intent-vs-fact/arxiv:2608.23564v1/abstract,derived_from,1
intent-vs-fact-smoke/run-2026-09-29-1/qwen36-abstract-mode/2608.23564/19,intent-vs-fact/arxiv:2608.23564v1/abstract,derived_from,1
intent-vs-fact-smoke/run-2026-09-29-1/qwen36-abstract-mode/2608.23564/2,intent-vs-fact/arxiv:2608.23564v1/abstract,derived_from,1
intent-vs-fact-smoke/run-2026-09-29-1/qwen36-abstract-mode/2608.23564/3,intent-vs-fact/arxiv:2608.23564v1/abstract,derived_from,1
intent-vs-fact-smoke/run-2026-09-29-1/qwen36-abstract-mode/2608.23564/4,intent-vs-fact/arxiv:2608.23564v1/abstract,derived_from,1
intent-vs-fact-smoke/run-2026-09-29-1/qwen36-abstract-mode/2608.23564/5,intent-vs-fact/arxiv:2608.23564v1/abstract,derived_from,1
intent-vs-fact-smoke/run-2026-09-29-1/qwen36-abstract-mode/2608.23564/6,intent-vs-fact/arxiv:2608.23564v1/abstract,derived_from,1
intent-vs-fact-smoke/run-2026-09-29-1/qwen36-abstract-mode/2608.23564/7,intent-vs-fact/arxiv:2608.23564v1/abstract,derived_from,1
intent-vs-fact-smoke/run-2026-09-29-1/qwen36-abstract-mode/2608.23564/8,intent-vs-fact/arxiv:2608.23564v1/abstract,derived_from,1
intent-vs-fact-smoke/run-2026-09-29-1/qwen36-abstract-mode/2609.17291/0,intent-vs-fact/arxiv:2609.17291v1/abstract,derived_from,1
intent-vs-fact-smoke/run-2026-09-29-1/qwen36-abstract-mode/2609.17291/1,intent-vs-fact/arxiv:2609.17291v1/abstract,derived_from,1
intent-vs-fact-smoke/run-2026-09-29-1/qwen36-abstract-mode/2609.17291/2,intent-vs-fact/arxiv:2609.17291v1/abstract,derived_from,1
intent-vs-fact-smoke/run-2026-09-29-1/qwen36-abstract-mode/2609.17291/3,intent-vs-fact/arxiv:2609.17291v1/abstract,derived_from,1
intent-vs-fact-smoke/run-2026-09-29-1/qwen36-abstract-mode/2609.17291/4,intent-vs-fact/arxiv:2609.17291v1/abstract,derived_from,1
intent-vs-fact-smoke/run-2026-09-29-1/qwen36-abstract-mode/2609.17291/5,intent-vs-fact/arxiv:2609.17291v1/abstract,derived_from,1
intent-vs-fact-smoke/run-2026-09-29-1/qwen36-abstract-mode/2609.17291/6,intent-vs-fact/arxiv:2609.17291v1/abstract,derived_from,1
intent-vs-fact-smoke/run-2026-09-29-1/qwen36-abstract-mode/2609.17291/7,intent-vs-fact/arxiv:2609.17291v1/abstract,derived_from,1
intent-vs-fact-smoke/run-2026-09-29-1/qwen36-abstract-mode/2609.17291/8,intent-vs-fact/arxiv:2609.17291v1/abstract,derived_from,1
intent-vs-fact-smoke/run-2026-09-29-1/qwen36-abstract-mode/2609.17521/0,intent-vs-fact/arxiv:2609.17521v2/abstract,derived_from,1
intent-vs-fact-smoke/run-2026-09-29-1/qwen36-abstract-mode/2609.17521/1,intent-vs-fact/arxiv:2609.17521v2/abstract,derived_from,1
intent-vs-fact-smoke/run-2026-09-29-1/qwen36-abstract-mode/2609.17521/2,intent-vs-fact/arxiv:2609.17521v2/abstract,derived_from,1
intent-vs-fact-smoke/run-2026-09-29-1/qwen36-abstract-mode/2609.17521/3,intent-vs-fact/arxiv:2609.17521v2/abstract,derived_from,1
intent-vs-fact-smoke/run-2026-09-29-1/qwen36-abstract-mode/2609.17521/4,intent-vs-fact/arxiv:2609.17521v2/abstract,derived_from,1
intent-vs-fact-smoke/run-2026-09-29-1/qwen36-summary-baseline/2608.06236/0,intent-vs-fact/arxiv:2608.06236v1/summary,derived_from,1
intent-vs-fact-smoke/run-2026-09-29-1/qwen36-summary-baseline/2608.06236/1,intent-vs-fact/arxiv:2608.06236v1/summary,derived_from,1
intent-vs-fact-smoke/run-2026-09-29-1/qwen36-summary-baseline/2608.06236/2,intent-vs-fact/arxiv:2608.06236v1/summary,derived_from,1
intent-vs-fact-smoke/run-2026-09-29-1/qwen36-summary-baseline/2608.06236/3,intent-vs-fact/arxiv:2608.06236v1/summary,derived_from,1
intent-vs-fact-smoke/run-2026-09-29-1/qwen36-summary-baseline/2608.06236/4,intent-vs-fact/arxiv:2608.06236v1/summary,derived_from,1
intent-vs-fact-smoke/run-2026-09-29-1/qwen36-summary-baseline/2608.06236/5,intent-vs-fact/arxiv:2608.06236v1/summary,derived_from,1
intent-vs-fact-smoke/run-2026-09-29-1/qwen36-summary-baseline/2608.06236/6,intent-vs-fact/arxiv:2608.06236v1/summary,derived_from,1
intent-vs-fact-smoke/run-2026-09-29-1/qwen36-summary-baseline/2608.06236/7,intent-vs-fact/arxiv:2608.06236v1/summary,derived_from,1
intent-vs-fact-smoke/run-2026-09-29-1/qwen36-summary-baseline/2608.06236/8,intent-vs-fact/arxiv:2608.06236v1/summary,derived_from,1
intent-vs-fact-smoke/run-2026-09-29-1/qwen36-summary-baseline/2608.06236/9,intent-vs-fact/arxiv:2608.06236v1/summary,derived_from,1
intent-vs-fact-smoke/run-2026-09-29-1/qwen36-summary-baseline/2608.16707/0,intent-vs-fact/arxiv:2608.16707v1/summary,derived_from,1
intent-vs-fact-smoke/run-2026-09-29-1/qwen36-summary-baseline/2608.16707/1,intent-vs-fact/arxiv:2608.16707v1/summary,derived_from,1
intent-vs-fact-smoke/run-2026-09-29-1/qwen36-summary-baseline/2608.16707/2,intent-vs-fact/arxiv:2608.16707v1/summary,derived_from,1
intent-vs-fact-smoke/run-2026-09-29-1/qwen36-summary-baseline/2608.16707/3,intent-vs-fact/arxiv:2608.16707v1/summary,derived_from,1
intent-vs-fact-smoke/run-2026-09-29-1/qwen36-summary-baseline/2608.16707/4,intent-vs-fact/arxiv:2608.16707v1/summary,derived_from,1
intent-vs-fact-smoke/run-2026-09-29-1/qwen36-summary-baseline/2608.16707/5,intent-vs-fact/arxiv:2608.16707v1/summary,derived_from,1
intent-vs-fact-smoke/run-2026-09-29-1/qwen36-summary-baseline/2608.16707/6,intent-vs-fact/arxiv:2608.16707v1/summary,derived_from,1
intent-vs-fact-smoke/run-2026-09-29-1/qwen36-summary-baseline/2608.23564/0,intent-vs-fact/arxiv:2608.23564v1/summary,derived_from,1
intent-vs-fact-smoke/run-2026-09-29-1/qwen36-summary-baseline/2608.23564/1,intent-vs-fact/arxiv:2608.23564v1/summary,derived_from,1
intent-vs-fact-smoke/run-2026-09-29-1/qwen36-summary-baseline/2608.23564/2,intent-vs-fact/arxiv:2608.23564v1/summary,derived_from,1
intent-vs-fact-smoke/run-2026-09-29-1/qwen36-summary-baseline/2608.23564/3,intent-vs-fact/arxiv:2608.23564v1/summary,derived_from,1
intent-vs-fact-smoke/run-2026-09-29-1/qwen36-summary-baseline/2608.23564/4,intent-vs-fact/arxiv:2608.23564v1/summary,derived_from,1
intent-vs-fact-smoke/run-2026-09-29-1/qwen36-summary-baseline/2608.23564/5,intent-vs-fact/arxiv:2608.23564v1/summary,derived_from,1
intent-vs-fact-smoke/run-2026-09-29-1/qwen36-summary-baseline/2608.23564/6,intent-vs-fact/arxiv:2608.23564v1/summary,derived_from,1
intent-vs-fact-smoke/run-2026-09-29-1/qwen36-summary-baseline/2608.23564/7,intent-vs-fact/arxiv:2608.23564v1/summary,derived_from,1
intent-vs-fact-smoke/run-2026-09-29-1/qwen36-summary-baseline/2608.23564/8,intent-vs-fact/arxiv:2608.23564v1/summary,derived_from,1
intent-vs-fact-smoke/run-2026-09-29-1/qwen36-summary-baseline/2609.17291/0,intent-vs-fact/arxiv:2609.17291v1/summary,derived_from,1
intent-vs-fact-smoke/run-2026-09-29-1/qwen36-summary-baseline/2609.17291/1,intent-vs-fact/arxiv:2609.17291v1/summary,derived_from,1
intent-vs-fact-smoke/run-2026-09-29-1/qwen36-summary-baseline/2609.17291/2,intent-vs-fact/arxiv:2609.17291v1/summary,derived_from,1
intent-vs-fact-smoke/run-2026-09-29-1/qwen36-summary-baseline/2609.17291/3,intent-vs-fact/arxiv:2609.17291v1/summary,derived_from,1
intent-vs-fact-smoke/run-2026-09-29-1/qwen36-summary-baseline/2609.17291/4,intent-vs-fact/arxiv:2609.17291v1/summary,derived_from,1
intent-vs-fact-smoke/run-2026-09-29-1/qwen36-summary-baseline/2609.17291/5,intent-vs-fact/arxiv:2609.17291v1/summary,derived_from,1
intent-vs-fact-smoke/run-2026-09-29-1/qwen36-summary-baseline/2609.17291/6,intent-vs-fact/arxiv:2609.17291v1/summary,derived_from,1
intent-vs-fact-smoke/run-2026-09-29-1/qwen36-summary-baseline/2609.17291/7,intent-vs-fact/arxiv:2609.17291v1/summary,derived_from,1
intent-vs-fact-smoke/run-2026-09-29-1/qwen36-summary-baseline/2609.17291/8,intent-vs-fact/arxiv:2609.17291v1/summary,derived_from,1
intent-vs-fact-smoke/run-2026-09-29-1/qwen36-summary-baseline/2609.17291/9,intent-vs-fact/arxiv:2609.17291v1/summary,derived_from,1
intent-vs-fact-smoke/run-2026-09-29-1/qwen36-summary-baseline/2609.17521/0,intent-vs-fact/arxiv:2609.17521v2/summary,derived_from,1
intent-vs-fact-smoke/run-2026-09-29-1/qwen36-summary-baseline/2609.17521/1,intent-vs-fact/arxiv:2609.17521v2/summary,derived_from,1
intent-vs-fact-smoke/run-2026-09-29-1/qwen36-summary-baseline/2609.17521/2,intent-vs-fact/arxiv:2609.17521v2/summary,derived_from,1
intent-vs-fact-smoke/run-2026-09-29-1/qwen36-summary-baseline/2609.17521/3,intent-vs-fact/arxiv:2609.17521v2/summary,derived_from,1
intent-vs-fact-smoke/run-2026-09-29-1/qwen36-summary-baseline/2609.17521/4,intent-vs-fact/arxiv:2609.17521v2/summary,derived_from,1
intent-vs-fact-smoke/run-2026-09-29-1/qwen36-summary-baseline/2609.17521/5,intent-vs-fact/arxiv:2609.17521v2/summary,derived_from,1
intent-vs-fact-smoke/run-2026-09-29-1/qwen36-summary-baseline/2609.17521/6,intent-vs-fact/arxiv:2609.17521v2/summary,derived_from,1
intent-vs-fact-smoke/run-2026-09-29-1/qwen36-summary-baseline/2609.17521/7,intent-vs-fact/arxiv:2609.17521v2/summary,derived_from,1
intent-vs-fact-smoke/run-2026-09-29-1/qwen36-summary-mode/2608.06236/0,intent-vs-fact/arxiv:2608.06236v1/summary,derived_from,1
intent-vs-fact-smoke/run-2026-09-29-1/qwen36-summary-mode/2608.06236/1,intent-vs-fact/arxiv:2608.06236v1/summary,derived_from,1
intent-vs-fact-smoke/run-2026-09-29-1/qwen36-summary-mode/2608.06236/2,intent-vs-fact/arxiv:2608.06236v1/summary,derived_from,1
intent-vs-fact-smoke/run-2026-09-29-1/qwen36-summary-mode/2608.06236/3,intent-vs-fact/arxiv:2608.06236v1/summary,derived_from,1
intent-vs-fact-smoke/run-2026-09-29-1/qwen36-summary-mode/2608.06236/4,intent-vs-fact/arxiv:2608.06236v1/summary,derived_from,1
intent-vs-fact-smoke/run-2026-09-29-1/qwen36-summary-mode/2608.06236/5,intent-vs-fact/arxiv:2608.06236v1/summary,derived_from,1
intent-vs-fact-smoke/run-2026-09-29-1/qwen36-summary-mode/2608.06236/6,intent-vs-fact/arxiv:2608.06236v1/summary,derived_from,1
intent-vs-fact-smoke/run-2026-09-29-1/qwen36-summary-mode/2608.06236/7,intent-vs-fact/arxiv:2608.06236v1/summary,derived_from,1
intent-vs-fact-smoke/run-2026-09-29-1/qwen36-summary-mode/2608.06236/8,intent-vs-fact/arxiv:2608.06236v1/summary,derived_from,1
intent-vs-fact-smoke/run-2026-09-29-1/qwen36-summary-mode/2608.16707/0,intent-vs-fact/arxiv:2608.16707v1/summary,derived_from,1
intent-vs-fact-smoke/run-2026-09-29-1/qwen36-summary-mode/2608.16707/1,intent-vs-fact/arxiv:2608.16707v1/summary,derived_from,1
intent-vs-fact-smoke/run-2026-09-29-1/qwen36-summary-mode/2608.16707/2,intent-vs-fact/arxiv:2608.16707v1/summary,derived_from,1
intent-vs-fact-smoke/run-2026-09-29-1/qwen36-summary-mode/2608.16707/3,intent-vs-fact/arxiv:2608.16707v1/summary,derived_from,1
intent-vs-fact-smoke/run-2026-09-29-1/qwen36-summary-mode/2608.16707/4,intent-vs-fact/arxiv:2608.16707v1/summary,derived_from,1
intent-vs-fact-smoke/run-2026-09-29-1/qwen36-summary-mode/2608.16707/5,intent-vs-fact/arxiv:2608.16707v1/summary,derived_from,1
intent-vs-fact-smoke/run-2026-09-29-1/qwen36-summary-mode/2608.16707/6,intent-vs-fact/arxiv:2608.16707v1/summary,derived_from,1
intent-vs-fact-smoke/run-2026-09-29-1/qwen36-summary-mode/2608.23564/0,intent-vs-fact/arxiv:2608.23564v1/summary,derived_from,1
intent-vs-fact-smoke/run-2026-09-29-1/qwen36-summary-mode/2608.23564/1,intent-vs-fact/arxiv:2608.23564v1/summary,derived_from,1
intent-vs-fact-smoke/run-2026-09-29-1/qwen36-summary-mode/2608.23564/2,intent-vs-fact/arxiv:2608.23564v1/summary,derived_from,1
intent-vs-fact-smoke/run-2026-09-29-1/qwen36-summary-mode/2608.23564/3,intent-vs-fact/arxiv:2608.23564v1/summary,derived_from,1
intent-vs-fact-smoke/run-2026-09-29-1/qwen36-summary-mode/2608.23564/4,intent-vs-fact/arxiv:2608.23564v1/summary,derived_from,1
intent-vs-fact-smoke/run-2026-09-29-1/qwen36-summary-mode/2608.23564/5,intent-vs-fact/arxiv:2608.23564v1/summary,derived_from,1
intent-vs-fact-smoke/run-2026-09-29-1/qwen36-summary-mode/2608.23564/6,intent-vs-fact/arxiv:2608.23564v1/summary,derived_from,1
intent-vs-fact-smoke/run-2026-09-29-1/qwen36-summary-mode/2608.23564/7,intent-vs-fact/arxiv:2608.23564v1/summary,derived_from,1
intent-vs-fact-smoke/run-2026-09-29-1/qwen36-summary-mode/2608.23564/8,intent-vs-fact/arxiv:2608.23564v1/summary,derived_from,1
intent-vs-fact-smoke/run-2026-09-29-1/qwen36-summary-mode/2609.17291/0,intent-vs-fact/arxiv:2609.17291v1/summary,derived_from,1
intent-vs-fact-smoke/run-2026-09-29-1/qwen36-summary-mode/2609.17291/1,intent-vs-fact/arxiv:2609.17291v1/summary,derived_from,1
intent-vs-fact-smoke/run-2026-09-29-1/qwen36-summary-mode/2609.17291/2,intent-vs-fact/arxiv:2609.17291v1/summary,derived_from,1
intent-vs-fact-smoke/run-2026-09-29-1/qwen36-summary-mode/2609.17291/3,intent-vs-fact/arxiv:2609.17291v1/summary,derived_from,1
intent-vs-fact-smoke/run-2026-09-29-1/qwen36-summary-mode/2609.17291/4,intent-vs-fact/arxiv:2609.17291v1/summary,derived_from,1
intent-vs-fact-smoke/run-2026-09-29-1/qwen36-summary-mode/2609.17291/5,intent-vs-fact/arxiv:2609.17291v1/summary,derived_from,1
intent-vs-fact-smoke/run-2026-09-29-1/qwen36-summary-mode/2609.17291/6,intent-vs-fact/arxiv:2609.17291v1/summary,derived_from,1
intent-vs-fact-smoke/run-2026-09-29-1/qwen36-summary-mode/2609.17291/7,intent-vs-fact/arxiv:2609.17291v1/summary,derived_from,1
intent-vs-fact-smoke/run-2026-09-29-1/qwen36-summary-mode/2609.17291/8,intent-vs-fact/arxiv:2609.17291v1/summary,derived_from,1
intent-vs-fact-smoke/run-2026-09-29-1/qwen36-summary-mode/2609.17291/9,intent-vs-fact/arxiv:2609.17291v1/summary,derived_from,1
intent-vs-fact-smoke/run-2026-09-29-1/qwen36-summary-mode/2609.17521/0,intent-vs-fact/arxiv:2609.17521v2/summary,derived_from,1
intent-vs-fact-smoke/run-2026-09-29-1/qwen36-summary-mode/2609.17521/1,intent-vs-fact/arxiv:2609.17521v2/summary,derived_from,1
intent-vs-fact-smoke/run-2026-09-29-1/qwen36-summary-mode/2609.17521/2,intent-vs-fact/arxiv:2609.17521v2/summary,derived_from,1
intent-vs-fact-smoke/run-2026-09-29-1/qwen36-summary-mode/2609.17521/3,intent-vs-fact/arxiv:2609.17521v2/summary,derived_from,1
intent-vs-fact-smoke/run-2026-09-29-1/qwen36-summary-mode/2609.17521/4,intent-vs-fact/arxiv:2609.17521v2/summary,derived_from,1
intent-vs-fact-smoke/run-2026-09-29-1/qwen36-summary-mode/2609.17521/5,intent-vs-fact/arxiv:2609.17521v2/summary,derived_from,1
intent-vs-fact-smoke/run-2026-09-29-1/qwen36-summary-mode/2609.17521/6,intent-vs-fact/arxiv:2609.17521v2/summary,derived_from,1
intent-vs-fact-smoke/run-2026-09-29-1/qwen36-summary-mode/2609.17521/7,intent-vs-fact/arxiv:2609.17521v2/summary,derived_from,1
intent-vs-fact/arxiv:2607.26722v2/summary,intent-vs-fact/arxiv:2607.26722v2/abstract,derived_from,1
intent-vs-fact/arxiv:2607.26917v1/summary,intent-vs-fact/arxiv:2607.26917v1/abstract,derived_from,1
intent-vs-fact/arxiv:2607.27177v1/summary,intent-vs-fact/arxiv:2607.27177v1/abstract,derived_from,1
intent-vs-fact/arxiv:2607.27429v1/summary,intent-vs-fact/arxiv:2607.27429v1/abstract,derived_from,1
intent-vs-fact/arxiv:2607.27484v1/summary,intent-vs-fact/arxiv:2607.27484v1/abstract,derived_from,1
intent-vs-fact/arxiv:2607.27512v1/summary,intent-vs-fact/arxiv:2607.27512v1/abstract,derived_from,1
intent-vs-fact/arxiv:2607.27536v1/summary,intent-vs-fact/arxiv:2607.27536v1/abstract,derived_from,1
intent-vs-fact/arxiv:2607.27556v1/summary,intent-vs-fact/arxiv:2607.27556v1/abstract,derived_from,1
intent-vs-fact/arxiv:2607.27574v1/summary,intent-vs-fact/arxiv:2607.27574v1/abstract,derived_from,1
intent-vs-fact/arxiv:2607.27677v1/summary,intent-vs-fact/arxiv:2607.27677v1/abstract,derived_from,1
intent-vs-fact/arxiv:2607.27942v1/summary,intent-vs-fact/arxiv:2607.27942v1/abstract,derived_from,1
intent-vs-fact/arxiv:2607.27946v1/summary,intent-vs-fact/arxiv:2607.27946v1/abstract,derived_from,1
intent-vs-fact/arxiv:2607.27958v1/summary,intent-vs-fact/arxiv:2607.27958v1/abstract,derived_from,1
intent-vs-fact/arxiv:2607.28242v1/summary,intent-vs-fact/arxiv:2607.28242v1/abstract,derived_from,1
intent-vs-fact/arxiv:2607.28430v1/summary,intent-vs-fact/arxiv:2607.28430v1/abstract,derived_from,1
intent-vs-fact/arxiv:2607.28520v1/summary,intent-vs-fact/arxiv:2607.28520v1/abstract,derived_from,1
intent-vs-fact/arxiv:2607.28553v1/summary,intent-vs-fact/arxiv:2607.28553v1/abstract,derived_from,1
intent-vs-fact/arxiv:2607.28575v1/summary,intent-vs-fact/arxiv:2607.28575v1/abstract,derived_from,1
intent-vs-fact/arxiv:2607.28601v1/summary,intent-vs-fact/arxiv:2607.28601v1/abstract,derived_from,1
intent-vs-fact/arxiv:2607.28679v1/summary,intent-vs-fact/arxiv:2607.28679v1/abstract,derived_from,1
intent-vs-fact/arxiv:2607.28836v1/summary,intent-vs-fact/arxiv:2607.28836v1/abstract,derived_from,1
intent-vs-fact/arxiv:2607.28841v1/summary,intent-vs-fact/arxiv:2607.28841v1/abstract,derived_from,1
intent-vs-fact/arxiv:2607.28957v1/summary,intent-vs-fact/arxiv:2607.28957v1/abstract,derived_from,1
intent-vs-fact/arxiv:2607.28986v1/summary,intent-vs-fact/arxiv:2607.28986v1/abstract,derived_from,1
intent-vs-fact/arxiv:2607.29032v1/summary,intent-vs-fact/arxiv:2607.29032v1/abstract,derived_from,1
intent-vs-fact/arxiv:2607.29055v1/summary,intent-vs-fact/arxiv:2607.29055v1/abstract,derived_from,1
intent-vs-fact/arxiv:2607.29065v1/summary,intent-vs-fact/arxiv:2607.29065v1/abstract,derived_from,1
intent-vs-fact/arxiv:2607.29066v1/summary,intent-vs-fact/arxiv:2607.29066v1/abstract,derived_from,1
intent-vs-fact/arxiv:2607.29079v1/summary,intent-vs-fact/arxiv:2607.29079v1/abstract,derived_from,1
intent-vs-fact/arxiv:2607.29082v1/summary,intent-vs-fact/arxiv:2607.29082v1/abstract,derived_from,1
intent-vs-fact/arxiv:2607.29125v1/summary,intent-vs-fact/arxiv:2607.29125v1/abstract,derived_from,1
intent-vs-fact/arxiv:2607.29168v2/summary,intent-vs-fact/arxiv:2607.29168v2/abstract,derived_from,1
intent-vs-fact/arxiv:2607.29185v1/summary,intent-vs-fact/arxiv:2607.29185v1/abstract,derived_from,1
intent-vs-fact/arxiv:2607.29188v1/summary,intent-vs-fact/arxiv:2607.29188v1/abstract,derived_from,1
intent-vs-fact/arxiv:2607.29196v2/summary,intent-vs-fact/arxiv:2607.29196v2/abstract,derived_from,1
intent-vs-fact/arxiv:2607.29211v1/summary,intent-vs-fact/arxiv:2607.29211v1/abstract,derived_from,1
intent-vs-fact/arxiv:2607.29238v2/summary,intent-vs-fact/arxiv:2607.29238v2/abstract,derived_from,1
intent-vs-fact/arxiv:2607.29241v1/summary,intent-vs-fact/arxiv:2607.29241v1/abstract,derived_from,1
intent-vs-fact/arxiv:2607.29250v1/summary,intent-vs-fact/arxiv:2607.29250v1/abstract,derived_from,1
intent-vs-fact/arxiv:2607.29252v1/summary,intent-vs-fact/arxiv:2607.29252v1/abstract,derived_from,1
intent-vs-fact/arxiv:2607.29274v1/summary,intent-vs-fact/arxiv:2607.29274v1/abstract,derived_from,1
intent-vs-fact/arxiv:2607.29287v1/summary,intent-vs-fact/arxiv:2607.29287v1/abstract,derived_from,1
intent-vs-fact/arxiv:2607.29347v1/summary,intent-vs-fact/arxiv:2607.29347v1/abstract,derived_from,1
intent-vs-fact/arxiv:2607.29353v1/summary,intent-vs-fact/arxiv:2607.29353v1/abstract,derived_from,1
intent-vs-fact/arxiv:2607.29355v1/summary,intent-vs-fact/arxiv:2607.29355v1/abstract,derived_from,1
intent-vs-fact/arxiv:2607.29363v1/summary,intent-vs-fact/arxiv:2607.29363v1/abstract,derived_from,1
intent-vs-fact/arxiv:2607.29377v1/summary,intent-vs-fact/arxiv:2607.29377v1/abstract,derived_from,1
intent-vs-fact/arxiv:2607.29378v1/summary,intent-vs-fact/arxiv:2607.29378v1/abstract,derived_from,1
intent-vs-fact/arxiv:2607.29394v1/summary,intent-vs-fact/arxiv:2607.29394v1/abstract,derived_from,1
intent-vs-fact/arxiv:2607.29397v3/summary,intent-vs-fact/arxiv:2607.29397v3/abstract,derived_from,1
intent-vs-fact/arxiv:2607.29402v1/summary,intent-vs-fact/arxiv:2607.29402v1/abstract,derived_from,1
intent-vs-fact/arxiv:2607.29405v1/summary,intent-vs-fact/arxiv:2607.29405v1/abstract,derived_from,1
intent-vs-fact/arxiv:2607.29419v1/summary,intent-vs-fact/arxiv:2607.29419v1/abstract,derived_from,1
intent-vs-fact/arxiv:2607.29422v1/summary,intent-vs-fact/arxiv:2607.29422v1/abstract,derived_from,1
intent-vs-fact/arxiv:2607.29431v1/summary,intent-vs-fact/arxiv:2607.29431v1/abstract,derived_from,1
intent-vs-fact/arxiv:2607.29433v1/summary,intent-vs-fact/arxiv:2607.29433v1/abstract,derived_from,1
intent-vs-fact/arxiv:2607.29440v2/summary,intent-vs-fact/arxiv:2607.29440v2/abstract,derived_from,1
intent-vs-fact/arxiv:2607.29445v1/summary,intent-vs-fact/arxiv:2607.29445v1/abstract,derived_from,1
intent-vs-fact/arxiv:2607.29459v1/summary,intent-vs-fact/arxiv:2607.29459v1/abstract,derived_from,1
intent-vs-fact/arxiv:2607.29468v1/summary,intent-vs-fact/arxiv:2607.29468v1/abstract,derived_from,1
intent-vs-fact/arxiv:2607.29484v1/summary,intent-vs-fact/arxiv:2607.29484v1/abstract,derived_from,1
intent-vs-fact/arxiv:2607.29491v2/summary,intent-vs-fact/arxiv:2607.29491v2/abstract,derived_from,1
intent-vs-fact/arxiv:2607.29496v1/summary,intent-vs-fact/arxiv:2607.29496v1/abstract,derived_from,1
intent-vs-fact/arxiv:2607.29516v2/summary,intent-vs-fact/arxiv:2607.29516v2/abstract,derived_from,1
intent-vs-fact/arxiv:2607.29527v1/summary,intent-vs-fact/arxiv:2607.29527v1/abstract,derived_from,1
intent-vs-fact/arxiv:2607.29539v1/summary,intent-vs-fact/arxiv:2607.29539v1/abstract,derived_from,1
intent-vs-fact/arxiv:2607.29549v1/summary,intent-vs-fact/arxiv:2607.29549v1/abstract,derived_from,1
intent-vs-fact/arxiv:2607.29553v1/summary,intent-vs-fact/arxiv:2607.29553v1/abstract,derived_from,1
intent-vs-fact/arxiv:2607.29559v1/summary,intent-vs-fact/arxiv:2607.29559v1/abstract,derived_from,1
intent-vs-fact/arxiv:2607.29561v1/summary,intent-vs-fact/arxiv:2607.29561v1/abstract,derived_from,1
intent-vs-fact/arxiv:2607.29577v1/summary,intent-vs-fact/arxiv:2607.29577v1/abstract,derived_from,1
intent-vs-fact/arxiv:2607.29585v1/summary,intent-vs-fact/arxiv:2607.29585v1/abstract,derived_from,1
intent-vs-fact/arxiv:2607.29586v1/summary,intent-vs-fact/arxiv:2607.29586v1/abstract,derived_from,1
intent-vs-fact/arxiv:2607.29591v1/summary,intent-vs-fact/arxiv:2607.29591v1/abstract,derived_from,1
intent-vs-fact/arxiv:2607.29602v2/summary,intent-vs-fact/arxiv:2607.29602v2/abstract,derived_from,1
intent-vs-fact/arxiv:2607.29613v1/summary,intent-vs-fact/arxiv:2607.29613v1/abstract,derived_from,1
intent-vs-fact/arxiv:2607.29614v1/summary,intent-vs-fact/arxiv:2607.29614v1/abstract,derived_from,1
intent-vs-fact/arxiv:2607.29617v1/summary,intent-vs-fact/arxiv:2607.29617v1/abstract,derived_from,1
intent-vs-fact/arxiv:2607.29621v1/summary,intent-vs-fact/arxiv:2607.29621v1/abstract,derived_from,1
intent-vs-fact/arxiv:2607.29624v1/summary,intent-vs-fact/arxiv:2607.29624v1/abstract,derived_from,1
intent-vs-fact/arxiv:2607.29626v1/summary,intent-vs-fact/arxiv:2607.29626v1/abstract,derived_from,1
intent-vs-fact/arxiv:2607.29642v1/summary,intent-vs-fact/arxiv:2607.29642v1/abstract,derived_from,1
intent-vs-fact/arxiv:2607.29657v1/summary,intent-vs-fact/arxiv:2607.29657v1/abstract,derived_from,1
intent-vs-fact/arxiv:2607.29677v2/summary,intent-vs-fact/arxiv:2607.29677v2/abstract,derived_from,1
intent-vs-fact/arxiv:2607.29678v3/summary,intent-vs-fact/arxiv:2607.29678v3/abstract,derived_from,1
intent-vs-fact/arxiv:2608.00261v1/summary,intent-vs-fact/arxiv:2608.00261v1/abstract,derived_from,1
intent-vs-fact/arxiv:2608.00320v2/summary,intent-vs-fact/arxiv:2608.00320v2/abstract,derived_from,1
intent-vs-fact/arxiv:2608.00426v1/summary,intent-vs-fact/arxiv:2608.00426v1/abstract,derived_from,1
intent-vs-fact/arxiv:2608.00458v1/summary,intent-vs-fact/arxiv:2608.00458v1/abstract,derived_from,1
intent-vs-fact/arxiv:2608.00648v1/summary,intent-vs-fact/arxiv:2608.00648v1/abstract,derived_from,1
intent-vs-fact/arxiv:2608.00679v1/summary,intent-vs-fact/arxiv:2608.00679v1/abstract,derived_from,1
intent-vs-fact/arxiv:2608.00718v1/summary,intent-vs-fact/arxiv:2608.00718v1/abstract,derived_from,1
intent-vs-fact/arxiv:2608.00747v2/summary,intent-vs-fact/arxiv:2608.00747v2/abstract,derived_from,1
intent-vs-fact/arxiv:2608.00785v1/summary,intent-vs-fact/arxiv:2608.00785v1/abstract,derived_from,1
intent-vs-fact/arxiv:2608.00937v1/summary,intent-vs-fact/arxiv:2608.00937v1/abstract,derived_from,1
intent-vs-fact/arxiv:2608.01024v1/summary,intent-vs-fact/arxiv:2608.01024v1/abstract,derived_from,1
intent-vs-fact/arxiv:2608.01085v1/summary,intent-vs-fact/arxiv:2608.01085v1/abstract,derived_from,1
intent-vs-fact/arxiv:2608.01183v1/summary,intent-vs-fact/arxiv:2608.01183v1/abstract,derived_from,1
intent-vs-fact/arxiv:2608.01193v1/summary,intent-vs-fact/arxiv:2608.01193v1/abstract,derived_from,1
intent-vs-fact/arxiv:2608.01222v1/summary,intent-vs-fact/arxiv:2608.01222v1/abstract,derived_from,1
intent-vs-fact/arxiv:2608.01366v2/summary,intent-vs-fact/arxiv:2608.01366v2/abstract,derived_from,1
intent-vs-fact/arxiv:2608.01367v1/summary,intent-vs-fact/arxiv:2608.01367v1/abstract,derived_from,1
intent-vs-fact/arxiv:2608.01369v1/summary,intent-vs-fact/arxiv:2608.01369v1/abstract,derived_from,1
intent-vs-fact/arxiv:2608.01425v1/summary,intent-vs-fact/arxiv:2608.01425v1/abstract,derived_from,1
intent-vs-fact/arxiv:2608.01463v2/summary,intent-vs-fact/arxiv:2608.01463v2/abstract,derived_from,1
intent-vs-fact/arxiv:2608.01499v2/summary,intent-vs-fact/arxiv:2608.01499v2/abstract,derived_from,1
intent-vs-fact/arxiv:2608.01507v1/summary,intent-vs-fact/arxiv:2608.01507v1/abstract,derived_from,1
intent-vs-fact/arxiv:2608.01558v1/summary,intent-vs-fact/arxiv:2608.01558v1/abstract,derived_from,1
intent-vs-fact/arxiv:2608.01868v1/summary,intent-vs-fact/arxiv:2608.01868v1/abstract,derived_from,1
intent-vs-fact/arxiv:2608.02101v1/summary,intent-vs-fact/arxiv:2608.02101v1/abstract,derived_from,1
intent-vs-fact/arxiv:2608.02110v1/summary,intent-vs-fact/arxiv:2608.02110v1/abstract,derived_from,1
intent-vs-fact/arxiv:2608.02123v1/summary,intent-vs-fact/arxiv:2608.02123v1/abstract,derived_from,1
intent-vs-fact/arxiv:2608.02124v1/summary,intent-vs-fact/arxiv:2608.02124v1/abstract,derived_from,1
intent-vs-fact/arxiv:2608.02138v1/summary,intent-vs-fact/arxiv:2608.02138v1/abstract,derived_from,1
intent-vs-fact/arxiv:2608.02139v2/summary,intent-vs-fact/arxiv:2608.02139v2/abstract,derived_from,1
intent-vs-fact/arxiv:2608.02148v3/summary,intent-vs-fact/arxiv:2608.02148v3/abstract,derived_from,1
intent-vs-fact/arxiv:2608.02178v1/summary,intent-vs-fact/arxiv:2608.02178v1/abstract,derived_from,1
intent-vs-fact/arxiv:2608.02189v1/summary,intent-vs-fact/arxiv:2608.02189v1/abstract,derived_from,1
intent-vs-fact/arxiv:2608.02235v1/summary,intent-vs-fact/arxiv:2608.02235v1/abstract,derived_from,1
intent-vs-fact/arxiv:2608.02310v1/summary,intent-vs-fact/arxiv:2608.02310v1/abstract,derived_from,1
intent-vs-fact/arxiv:2608.02345v3/summary,intent-vs-fact/arxiv:2608.02345v3/abstract,derived_from,1
intent-vs-fact/arxiv:2608.02352v1/summary,intent-vs-fact/arxiv:2608.02352v1/abstract,derived_from,1
intent-vs-fact/arxiv:2608.02353v1/summary,intent-vs-fact/arxiv:2608.02353v1/abstract,derived_from,1
intent-vs-fact/arxiv:2608.02358v1/summary,intent-vs-fact/arxiv:2608.02358v1/abstract,derived_from,1
intent-vs-fact/arxiv:2608.02359v1/summary,intent-vs-fact/arxiv:2608.02359v1/abstract,derived_from,1
intent-vs-fact/arxiv:2608.02372v1/summary,intent-vs-fact/arxiv:2608.02372v1/abstract,derived_from,1
intent-vs-fact/arxiv:2608.02376v2/summary,intent-vs-fact/arxiv:2608.02376v2/abstract,derived_from,1
intent-vs-fact/arxiv:2608.02397v1/summary,intent-vs-fact/arxiv:2608.02397v1/abstract,derived_from,1
intent-vs-fact/arxiv:2608.02402v1/summary,intent-vs-fact/arxiv:2608.02402v1/abstract,derived_from,1
intent-vs-fact/arxiv:2608.02407v1/summary,intent-vs-fact/arxiv:2608.02407v1/abstract,derived_from,1
intent-vs-fact/arxiv:2608.02409v1/summary,intent-vs-fact/arxiv:2608.02409v1/abstract,derived_from,1
intent-vs-fact/arxiv:2608.02411v1/summary,intent-vs-fact/arxiv:2608.02411v1/abstract,derived_from,1
intent-vs-fact/arxiv:2608.02415v1/summary,intent-vs-fact/arxiv:2608.02415v1/abstract,derived_from,1
intent-vs-fact/arxiv:2608.02422v1/summary,intent-vs-fact/arxiv:2608.02422v1/abstract,derived_from,1
intent-vs-fact/arxiv:2608.02438v1/summary,intent-vs-fact/arxiv:2608.02438v1/abstract,derived_from,1
intent-vs-fact/arxiv:2608.02441v1/summary,intent-vs-fact/arxiv:2608.02441v1/abstract,derived_from,1
intent-vs-fact/arxiv:2608.02442v1/summary,intent-vs-fact/arxiv:2608.02442v1/abstract,derived_from,1
intent-vs-fact/arxiv:2608.02444v1/summary,intent-vs-fact/arxiv:2608.02444v1/abstract,derived_from,1
intent-vs-fact/arxiv:2608.02454v1/summary,intent-vs-fact/arxiv:2608.02454v1/abstract,derived_from,1
intent-vs-fact/arxiv:2608.02457v1/summary,intent-vs-fact/arxiv:2608.02457v1/abstract,derived_from,1
intent-vs-fact/arxiv:2608.02464v1/summary,intent-vs-fact/arxiv:2608.02464v1/abstract,derived_from,1
intent-vs-fact/arxiv:2608.02470v1/summary,intent-vs-fact/arxiv:2608.02470v1/abstract,derived_from,1
intent-vs-fact/arxiv:2608.02471v2/summary,intent-vs-fact/arxiv:2608.02471v2/abstract,derived_from,1
intent-vs-fact/arxiv:2608.02472v1/summary,intent-vs-fact/arxiv:2608.02472v1/abstract,derived_from,1
intent-vs-fact/arxiv:2608.02486v1/summary,intent-vs-fact/arxiv:2608.02486v1/abstract,derived_from,1
intent-vs-fact/arxiv:2608.02491v2/summary,intent-vs-fact/arxiv:2608.02491v2/abstract,derived_from,1
intent-vs-fact/arxiv:2608.02495v1/summary,intent-vs-fact/arxiv:2608.02495v1/abstract,derived_from,1
intent-vs-fact/arxiv:2608.02499v1/summary,intent-vs-fact/arxiv:2608.02499v1/abstract,derived_from,1
intent-vs-fact/arxiv:2608.02502v1/summary,intent-vs-fact/arxiv:2608.02502v1/abstract,derived_from,1
intent-vs-fact/arxiv:2608.02505v1/summary,intent-vs-fact/arxiv:2608.02505v1/abstract,derived_from,1
intent-vs-fact/arxiv:2608.02508v3/summary,intent-vs-fact/arxiv:2608.02508v3/abstract,derived_from,1
intent-vs-fact/arxiv:2608.02509v1/summary,intent-vs-fact/arxiv:2608.02509v1/abstract,derived_from,1
intent-vs-fact/arxiv:2608.02515v2/summary,intent-vs-fact/arxiv:2608.02515v2/abstract,derived_from,1
intent-vs-fact/arxiv:2608.02518v1/summary,intent-vs-fact/arxiv:2608.02518v1/abstract,derived_from,1
intent-vs-fact/arxiv:2608.02519v1/summary,intent-vs-fact/arxiv:2608.02519v1/abstract,derived_from,1
intent-vs-fact/arxiv:2608.02520v1/summary,intent-vs-fact/arxiv:2608.02520v1/abstract,derived_from,1
intent-vs-fact/arxiv:2608.02551v2/summary,intent-vs-fact/arxiv:2608.02551v2/abstract,derived_from,1
intent-vs-fact/arxiv:2608.02553v1/summary,intent-vs-fact/arxiv:2608.02553v1/abstract,derived_from,1
intent-vs-fact/arxiv:2608.02555v1/summary,intent-vs-fact/arxiv:2608.02555v1/abstract,derived_from,1
intent-vs-fact/arxiv:2608.02560v1/summary,intent-vs-fact/arxiv:2608.02560v1/abstract,derived_from,1
intent-vs-fact/arxiv:2608.02569v1/summary,intent-vs-fact/arxiv:2608.02569v1/abstract,derived_from,1
intent-vs-fact/arxiv:2608.02578v1/summary,intent-vs-fact/arxiv:2608.02578v1/abstract,derived_from,1
intent-vs-fact/arxiv:2608.02583v1/summary,intent-vs-fact/arxiv:2608.02583v1/abstract,derived_from,1
intent-vs-fact/arxiv:2608.02585v2/summary,intent-vs-fact/arxiv:2608.02585v2/abstract,derived_from,1
intent-vs-fact/arxiv:2608.02599v1/summary,intent-vs-fact/arxiv:2608.02599v1/abstract,derived_from,1
intent-vs-fact/arxiv:2608.02602v1/summary,intent-vs-fact/arxiv:2608.02602v1/abstract,derived_from,1
intent-vs-fact/arxiv:2608.02677v1/summary,intent-vs-fact/arxiv:2608.02677v1/abstract,derived_from,1
intent-vs-fact/arxiv:2608.02758v1/summary,intent-vs-fact/arxiv:2608.02758v1/abstract,derived_from,1
intent-vs-fact/arxiv:2608.02764v2/summary,intent-vs-fact/arxiv:2608.02764v2/abstract,derived_from,1
intent-vs-fact/arxiv:2608.02827v1/summary,intent-vs-fact/arxiv:2608.02827v1/abstract,derived_from,1
intent-vs-fact/arxiv:2608.02959v1/summary,intent-vs-fact/arxiv:2608.02959v1/abstract,derived_from,1
intent-vs-fact/arxiv:2608.02986v1/summary,intent-vs-fact/arxiv:2608.02986v1/abstract,derived_from,1
intent-vs-fact/arxiv:2608.03272v1/summary,intent-vs-fact/arxiv:2608.03272v1/abstract,derived_from,1
intent-vs-fact/arxiv:2608.03421v3/summary,intent-vs-fact/arxiv:2608.03421v3/abstract,derived_from,1
intent-vs-fact/arxiv:2608.03502v2/summary,intent-vs-fact/arxiv:2608.03502v2/abstract,derived_from,1
intent-vs-fact/arxiv:2608.03569v1/summary,intent-vs-fact/arxiv:2608.03569v1/abstract,derived_from,1
intent-vs-fact/arxiv:2608.03644v1/summary,intent-vs-fact/arxiv:2608.03644v1/abstract,derived_from,1
intent-vs-fact/arxiv:2608.03648v1/summary,intent-vs-fact/arxiv:2608.03648v1/abstract,derived_from,1
intent-vs-fact/arxiv:2608.03711v1/summary,intent-vs-fact/arxiv:2608.03711v1/abstract,derived_from,1
intent-vs-fact/arxiv:2608.03720v1/summary,intent-vs-fact/arxiv:2608.03720v1/abstract,derived_from,1
intent-vs-fact/arxiv:2608.03722v2/summary,intent-vs-fact/arxiv:2608.03722v2/abstract,derived_from,1
intent-vs-fact/arxiv:2608.03729v3/summary,intent-vs-fact/arxiv:2608.03729v3/abstract,derived_from,1
intent-vs-fact/arxiv:2608.03735v1/summary,intent-vs-fact/arxiv:2608.03735v1/abstract,derived_from,1
intent-vs-fact/arxiv:2608.03745v1/summary,intent-vs-fact/arxiv:2608.03745v1/abstract,derived_from,1
intent-vs-fact/arxiv:2608.03769v1/summary,intent-vs-fact/arxiv:2608.03769v1/abstract,derived_from,1
intent-vs-fact/arxiv:2608.03794v1/summary,intent-vs-fact/arxiv:2608.03794v1/abstract,derived_from,1
intent-vs-fact/arxiv:2608.03796v1/summary,intent-vs-fact/arxiv:2608.03796v1/abstract,derived_from,1
intent-vs-fact/arxiv:2608.03803v1/summary,intent-vs-fact/arxiv:2608.03803v1/abstract,derived_from,1
intent-vs-fact/arxiv:2608.03810v1/summary,intent-vs-fact/arxiv:2608.03810v1/abstract,derived_from,1
intent-vs-fact/arxiv:2608.03833v1/summary,intent-vs-fact/arxiv:2608.03833v1/abstract,derived_from,1
intent-vs-fact/arxiv:2608.03838v1/summary,intent-vs-fact/arxiv:2608.03838v1/abstract,derived_from,1
intent-vs-fact/arxiv:2608.03839v1/summary,intent-vs-fact/arxiv:2608.03839v1/abstract,derived_from,1
intent-vs-fact/arxiv:2608.03842v1/summary,intent-vs-fact/arxiv:2608.03842v1/abstract,derived_from,1
intent-vs-fact/arxiv:2608.03844v1/summary,intent-vs-fact/arxiv:2608.03844v1/abstract,derived_from,1
intent-vs-fact/arxiv:2608.03852v1/summary,intent-vs-fact/arxiv:2608.03852v1/abstract,derived_from,1
intent-vs-fact/arxiv:2608.03859v2/summary,intent-vs-fact/arxiv:2608.03859v2/abstract,derived_from,1
intent-vs-fact/arxiv:2608.03860v1/summary,intent-vs-fact/arxiv:2608.03860v1/abstract,derived_from,1
intent-vs-fact/arxiv:2608.03866v1/summary,intent-vs-fact/arxiv:2608.03866v1/abstract,derived_from,1
intent-vs-fact/arxiv:2608.03868v1/summary,intent-vs-fact/arxiv:2608.03868v1/abstract,derived_from,1
intent-vs-fact/arxiv:2608.03874v1/summary,intent-vs-fact/arxiv:2608.03874v1/abstract,derived_from,1
intent-vs-fact/arxiv:2608.03875v1/summary,intent-vs-fact/arxiv:2608.03875v1/abstract,derived_from,1
intent-vs-fact/arxiv:2608.03882v1/summary,intent-vs-fact/arxiv:2608.03882v1/abstract,derived_from,1
intent-vs-fact/arxiv:2608.03883v1/summary,intent-vs-fact/arxiv:2608.03883v1/abstract,derived_from,1
intent-vs-fact/arxiv:2608.03884v1/summary,intent-vs-fact/arxiv:2608.03884v1/abstract,derived_from,1
intent-vs-fact/arxiv:2608.03890v1/summary,intent-vs-fact/arxiv:2608.03890v1/abstract,derived_from,1
intent-vs-fact/arxiv:2608.03892v1/summary,intent-vs-fact/arxiv:2608.03892v1/abstract,derived_from,1
intent-vs-fact/arxiv:2608.03898v1/summary,intent-vs-fact/arxiv:2608.03898v1/abstract,derived_from,1
intent-vs-fact/arxiv:2608.03902v2/summary,intent-vs-fact/arxiv:2608.03902v2/abstract,derived_from,1
intent-vs-fact/arxiv:2608.03910v1/summary,intent-vs-fact/arxiv:2608.03910v1/abstract,derived_from,1
intent-vs-fact/arxiv:2608.03913v1/summary,intent-vs-fact/arxiv:2608.03913v1/abstract,derived_from,1
intent-vs-fact/arxiv:2608.03917v1/summary,intent-vs-fact/arxiv:2608.03917v1/abstract,derived_from,1
intent-vs-fact/arxiv:2608.03918v1/summary,intent-vs-fact/arxiv:2608.03918v1/abstract,derived_from,1
intent-vs-fact/arxiv:2608.03920v1/summary,intent-vs-fact/arxiv:2608.03920v1/abstract,derived_from,1
intent-vs-fact/arxiv:2608.03921v3/summary,intent-vs-fact/arxiv:2608.03921v3/abstract,derived_from,1
intent-vs-fact/arxiv:2608.03926v1/summary,intent-vs-fact/arxiv:2608.03926v1/abstract,derived_from,1
intent-vs-fact/arxiv:2608.03930v1/summary,intent-vs-fact/arxiv:2608.03930v1/abstract,derived_from,1
intent-vs-fact/arxiv:2608.03952v2/summary,intent-vs-fact/arxiv:2608.03952v2/abstract,derived_from,1
intent-vs-fact/arxiv:2608.03958v1/summary,intent-vs-fact/arxiv:2608.03958v1/abstract,derived_from,1
intent-vs-fact/arxiv:2608.03961v1/summary,intent-vs-fact/arxiv:2608.03961v1/abstract,derived_from,1
intent-vs-fact/arxiv:2608.03962v1/summary,intent-vs-fact/arxiv:2608.03962v1/abstract,derived_from,1
intent-vs-fact/arxiv:2608.03966v2/summary,intent-vs-fact/arxiv:2608.03966v2/abstract,derived_from,1
intent-vs-fact/arxiv:2608.03970v1/summary,intent-vs-fact/arxiv:2608.03970v1/abstract,derived_from,1
intent-vs-fact/arxiv:2608.03972v1/summary,intent-vs-fact/arxiv:2608.03972v1/abstract,derived_from,1
intent-vs-fact/arxiv:2608.03979v1/summary,intent-vs-fact/arxiv:2608.03979v1/abstract,derived_from,1
intent-vs-fact/arxiv:2608.03983v1/summary,intent-vs-fact/arxiv:2608.03983v1/abstract,derived_from,1
intent-vs-fact/arxiv:2608.03984v1/summary,intent-vs-fact/arxiv:2608.03984v1/abstract,derived_from,1
intent-vs-fact/arxiv:2608.03994v1/summary,intent-vs-fact/arxiv:2608.03994v1/abstract,derived_from,1
intent-vs-fact/arxiv:2608.03999v1/summary,intent-vs-fact/arxiv:2608.03999v1/abstract,derived_from,1
intent-vs-fact/arxiv:2608.04001v2/summary,intent-vs-fact/arxiv:2608.04001v2/abstract,derived_from,1
intent-vs-fact/arxiv:2608.04003v1/summary,intent-vs-fact/arxiv:2608.04003v1/abstract,derived_from,1
intent-vs-fact/arxiv:2608.04007v1/summary,intent-vs-fact/arxiv:2608.04007v1/abstract,derived_from,1
intent-vs-fact/arxiv:2608.04008v1/summary,intent-vs-fact/arxiv:2608.04008v1/abstract,derived_from,1
intent-vs-fact/arxiv:2608.04009v2/summary,intent-vs-fact/arxiv:2608.04009v2/abstract,derived_from,1
intent-vs-fact/arxiv:2608.04010v1/summary,intent-vs-fact/arxiv:2608.04010v1/abstract,derived_from,1
intent-vs-fact/arxiv:2608.04038v1/summary,intent-vs-fact/arxiv:2608.04038v1/abstract,derived_from,1
intent-vs-fact/arxiv:2608.04265v1/summary,intent-vs-fact/arxiv:2608.04265v1/abstract,derived_from,1
intent-vs-fact/arxiv:2608.04270v1/summary,intent-vs-fact/arxiv:2608.04270v1/abstract,derived_from,1
intent-vs-fact/arxiv:2608.04307v1/summary,intent-vs-fact/arxiv:2608.04307v1/abstract,derived_from,1
intent-vs-fact/arxiv:2608.04317v2/summary,intent-vs-fact/arxiv:2608.04317v2/abstract,derived_from,1
intent-vs-fact/arxiv:2608.04318v1/summary,intent-vs-fact/arxiv:2608.04318v1/abstract,derived_from,1
intent-vs-fact/arxiv:2608.04341v1/summary,intent-vs-fact/arxiv:2608.04341v1/abstract,derived_from,1
intent-vs-fact/arxiv:2608.04443v2/summary,intent-vs-fact/arxiv:2608.04443v2/abstract,derived_from,1
intent-vs-fact/arxiv:2608.04507v1/summary,intent-vs-fact/arxiv:2608.04507v1/abstract,derived_from,1
intent-vs-fact/arxiv:2608.04634v1/summary,intent-vs-fact/arxiv:2608.04634v1/abstract,derived_from,1
intent-vs-fact/arxiv:2608.04788v1/summary,intent-vs-fact/arxiv:2608.04788v1/abstract,derived_from,1
intent-vs-fact/arxiv:2608.04808v1/summary,intent-vs-fact/arxiv:2608.04808v1/abstract,derived_from,1
intent-vs-fact/arxiv:2608.04828v1/summary,intent-vs-fact/arxiv:2608.04828v1/abstract,derived_from,1
intent-vs-fact/arxiv:2608.04847v1/summary,intent-vs-fact/arxiv:2608.04847v1/abstract,derived_from,1
intent-vs-fact/arxiv:2608.04869v2/summary,intent-vs-fact/arxiv:2608.04869v2/abstract,derived_from,1
intent-vs-fact/arxiv:2608.04872v2/summary,intent-vs-fact/arxiv:2608.04872v2/abstract,derived_from,1
intent-vs-fact/arxiv:2608.04885v1/summary,intent-vs-fact/arxiv:2608.04885v1/abstract,derived_from,1
intent-vs-fact/arxiv:2608.04899v1/summary,intent-vs-fact/arxiv:2608.04899v1/abstract,derived_from,1
intent-vs-fact/arxiv:2608.04904v2/summary,intent-vs-fact/arxiv:2608.04904v2/abstract,derived_from,1
intent-vs-fact/arxiv:2608.04926v1/summary,intent-vs-fact/arxiv:2608.04926v1/abstract,derived_from,1
intent-vs-fact/arxiv:2608.04928v1/summary,intent-vs-fact/arxiv:2608.04928v1/abstract,derived_from,1
intent-vs-fact/arxiv:2608.04934v1/summary,intent-vs-fact/arxiv:2608.04934v1/abstract,derived_from,1
intent-vs-fact/arxiv:2608.04939v1/summary,intent-vs-fact/arxiv:2608.04939v1/abstract,derived_from,1
intent-vs-fact/arxiv:2608.04945v1/summary,intent-vs-fact/arxiv:2608.04945v1/abstract,derived_from,1
intent-vs-fact/arxiv:2608.04949v1/summary,intent-vs-fact/arxiv:2608.04949v1/abstract,derived_from,1
intent-vs-fact/arxiv:2608.04962v1/summary,intent-vs-fact/arxiv:2608.04962v1/abstract,derived_from,1
intent-vs-fact/arxiv:2608.04964v1/summary,intent-vs-fact/arxiv:2608.04964v1/abstract,derived_from,1
intent-vs-fact/arxiv:2608.04975v1/summary,intent-vs-fact/arxiv:2608.04975v1/abstract,derived_from,1
intent-vs-fact/arxiv:2608.04980v1/summary,intent-vs-fact/arxiv:2608.04980v1/abstract,derived_from,1
intent-vs-fact/arxiv:2608.04999v1/summary,intent-vs-fact/arxiv:2608.04999v1/abstract,derived_from,1
intent-vs-fact/arxiv:2608.05004v1/summary,intent-vs-fact/arxiv:2608.05004v1/abstract,derived_from,1
intent-vs-fact/arxiv:2608.05013v1/summary,intent-vs-fact/arxiv:2608.05013v1/abstract,derived_from,1
intent-vs-fact/arxiv:2608.05015v1/summary,intent-vs-fact/arxiv:2608.05015v1/abstract,derived_from,1
intent-vs-fact/arxiv:2608.05018v3/summary,intent-vs-fact/arxiv:2608.05018v3/abstract,derived_from,1
intent-vs-fact/arxiv:2608.05026v1/summary,intent-vs-fact/arxiv:2608.05026v1/abstract,derived_from,1
intent-vs-fact/arxiv:2608.05028v1/summary,intent-vs-fact/arxiv:2608.05028v1/abstract,derived_from,1
intent-vs-fact/arxiv:2608.05030v1/summary,intent-vs-fact/arxiv:2608.05030v1/abstract,derived_from,1
intent-vs-fact/arxiv:2608.05045v1/summary,intent-vs-fact/arxiv:2608.05045v1/abstract,derived_from,1
intent-vs-fact/arxiv:2608.05050v1/summary,intent-vs-fact/arxiv:2608.05050v1/abstract,derived_from,1
intent-vs-fact/arxiv:2608.05054v1/summary,intent-vs-fact/arxiv:2608.05054v1/abstract,derived_from,1
intent-vs-fact/arxiv:2608.05060v1/summary,intent-vs-fact/arxiv:2608.05060v1/abstract,derived_from,1
intent-vs-fact/arxiv:2608.05063v1/summary,intent-vs-fact/arxiv:2608.05063v1/abstract,derived_from,1
intent-vs-fact/arxiv:2608.05064v1/summary,intent-vs-fact/arxiv:2608.05064v1/abstract,derived_from,1
intent-vs-fact/arxiv:2608.05069v1/summary,intent-vs-fact/arxiv:2608.05069v1/abstract,derived_from,1
intent-vs-fact/arxiv:2608.05075v1/summary,intent-vs-fact/arxiv:2608.05075v1/abstract,derived_from,1
intent-vs-fact/arxiv:2608.05076v1/summary,intent-vs-fact/arxiv:2608.05076v1/abstract,derived_from,1
intent-vs-fact/arxiv:2608.05080v1/summary,intent-vs-fact/arxiv:2608.05080v1/abstract,derived_from,1
intent-vs-fact/arxiv:2608.05085v1/summary,intent-vs-fact/arxiv:2608.05085v1/abstract,derived_from,1
intent-vs-fact/arxiv:2608.05086v1/summary,intent-vs-fact/arxiv:2608.05086v1/abstract,derived_from,1
intent-vs-fact/arxiv:2608.05095v1/summary,intent-vs-fact/arxiv:2608.05095v1/abstract,derived_from,1
intent-vs-fact/arxiv:2608.05097v1/summary,intent-vs-fact/arxiv:2608.05097v1/abstract,derived_from,1
intent-vs-fact/arxiv:2608.05102v1/summary,intent-vs-fact/arxiv:2608.05102v1/abstract,derived_from,1
intent-vs-fact/arxiv:2608.05107v1/summary,intent-vs-fact/arxiv:2608.05107v1/abstract,derived_from,1
intent-vs-fact/arxiv:2608.05110v1/summary,intent-vs-fact/arxiv:2608.05110v1/abstract,derived_from,1
intent-vs-fact/arxiv:2608.05115v1/summary,intent-vs-fact/arxiv:2608.05115v1/abstract,derived_from,1
intent-vs-fact/arxiv:2608.05124v1/summary,intent-vs-fact/arxiv:2608.05124v1/abstract,derived_from,1
intent-vs-fact/arxiv:2608.05126v1/summary,intent-vs-fact/arxiv:2608.05126v1/abstract,derived_from,1
intent-vs-fact/arxiv:2608.05127v2/summary,intent-vs-fact/arxiv:2608.05127v2/abstract,derived_from,1
intent-vs-fact/arxiv:2608.05131v2/summary,intent-vs-fact/arxiv:2608.05131v2/abstract,derived_from,1
intent-vs-fact/arxiv:2608.05138v1/summary,intent-vs-fact/arxiv:2608.05138v1/abstract,derived_from,1
intent-vs-fact/arxiv:2608.05139v1/summary,intent-vs-fact/arxiv:2608.05139v1/abstract,derived_from,1
intent-vs-fact/arxiv:2608.05141v1/summary,intent-vs-fact/arxiv:2608.05141v1/abstract,derived_from,1
intent-vs-fact/arxiv:2608.05144v2/summary,intent-vs-fact/arxiv:2608.05144v2/abstract,derived_from,1
intent-vs-fact/arxiv:2608.05148v1/summary,intent-vs-fact/arxiv:2608.05148v1/abstract,derived_from,1
intent-vs-fact/arxiv:2608.05375v1/summary,intent-vs-fact/arxiv:2608.05375v1/abstract,derived_from,1
intent-vs-fact/arxiv:2608.05391v1/summary,intent-vs-fact/arxiv:2608.05391v1/abstract,derived_from,1
intent-vs-fact/arxiv:2608.05422v1/summary,intent-vs-fact/arxiv:2608.05422v1/abstract,derived_from,1
intent-vs-fact/arxiv:2608.05588v1/summary,intent-vs-fact/arxiv:2608.05588v1/abstract,derived_from,1
intent-vs-fact/arxiv:2608.05668v1/summary,intent-vs-fact/arxiv:2608.05668v1/abstract,derived_from,1
intent-vs-fact/arxiv:2608.05791v1/summary,intent-vs-fact/arxiv:2608.05791v1/abstract,derived_from,1
intent-vs-fact/arxiv:2608.05857v1/summary,intent-vs-fact/arxiv:2608.05857v1/abstract,derived_from,1
intent-vs-fact/arxiv:2608.05872v1/summary,intent-vs-fact/arxiv:2608.05872v1/abstract,derived_from,1
intent-vs-fact/arxiv:2608.05876v1/summary,intent-vs-fact/arxiv:2608.05876v1/abstract,derived_from,1
intent-vs-fact/arxiv:2608.05884v1/summary,intent-vs-fact/arxiv:2608.05884v1/abstract,derived_from,1
intent-vs-fact/arxiv:2608.05889v1/summary,intent-vs-fact/arxiv:2608.05889v1/abstract,derived_from,1
intent-vs-fact/arxiv:2608.05891v1/summary,intent-vs-fact/arxiv:2608.05891v1/abstract,derived_from,1
intent-vs-fact/arxiv:2608.05906v2/summary,intent-vs-fact/arxiv:2608.05906v2/abstract,derived_from,1
intent-vs-fact/arxiv:2608.05956v1/summary,intent-vs-fact/arxiv:2608.05956v1/abstract,derived_from,1
intent-vs-fact/arxiv:2608.05993v1/summary,intent-vs-fact/arxiv:2608.05993v1/abstract,derived_from,1
intent-vs-fact/arxiv:2608.06022v1/summary,intent-vs-fact/arxiv:2608.06022v1/abstract,derived_from,1
intent-vs-fact/arxiv:2608.06025v1/summary,intent-vs-fact/arxiv:2608.06025v1/abstract,derived_from,1
intent-vs-fact/arxiv:2608.06027v1/summary,intent-vs-fact/arxiv:2608.06027v1/abstract,derived_from,1
intent-vs-fact/arxiv:2608.06033v1/summary,intent-vs-fact/arxiv:2608.06033v1/abstract,derived_from,1
intent-vs-fact/arxiv:2608.06041v1/summary,intent-vs-fact/arxiv:2608.06041v1/abstract,derived_from,1
intent-vs-fact/arxiv:2608.06069v1/summary,intent-vs-fact/arxiv:2608.06069v1/abstract,derived_from,1
intent-vs-fact/arxiv:2608.06105v1/summary,intent-vs-fact/arxiv:2608.06105v1/abstract,derived_from,1
intent-vs-fact/arxiv:2608.06110v2/summary,intent-vs-fact/arxiv:2608.06110v2/abstract,derived_from,1
intent-vs-fact/arxiv:2608.06111v1/summary,intent-vs-fact/arxiv:2608.06111v1/abstract,derived_from,1
intent-vs-fact/arxiv:2608.06112v1/summary,intent-vs-fact/arxiv:2608.06112v1/abstract,derived_from,1
intent-vs-fact/arxiv:2608.06123v2/summary,intent-vs-fact/arxiv:2608.06123v2/abstract,derived_from,1
intent-vs-fact/arxiv:2608.06141v1/summary,intent-vs-fact/arxiv:2608.06141v1/abstract,derived_from,1
intent-vs-fact/arxiv:2608.06167v1/summary,intent-vs-fact/arxiv:2608.06167v1/abstract,derived_from,1
intent-vs-fact/arxiv:2608.06171v1/summary,intent-vs-fact/arxiv:2608.06171v1/abstract,derived_from,1
intent-vs-fact/arxiv:2608.06183v2/summary,intent-vs-fact/arxiv:2608.06183v2/abstract,derived_from,1
intent-vs-fact/arxiv:2608.06196v1/summary,intent-vs-fact/arxiv:2608.06196v1/abstract,derived_from,1
intent-vs-fact/arxiv:2608.06197v1/summary,intent-vs-fact/arxiv:2608.06197v1/abstract,derived_from,1
intent-vs-fact/arxiv:2608.06202v1/summary,intent-vs-fact/arxiv:2608.06202v1/abstract,derived_from,1
intent-vs-fact/arxiv:2608.06216v2/summary,intent-vs-fact/arxiv:2608.06216v2/abstract,derived_from,1
intent-vs-fact/arxiv:2608.06223v1/summary,intent-vs-fact/arxiv:2608.06223v1/abstract,derived_from,1
intent-vs-fact/arxiv:2608.06227v1/summary,intent-vs-fact/arxiv:2608.06227v1/abstract,derived_from,1
intent-vs-fact/arxiv:2608.06236v1/summary,intent-vs-fact/arxiv:2608.06236v1/abstract,derived_from,1
intent-vs-fact/arxiv:2608.06240v1/summary,intent-vs-fact/arxiv:2608.06240v1/abstract,derived_from,1
intent-vs-fact/arxiv:2608.06243v2/summary,intent-vs-fact/arxiv:2608.06243v2/abstract,derived_from,1
intent-vs-fact/arxiv:2608.06252v2/summary,intent-vs-fact/arxiv:2608.06252v2/abstract,derived_from,1
intent-vs-fact/arxiv:2608.06265v1/summary,intent-vs-fact/arxiv:2608.06265v1/abstract,derived_from,1
intent-vs-fact/arxiv:2608.06270v2/summary,intent-vs-fact/arxiv:2608.06270v2/abstract,derived_from,1
intent-vs-fact/arxiv:2608.06291v1/summary,intent-vs-fact/arxiv:2608.06291v1/abstract,derived_from,1
intent-vs-fact/arxiv:2608.06292v1/summary,intent-vs-fact/arxiv:2608.06292v1/abstract,derived_from,1
intent-vs-fact/arxiv:2608.06294v1/summary,intent-vs-fact/arxiv:2608.06294v1/abstract,derived_from,1
intent-vs-fact/arxiv:2608.06300v1/summary,intent-vs-fact/arxiv:2608.06300v1/abstract,derived_from,1
intent-vs-fact/arxiv:2608.06301v1/summary,intent-vs-fact/arxiv:2608.06301v1/abstract,derived_from,1
intent-vs-fact/arxiv:2608.06305v2/summary,intent-vs-fact/arxiv:2608.06305v2/abstract,derived_from,1
intent-vs-fact/arxiv:2608.06310v1/summary,intent-vs-fact/arxiv:2608.06310v1/abstract,derived_from,1
intent-vs-fact/arxiv:2608.06311v1/summary,intent-vs-fact/arxiv:2608.06311v1/abstract,derived_from,1
intent-vs-fact/arxiv:2608.06312v1/summary,intent-vs-fact/arxiv:2608.06312v1/abstract,derived_from,1
intent-vs-fact/arxiv:2608.06329v1/summary,intent-vs-fact/arxiv:2608.06329v1/abstract,derived_from,1
intent-vs-fact/arxiv:2608.06331v1/summary,intent-vs-fact/arxiv:2608.06331v1/abstract,derived_from,1
intent-vs-fact/arxiv:2608.06346v1/summary,intent-vs-fact/arxiv:2608.06346v1/abstract,derived_from,1
intent-vs-fact/arxiv:2608.06347v1/summary,intent-vs-fact/arxiv:2608.06347v1/abstract,derived_from,1
intent-vs-fact/arxiv:2608.06351v1/summary,intent-vs-fact/arxiv:2608.06351v1/abstract,derived_from,1
intent-vs-fact/arxiv:2608.06352v1/summary,intent-vs-fact/arxiv:2608.06352v1/abstract,derived_from,1
intent-vs-fact/arxiv:2608.06353v1/summary,intent-vs-fact/arxiv:2608.06353v1/abstract,derived_from,1
intent-vs-fact/arxiv:2608.06361v1/summary,intent-vs-fact/arxiv:2608.06361v1/abstract,derived_from,1
intent-vs-fact/arxiv:2608.06362v1/summary,intent-vs-fact/arxiv:2608.06362v1/abstract,derived_from,1
intent-vs-fact/arxiv:2608.06363v1/summary,intent-vs-fact/arxiv:2608.06363v1/abstract,derived_from,1
intent-vs-fact/arxiv:2608.06364v1/summary,intent-vs-fact/arxiv:2608.06364v1/abstract,derived_from,1
intent-vs-fact/arxiv:2608.06366v1/summary,intent-vs-fact/arxiv:2608.06366v1/abstract,derived_from,1
intent-vs-fact/arxiv:2608.06370v1/summary,intent-vs-fact/arxiv:2608.06370v1/abstract,derived_from,1
intent-vs-fact/arxiv:2608.06377v1/summary,intent-vs-fact/arxiv:2608.06377v1/abstract,derived_from,1
intent-vs-fact/arxiv:2608.06694v1/summary,intent-vs-fact/arxiv:2608.06694v1/abstract,derived_from,1
intent-vs-fact/arxiv:2608.06702v1/summary,intent-vs-fact/arxiv:2608.06702v1/abstract,derived_from,1
intent-vs-fact/arxiv:2608.06865v1/summary,intent-vs-fact/arxiv:2608.06865v1/abstract,derived_from,1
intent-vs-fact/arxiv:2608.06975v1/summary,intent-vs-fact/arxiv:2608.06975v1/abstract,derived_from,1
intent-vs-fact/arxiv:2608.06977v1/summary,intent-vs-fact/arxiv:2608.06977v1/abstract,derived_from,1
intent-vs-fact/arxiv:2608.06992v2/summary,intent-vs-fact/arxiv:2608.06992v2/abstract,derived_from,1
intent-vs-fact/arxiv:2608.07006v1/summary,intent-vs-fact/arxiv:2608.07006v1/abstract,derived_from,1
intent-vs-fact/arxiv:2608.07023v1/summary,intent-vs-fact/arxiv:2608.07023v1/abstract,derived_from,1
intent-vs-fact/arxiv:2608.07067v1/summary,intent-vs-fact/arxiv:2608.07067v1/abstract,derived_from,1
intent-vs-fact/arxiv:2608.07110v1/summary,intent-vs-fact/arxiv:2608.07110v1/abstract,derived_from,1
intent-vs-fact/arxiv:2608.07204v1/summary,intent-vs-fact/arxiv:2608.07204v1/abstract,derived_from,1
intent-vs-fact/arxiv:2608.07208v1/summary,intent-vs-fact/arxiv:2608.07208v1/abstract,derived_from,1
intent-vs-fact/arxiv:2608.07213v1/summary,intent-vs-fact/arxiv:2608.07213v1/abstract,derived_from,1
intent-vs-fact/arxiv:2608.07222v1/summary,intent-vs-fact/arxiv:2608.07222v1/abstract,derived_from,1
intent-vs-fact/arxiv:2608.07243v1/summary,intent-vs-fact/arxiv:2608.07243v1/abstract,derived_from,1
intent-vs-fact/arxiv:2608.07249v1/summary,intent-vs-fact/arxiv:2608.07249v1/abstract,derived_from,1
intent-vs-fact/arxiv:2608.07250v1/summary,intent-vs-fact/arxiv:2608.07250v1/abstract,derived_from,1
intent-vs-fact/arxiv:2608.07261v3/summary,intent-vs-fact/arxiv:2608.07261v3/abstract,derived_from,1
intent-vs-fact/arxiv:2608.07280v1/summary,intent-vs-fact/arxiv:2608.07280v1/abstract,derived_from,1
intent-vs-fact/arxiv:2608.07282v1/summary,intent-vs-fact/arxiv:2608.07282v1/abstract,derived_from,1
intent-vs-fact/arxiv:2608.07283v1/summary,intent-vs-fact/arxiv:2608.07283v1/abstract,derived_from,1
intent-vs-fact/arxiv:2608.07295v1/summary,intent-vs-fact/arxiv:2608.07295v1/abstract,derived_from,1
intent-vs-fact/arxiv:2608.07316v1/summary,intent-vs-fact/arxiv:2608.07316v1/abstract,derived_from,1
intent-vs-fact/arxiv:2608.07341v1/summary,intent-vs-fact/arxiv:2608.07341v1/abstract,derived_from,1
intent-vs-fact/arxiv:2608.07346v4/summary,intent-vs-fact/arxiv:2608.07346v4/abstract,derived_from,1
intent-vs-fact/arxiv:2608.07353v1/summary,intent-vs-fact/arxiv:2608.07353v1/abstract,derived_from,1
intent-vs-fact/arxiv:2608.07359v1/summary,intent-vs-fact/arxiv:2608.07359v1/abstract,derived_from,1
intent-vs-fact/arxiv:2608.07363v1/summary,intent-vs-fact/arxiv:2608.07363v1/abstract,derived_from,1
intent-vs-fact/arxiv:2608.07364v1/summary,intent-vs-fact/arxiv:2608.07364v1/abstract,derived_from,1
intent-vs-fact/arxiv:2608.07367v1/summary,intent-vs-fact/arxiv:2608.07367v1/abstract,derived_from,1
intent-vs-fact/arxiv:2608.07368v1/summary,intent-vs-fact/arxiv:2608.07368v1/abstract,derived_from,1
intent-vs-fact/arxiv:2608.07370v2/summary,intent-vs-fact/arxiv:2608.07370v2/abstract,derived_from,1
intent-vs-fact/arxiv:2608.07371v1/summary,intent-vs-fact/arxiv:2608.07371v1/abstract,derived_from,1
intent-vs-fact/arxiv:2608.07378v1/summary,intent-vs-fact/arxiv:2608.07378v1/abstract,derived_from,1
intent-vs-fact/arxiv:2608.07383v1/summary,intent-vs-fact/arxiv:2608.07383v1/abstract,derived_from,1
intent-vs-fact/arxiv:2608.07385v1/summary,intent-vs-fact/arxiv:2608.07385v1/abstract,derived_from,1
intent-vs-fact/arxiv:2608.07395v1/summary,intent-vs-fact/arxiv:2608.07395v1/abstract,derived_from,1
intent-vs-fact/arxiv:2608.07400v1/summary,intent-vs-fact/arxiv:2608.07400v1/abstract,derived_from,1
intent-vs-fact/arxiv:2608.07403v1/summary,intent-vs-fact/arxiv:2608.07403v1/abstract,derived_from,1
intent-vs-fact/arxiv:2608.07405v1/summary,intent-vs-fact/arxiv:2608.07405v1/abstract,derived_from,1
intent-vs-fact/arxiv:2608.07411v1/summary,intent-vs-fact/arxiv:2608.07411v1/abstract,derived_from,1
intent-vs-fact/arxiv:2608.07417v1/summary,intent-vs-fact/arxiv:2608.07417v1/abstract,derived_from,1
intent-vs-fact/arxiv:2608.07418v1/summary,intent-vs-fact/arxiv:2608.07418v1/abstract,derived_from,1
intent-vs-fact/arxiv:2608.07424v2/summary,intent-vs-fact/arxiv:2608.07424v2/abstract,derived_from,1
intent-vs-fact/arxiv:2608.07427v1/summary,intent-vs-fact/arxiv:2608.07427v1/abstract,derived_from,1
intent-vs-fact/arxiv:2608.07429v2/summary,intent-vs-fact/arxiv:2608.07429v2/abstract,derived_from,1
intent-vs-fact/arxiv:2608.07430v1/summary,intent-vs-fact/arxiv:2608.07430v1/abstract,derived_from,1
intent-vs-fact/arxiv:2608.07435v1/summary,intent-vs-fact/arxiv:2608.07435v1/abstract,derived_from,1
intent-vs-fact/arxiv:2608.07436v1/summary,intent-vs-fact/arxiv:2608.07436v1/abstract,derived_from,1
intent-vs-fact/arxiv:2608.07437v1/summary,intent-vs-fact/arxiv:2608.07437v1/abstract,derived_from,1
intent-vs-fact/arxiv:2608.07438v2/summary,intent-vs-fact/arxiv:2608.07438v2/abstract,derived_from,1
intent-vs-fact/arxiv:2608.07439v1/summary,intent-vs-fact/arxiv:2608.07439v1/abstract,derived_from,1
intent-vs-fact/arxiv:2608.07440v3/summary,intent-vs-fact/arxiv:2608.07440v3/abstract,derived_from,1
intent-vs-fact/arxiv:2608.07446v1/summary,intent-vs-fact/arxiv:2608.07446v1/abstract,derived_from,1
intent-vs-fact/arxiv:2608.07449v1/summary,intent-vs-fact/arxiv:2608.07449v1/abstract,derived_from,1
intent-vs-fact/arxiv:2608.07454v1/summary,intent-vs-fact/arxiv:2608.07454v1/abstract,derived_from,1
intent-vs-fact/arxiv:2608.07457v1/summary,intent-vs-fact/arxiv:2608.07457v1/abstract,derived_from,1
intent-vs-fact/arxiv:2608.07458v1/summary,intent-vs-fact/arxiv:2608.07458v1/abstract,derived_from,1
intent-vs-fact/arxiv:2608.07460v1/summary,intent-vs-fact/arxiv:2608.07460v1/abstract,derived_from,1
intent-vs-fact/arxiv:2608.07688v1/summary,intent-vs-fact/arxiv:2608.07688v1/abstract,derived_from,1
intent-vs-fact/arxiv:2608.07734v2/summary,intent-vs-fact/arxiv:2608.07734v2/abstract,derived_from,1
intent-vs-fact/arxiv:2608.07743v1/summary,intent-vs-fact/arxiv:2608.07743v1/abstract,derived_from,1
intent-vs-fact/arxiv:2608.07810v1/summary,intent-vs-fact/arxiv:2608.07810v1/abstract,derived_from,1
intent-vs-fact/arxiv:2608.07824v1/summary,intent-vs-fact/arxiv:2608.07824v1/abstract,derived_from,1
intent-vs-fact/arxiv:2608.07940v1/summary,intent-vs-fact/arxiv:2608.07940v1/abstract,derived_from,1
intent-vs-fact/arxiv:2608.07949v1/summary,intent-vs-fact/arxiv:2608.07949v1/abstract,derived_from,1
intent-vs-fact/arxiv:2608.08035v1/summary,intent-vs-fact/arxiv:2608.08035v1/abstract,derived_from,1
intent-vs-fact/arxiv:2608.08077v1/summary,intent-vs-fact/arxiv:2608.08077v1/abstract,derived_from,1
intent-vs-fact/arxiv:2608.08131v1/summary,intent-vs-fact/arxiv:2608.08131v1/abstract,derived_from,1
intent-vs-fact/arxiv:2608.08175v1/summary,intent-vs-fact/arxiv:2608.08175v1/abstract,derived_from,1
intent-vs-fact/arxiv:2608.08240v1/summary,intent-vs-fact/arxiv:2608.08240v1/abstract,derived_from,1
intent-vs-fact/arxiv:2608.08303v1/summary,intent-vs-fact/arxiv:2608.08303v1/abstract,derived_from,1
intent-vs-fact/arxiv:2608.08389v2/summary,intent-vs-fact/arxiv:2608.08389v2/abstract,derived_from,1
intent-vs-fact/arxiv:2608.08497v1/summary,intent-vs-fact/arxiv:2608.08497v1/abstract,derived_from,1
intent-vs-fact/arxiv:2608.08516v1/summary,intent-vs-fact/arxiv:2608.08516v1/abstract,derived_from,1
intent-vs-fact/arxiv:2608.08601v2/summary,intent-vs-fact/arxiv:2608.08601v2/abstract,derived_from,1
intent-vs-fact/arxiv:2608.08852v1/summary,intent-vs-fact/arxiv:2608.08852v1/abstract,derived_from,1
intent-vs-fact/arxiv:2608.08897v1/summary,intent-vs-fact/arxiv:2608.08897v1/abstract,derived_from,1
intent-vs-fact/arxiv:2608.08995v2/summary,intent-vs-fact/arxiv:2608.08995v2/abstract,derived_from,1
intent-vs-fact/arxiv:2608.09128v1/summary,intent-vs-fact/arxiv:2608.09128v1/abstract,derived_from,1
intent-vs-fact/arxiv:2608.09155v1/summary,intent-vs-fact/arxiv:2608.09155v1/abstract,derived_from,1
intent-vs-fact/arxiv:2608.09251v1/summary,intent-vs-fact/arxiv:2608.09251v1/abstract,derived_from,1
intent-vs-fact/arxiv:2608.09256v1/summary,intent-vs-fact/arxiv:2608.09256v1/abstract,derived_from,1
intent-vs-fact/arxiv:2608.09472v1/summary,intent-vs-fact/arxiv:2608.09472v1/abstract,derived_from,1
intent-vs-fact/arxiv:2608.09539v2/summary,intent-vs-fact/arxiv:2608.09539v2/abstract,derived_from,1
intent-vs-fact/arxiv:2608.09548v2/summary,intent-vs-fact/arxiv:2608.09548v2/abstract,derived_from,1
intent-vs-fact/arxiv:2608.09551v1/summary,intent-vs-fact/arxiv:2608.09551v1/abstract,derived_from,1
intent-vs-fact/arxiv:2608.09568v1/summary,intent-vs-fact/arxiv:2608.09568v1/abstract,derived_from,1
intent-vs-fact/arxiv:2608.09586v1/summary,intent-vs-fact/arxiv:2608.09586v1/abstract,derived_from,1
intent-vs-fact/arxiv:2608.09588v1/summary,intent-vs-fact/arxiv:2608.09588v1/abstract,derived_from,1
intent-vs-fact/arxiv:2608.09624v1/summary,intent-vs-fact/arxiv:2608.09624v1/abstract,derived_from,1
intent-vs-fact/arxiv:2608.09638v1/summary,intent-vs-fact/arxiv:2608.09638v1/abstract,derived_from,1
intent-vs-fact/arxiv:2608.09650v1/summary,intent-vs-fact/arxiv:2608.09650v1/abstract,derived_from,1
intent-vs-fact/arxiv:2608.09698v1/summary,intent-vs-fact/arxiv:2608.09698v1/abstract,derived_from,1
intent-vs-fact/arxiv:2608.09703v1/summary,intent-vs-fact/arxiv:2608.09703v1/abstract,derived_from,1
intent-vs-fact/arxiv:2608.09717v1/summary,intent-vs-fact/arxiv:2608.09717v1/abstract,derived_from,1
intent-vs-fact/arxiv:2608.09745v1/summary,intent-vs-fact/arxiv:2608.09745v1/abstract,derived_from,1
intent-vs-fact/arxiv:2608.09748v2/summary,intent-vs-fact/arxiv:2608.09748v2/abstract,derived_from,1
intent-vs-fact/arxiv:2608.09763v1/summary,intent-vs-fact/arxiv:2608.09763v1/abstract,derived_from,1
intent-vs-fact/arxiv:2608.09764v1/summary,intent-vs-fact/arxiv:2608.09764v1/abstract,derived_from,1
intent-vs-fact/arxiv:2608.09765v1/summary,intent-vs-fact/arxiv:2608.09765v1/abstract,derived_from,1
intent-vs-fact/arxiv:2608.09766v1/summary,intent-vs-fact/arxiv:2608.09766v1/abstract,derived_from,1
intent-vs-fact/arxiv:2608.09767v1/summary,intent-vs-fact/arxiv:2608.09767v1/abstract,derived_from,1
intent-vs-fact/arxiv:2608.09772v1/summary,intent-vs-fact/arxiv:2608.09772v1/abstract,derived_from,1
intent-vs-fact/arxiv:2608.09775v1/summary,intent-vs-fact/arxiv:2608.09775v1/abstract,derived_from,1
intent-vs-fact/arxiv:2608.09779v1/summary,intent-vs-fact/arxiv:2608.09779v1/abstract,derived_from,1
intent-vs-fact/arxiv:2608.09790v2/summary,intent-vs-fact/arxiv:2608.09790v2/abstract,derived_from,1
intent-vs-fact/arxiv:2608.09792v1/summary,intent-vs-fact/arxiv:2608.09792v1/abstract,derived_from,1
intent-vs-fact/arxiv:2608.09801v1/summary,intent-vs-fact/arxiv:2608.09801v1/abstract,derived_from,1
intent-vs-fact/arxiv:2608.09802v1/summary,intent-vs-fact/arxiv:2608.09802v1/abstract,derived_from,1
intent-vs-fact/arxiv:2608.09805v1/summary,intent-vs-fact/arxiv:2608.09805v1/abstract,derived_from,1
intent-vs-fact/arxiv:2608.09818v1/summary,intent-vs-fact/arxiv:2608.09818v1/abstract,derived_from,1
intent-vs-fact/arxiv:2608.09819v2/summary,intent-vs-fact/arxiv:2608.09819v2/abstract,derived_from,1
intent-vs-fact/arxiv:2608.09826v1/summary,intent-vs-fact/arxiv:2608.09826v1/abstract,derived_from,1
intent-vs-fact/arxiv:2608.09828v1/summary,intent-vs-fact/arxiv:2608.09828v1/abstract,derived_from,1
intent-vs-fact/arxiv:2608.09834v1/summary,intent-vs-fact/arxiv:2608.09834v1/abstract,derived_from,1
intent-vs-fact/arxiv:2608.09836v1/summary,intent-vs-fact/arxiv:2608.09836v1/abstract,derived_from,1
intent-vs-fact/arxiv:2608.09848v1/summary,intent-vs-fact/arxiv:2608.09848v1/abstract,derived_from,1
intent-vs-fact/arxiv:2608.09855v2/summary,intent-vs-fact/arxiv:2608.09855v2/abstract,derived_from,1
intent-vs-fact/arxiv:2608.09857v1/summary,intent-vs-fact/arxiv:2608.09857v1/abstract,derived_from,1
intent-vs-fact/arxiv:2608.09861v1/summary,intent-vs-fact/arxiv:2608.09861v1/abstract,derived_from,1
intent-vs-fact/arxiv:2608.09867v1/summary,intent-vs-fact/arxiv:2608.09867v1/abstract,derived_from,1
intent-vs-fact/arxiv:2608.09873v1/summary,intent-vs-fact/arxiv:2608.09873v1/abstract,derived_from,1
intent-vs-fact/arxiv:2608.09874v1/summary,intent-vs-fact/arxiv:2608.09874v1/abstract,derived_from,1
intent-vs-fact/arxiv:2608.09876v1/summary,intent-vs-fact/arxiv:2608.09876v1/abstract,derived_from,1
intent-vs-fact/arxiv:2608.09885v1/summary,intent-vs-fact/arxiv:2608.09885v1/abstract,derived_from,1
intent-vs-fact/arxiv:2608.09888v1/summary,intent-vs-fact/arxiv:2608.09888v1/abstract,derived_from,1
intent-vs-fact/arxiv:2608.09893v1/summary,intent-vs-fact/arxiv:2608.09893v1/abstract,derived_from,1
intent-vs-fact/arxiv:2608.09894v1/summary,intent-vs-fact/arxiv:2608.09894v1/abstract,derived_from,1
intent-vs-fact/arxiv:2608.09898v1/summary,intent-vs-fact/arxiv:2608.09898v1/abstract,derived_from,1
intent-vs-fact/arxiv:2608.09900v2/summary,intent-vs-fact/arxiv:2608.09900v2/abstract,derived_from,1
intent-vs-fact/arxiv:2608.09921v2/summary,intent-vs-fact/arxiv:2608.09921v2/abstract,derived_from,1
intent-vs-fact/arxiv:2608.09925v1/summary,intent-vs-fact/arxiv:2608.09925v1/abstract,derived_from,1
intent-vs-fact/arxiv:2608.09928v1/summary,intent-vs-fact/arxiv:2608.09928v1/abstract,derived_from,1
intent-vs-fact/arxiv:2608.09930v1/summary,intent-vs-fact/arxiv:2608.09930v1/abstract,derived_from,1
intent-vs-fact/arxiv:2608.10030v2/summary,intent-vs-fact/arxiv:2608.10030v2/abstract,derived_from,1
intent-vs-fact/arxiv:2608.10175v1/summary,intent-vs-fact/arxiv:2608.10175v1/abstract,derived_from,1
intent-vs-fact/arxiv:2608.10186v1/summary,intent-vs-fact/arxiv:2608.10186v1/abstract,derived_from,1
intent-vs-fact/arxiv:2608.10262v1/summary,intent-vs-fact/arxiv:2608.10262v1/abstract,derived_from,1
intent-vs-fact/arxiv:2608.10450v3/summary,intent-vs-fact/arxiv:2608.10450v3/abstract,derived_from,1
intent-vs-fact/arxiv:2608.10494v1/summary,intent-vs-fact/arxiv:2608.10494v1/abstract,derived_from,1
intent-vs-fact/arxiv:2608.10509v1/summary,intent-vs-fact/arxiv:2608.10509v1/abstract,derived_from,1
intent-vs-fact/arxiv:2608.10646v1/summary,intent-vs-fact/arxiv:2608.10646v1/abstract,derived_from,1
intent-vs-fact/arxiv:2608.10662v1/summary,intent-vs-fact/arxiv:2608.10662v1/abstract,derived_from,1
intent-vs-fact/arxiv:2608.10714v1/summary,intent-vs-fact/arxiv:2608.10714v1/abstract,derived_from,1
intent-vs-fact/arxiv:2608.10812v2/summary,intent-vs-fact/arxiv:2608.10812v2/abstract,derived_from,1
intent-vs-fact/arxiv:2608.10875v2/summary,intent-vs-fact/arxiv:2608.10875v2/abstract,derived_from,1
intent-vs-fact/arxiv:2608.10878v3/summary,intent-vs-fact/arxiv:2608.10878v3/abstract,derived_from,1
intent-vs-fact/arxiv:2608.10893v1/summary,intent-vs-fact/arxiv:2608.10893v1/abstract,derived_from,1
intent-vs-fact/arxiv:2608.10908v1/summary,intent-vs-fact/arxiv:2608.10908v1/abstract,derived_from,1
intent-vs-fact/arxiv:2608.10916v1/summary,intent-vs-fact/arxiv:2608.10916v1/abstract,derived_from,1
intent-vs-fact/arxiv:2608.10932v1/summary,intent-vs-fact/arxiv:2608.10932v1/abstract,derived_from,1
intent-vs-fact/arxiv:2608.10939v1/summary,intent-vs-fact/arxiv:2608.10939v1/abstract,derived_from,1
intent-vs-fact/arxiv:2608.10949v1/summary,intent-vs-fact/arxiv:2608.10949v1/abstract,derived_from,1
intent-vs-fact/arxiv:2608.10954v2/summary,intent-vs-fact/arxiv:2608.10954v2/abstract,derived_from,1
intent-vs-fact/arxiv:2608.10963v2/summary,intent-vs-fact/arxiv:2608.10963v2/abstract,derived_from,1
intent-vs-fact/arxiv:2608.10964v1/summary,intent-vs-fact/arxiv:2608.10964v1/abstract,derived_from,1
intent-vs-fact/arxiv:2608.10970v1/summary,intent-vs-fact/arxiv:2608.10970v1/abstract,derived_from,1
intent-vs-fact/arxiv:2608.10974v1/summary,intent-vs-fact/arxiv:2608.10974v1/abstract,derived_from,1
intent-vs-fact/arxiv:2608.10976v1/summary,intent-vs-fact/arxiv:2608.10976v1/abstract,derived_from,1
intent-vs-fact/arxiv:2608.10983v2/summary,intent-vs-fact/arxiv:2608.10983v2/abstract,derived_from,1
intent-vs-fact/arxiv:2608.10986v1/summary,intent-vs-fact/arxiv:2608.10986v1/abstract,derived_from,1
intent-vs-fact/arxiv:2608.10989v1/summary,intent-vs-fact/arxiv:2608.10989v1/abstract,derived_from,1
intent-vs-fact/arxiv:2608.10996v1/summary,intent-vs-fact/arxiv:2608.10996v1/abstract,derived_from,1
intent-vs-fact/arxiv:2608.11002v1/summary,intent-vs-fact/arxiv:2608.11002v1/abstract,derived_from,1
intent-vs-fact/arxiv:2608.11006v2/summary,intent-vs-fact/arxiv:2608.11006v2/abstract,derived_from,1
intent-vs-fact/arxiv:2608.11008v2/summary,intent-vs-fact/arxiv:2608.11008v2/abstract,derived_from,1
intent-vs-fact/arxiv:2608.11017v1/summary,intent-vs-fact/arxiv:2608.11017v1/abstract,derived_from,1
intent-vs-fact/arxiv:2608.11022v1/summary,intent-vs-fact/arxiv:2608.11022v1/abstract,derived_from,1
intent-vs-fact/arxiv:2608.11025v2/summary,intent-vs-fact/arxiv:2608.11025v2/abstract,derived_from,1
intent-vs-fact/arxiv:2608.11027v1/summary,intent-vs-fact/arxiv:2608.11027v1/abstract,derived_from,1
intent-vs-fact/arxiv:2608.11030v1/summary,intent-vs-fact/arxiv:2608.11030v1/abstract,derived_from,1
intent-vs-fact/arxiv:2608.11033v1/summary,intent-vs-fact/arxiv:2608.11033v1/abstract,derived_from,1
intent-vs-fact/arxiv:2608.11036v1/summary,intent-vs-fact/arxiv:2608.11036v1/abstract,derived_from,1
intent-vs-fact/arxiv:2608.11044v1/summary,intent-vs-fact/arxiv:2608.11044v1/abstract,derived_from,1
intent-vs-fact/arxiv:2608.11045v1/summary,intent-vs-fact/arxiv:2608.11045v1/abstract,derived_from,1
intent-vs-fact/arxiv:2608.11047v1/summary,intent-vs-fact/arxiv:2608.11047v1/abstract,derived_from,1
intent-vs-fact/arxiv:2608.11049v1/summary,intent-vs-fact/arxiv:2608.11049v1/abstract,derived_from,1
intent-vs-fact/arxiv:2608.11050v1/summary,intent-vs-fact/arxiv:2608.11050v1/abstract,derived_from,1
intent-vs-fact/arxiv:2608.11053v1/summary,intent-vs-fact/arxiv:2608.11053v1/abstract,derived_from,1
intent-vs-fact/arxiv:2608.11064v1/summary,intent-vs-fact/arxiv:2608.11064v1/abstract,derived_from,1
intent-vs-fact/arxiv:2608.11066v1/summary,intent-vs-fact/arxiv:2608.11066v1/abstract,derived_from,1
intent-vs-fact/arxiv:2608.11071v1/summary,intent-vs-fact/arxiv:2608.11071v1/abstract,derived_from,1
intent-vs-fact/arxiv:2608.11079v2/summary,intent-vs-fact/arxiv:2608.11079v2/abstract,derived_from,1
intent-vs-fact/arxiv:2608.11080v1/summary,intent-vs-fact/arxiv:2608.11080v1/abstract,derived_from,1
intent-vs-fact/arxiv:2608.11095v1/summary,intent-vs-fact/arxiv:2608.11095v1/abstract,derived_from,1
intent-vs-fact/arxiv:2608.11110v2/summary,intent-vs-fact/arxiv:2608.11110v2/abstract,derived_from,1
intent-vs-fact/arxiv:2608.11114v1/summary,intent-vs-fact/arxiv:2608.11114v1/abstract,derived_from,1
intent-vs-fact/arxiv:2608.11136v1/summary,intent-vs-fact/arxiv:2608.11136v1/abstract,derived_from,1
intent-vs-fact/arxiv:2608.11138v1/summary,intent-vs-fact/arxiv:2608.11138v1/abstract,derived_from,1
intent-vs-fact/arxiv:2608.11146v1/summary,intent-vs-fact/arxiv:2608.11146v1/abstract,derived_from,1
intent-vs-fact/arxiv:2608.11167v1/summary,intent-vs-fact/arxiv:2608.11167v1/abstract,derived_from,1
intent-vs-fact/arxiv:2608.11171v1/summary,intent-vs-fact/arxiv:2608.11171v1/abstract,derived_from,1
intent-vs-fact/arxiv:2608.11181v2/summary,intent-vs-fact/arxiv:2608.11181v2/abstract,derived_from,1
intent-vs-fact/arxiv:2608.11191v1/summary,intent-vs-fact/arxiv:2608.11191v1/abstract,derived_from,1
intent-vs-fact/arxiv:2608.11195v3/summary,intent-vs-fact/arxiv:2608.11195v3/abstract,derived_from,1
intent-vs-fact/arxiv:2608.11197v1/summary,intent-vs-fact/arxiv:2608.11197v1/abstract,derived_from,1
intent-vs-fact/arxiv:2608.11200v1/summary,intent-vs-fact/arxiv:2608.11200v1/abstract,derived_from,1
intent-vs-fact/arxiv:2608.11204v1/summary,intent-vs-fact/arxiv:2608.11204v1/abstract,derived_from,1
intent-vs-fact/arxiv:2608.11357v2/summary,intent-vs-fact/arxiv:2608.11357v2/abstract,derived_from,1
intent-vs-fact/arxiv:2608.11407v1/summary,intent-vs-fact/arxiv:2608.11407v1/abstract,derived_from,1
intent-vs-fact/arxiv:2608.11632v1/summary,intent-vs-fact/arxiv:2608.11632v1/abstract,derived_from,1
intent-vs-fact/arxiv:2608.11658v1/summary,intent-vs-fact/arxiv:2608.11658v1/abstract,derived_from,1
intent-vs-fact/arxiv:2608.11679v1/summary,intent-vs-fact/arxiv:2608.11679v1/abstract,derived_from,1
intent-vs-fact/arxiv:2608.11847v2/summary,intent-vs-fact/arxiv:2608.11847v2/abstract,derived_from,1
intent-vs-fact/arxiv:2608.11878v1/summary,intent-vs-fact/arxiv:2608.11878v1/abstract,derived_from,1
intent-vs-fact/arxiv:2608.11879v1/summary,intent-vs-fact/arxiv:2608.11879v1/abstract,derived_from,1
intent-vs-fact/arxiv:2608.11889v2/summary,intent-vs-fact/arxiv:2608.11889v2/abstract,derived_from,1
intent-vs-fact/arxiv:2608.11895v1/summary,intent-vs-fact/arxiv:2608.11895v1/abstract,derived_from,1
intent-vs-fact/arxiv:2608.11919v1/summary,intent-vs-fact/arxiv:2608.11919v1/abstract,derived_from,1
intent-vs-fact/arxiv:2608.11922v2/summary,intent-vs-fact/arxiv:2608.11922v2/abstract,derived_from,1
intent-vs-fact/arxiv:2608.11924v1/summary,intent-vs-fact/arxiv:2608.11924v1/abstract,derived_from,1
intent-vs-fact/arxiv:2608.11947v1/summary,intent-vs-fact/arxiv:2608.11947v1/abstract,derived_from,1
intent-vs-fact/arxiv:2608.11981v1/summary,intent-vs-fact/arxiv:2608.11981v1/abstract,derived_from,1
intent-vs-fact/arxiv:2608.11994v1/summary,intent-vs-fact/arxiv:2608.11994v1/abstract,derived_from,1
intent-vs-fact/arxiv:2608.12008v1/summary,intent-vs-fact/arxiv:2608.12008v1/abstract,derived_from,1
intent-vs-fact/arxiv:2608.12018v2/summary,intent-vs-fact/arxiv:2608.12018v2/abstract,derived_from,1
intent-vs-fact/arxiv:2608.12036v3/summary,intent-vs-fact/arxiv:2608.12036v3/abstract,derived_from,1
intent-vs-fact/arxiv:2608.12062v2/summary,intent-vs-fact/arxiv:2608.12062v2/abstract,derived_from,1
intent-vs-fact/arxiv:2608.12099v2/summary,intent-vs-fact/arxiv:2608.12099v2/abstract,derived_from,1
intent-vs-fact/arxiv:2608.12113v1/summary,intent-vs-fact/arxiv:2608.12113v1/abstract,derived_from,1
intent-vs-fact/arxiv:2608.12121v1/summary,intent-vs-fact/arxiv:2608.12121v1/abstract,derived_from,1
intent-vs-fact/arxiv:2608.12125v1/summary,intent-vs-fact/arxiv:2608.12125v1/abstract,derived_from,1
intent-vs-fact/arxiv:2608.12129v2/summary,intent-vs-fact/arxiv:2608.12129v2/abstract,derived_from,1
intent-vs-fact/arxiv:2608.12138v1/summary,intent-vs-fact/arxiv:2608.12138v1/abstract,derived_from,1
intent-vs-fact/arxiv:2608.12149v2/summary,intent-vs-fact/arxiv:2608.12149v2/abstract,derived_from,1
intent-vs-fact/arxiv:2608.12150v1/summary,intent-vs-fact/arxiv:2608.12150v1/abstract,derived_from,1
intent-vs-fact/arxiv:2608.12166v1/summary,intent-vs-fact/arxiv:2608.12166v1/abstract,derived_from,1
intent-vs-fact/arxiv:2608.12172v1/summary,intent-vs-fact/arxiv:2608.12172v1/abstract,derived_from,1
intent-vs-fact/arxiv:2608.12187v1/summary,intent-vs-fact/arxiv:2608.12187v1/abstract,derived_from,1
intent-vs-fact/arxiv:2608.12190v1/summary,intent-vs-fact/arxiv:2608.12190v1/abstract,derived_from,1
intent-vs-fact/arxiv:2608.12192v1/summary,intent-vs-fact/arxiv:2608.12192v1/abstract,derived_from,1
intent-vs-fact/arxiv:2608.12194v1/summary,intent-vs-fact/arxiv:2608.12194v1/abstract,derived_from,1
intent-vs-fact/arxiv:2608.12196v2/summary,intent-vs-fact/arxiv:2608.12196v2/abstract,derived_from,1
intent-vs-fact/arxiv:2608.12197v1/summary,intent-vs-fact/arxiv:2608.12197v1/abstract,derived_from,1
intent-vs-fact/arxiv:2608.12198v1/summary,intent-vs-fact/arxiv:2608.12198v1/abstract,derived_from,1
intent-vs-fact/arxiv:2608.12218v2/summary,intent-vs-fact/arxiv:2608.12218v2/abstract,derived_from,1
intent-vs-fact/arxiv:2608.12220v1/summary,intent-vs-fact/arxiv:2608.12220v1/abstract,derived_from,1
intent-vs-fact/arxiv:2608.12227v1/summary,intent-vs-fact/arxiv:2608.12227v1/abstract,derived_from,1
intent-vs-fact/arxiv:2608.12230v1/summary,intent-vs-fact/arxiv:2608.12230v1/abstract,derived_from,1
intent-vs-fact/arxiv:2608.12236v1/summary,intent-vs-fact/arxiv:2608.12236v1/abstract,derived_from,1
intent-vs-fact/arxiv:2608.12239v1/summary,intent-vs-fact/arxiv:2608.12239v1/abstract,derived_from,1
intent-vs-fact/arxiv:2608.12246v1/summary,intent-vs-fact/arxiv:2608.12246v1/abstract,derived_from,1
intent-vs-fact/arxiv:2608.12249v1/summary,intent-vs-fact/arxiv:2608.12249v1/abstract,derived_from,1
intent-vs-fact/arxiv:2608.12253v2/summary,intent-vs-fact/arxiv:2608.12253v2/abstract,derived_from,1
intent-vs-fact/arxiv:2608.12262v1/summary,intent-vs-fact/arxiv:2608.12262v1/abstract,derived_from,1
intent-vs-fact/arxiv:2608.12269v1/summary,intent-vs-fact/arxiv:2608.12269v1/abstract,derived_from,1
intent-vs-fact/arxiv:2608.12273v1/summary,intent-vs-fact/arxiv:2608.12273v1/abstract,derived_from,1
intent-vs-fact/arxiv:2608.12274v1/summary,intent-vs-fact/arxiv:2608.12274v1/abstract,derived_from,1
intent-vs-fact/arxiv:2608.12278v1/summary,intent-vs-fact/arxiv:2608.12278v1/abstract,derived_from,1
intent-vs-fact/arxiv:2608.12282v1/summary,intent-vs-fact/arxiv:2608.12282v1/abstract,derived_from,1
intent-vs-fact/arxiv:2608.12283v1/summary,intent-vs-fact/arxiv:2608.12283v1/abstract,derived_from,1
intent-vs-fact/arxiv:2608.12290v1/summary,intent-vs-fact/arxiv:2608.12290v1/abstract,derived_from,1
intent-vs-fact/arxiv:2608.12299v2/summary,intent-vs-fact/arxiv:2608.12299v2/abstract,derived_from,1
intent-vs-fact/arxiv:2608.12304v1/summary,intent-vs-fact/arxiv:2608.12304v1/abstract,derived_from,1
intent-vs-fact/arxiv:2608.12306v1/summary,intent-vs-fact/arxiv:2608.12306v1/abstract,derived_from,1
intent-vs-fact/arxiv:2608.12307v1/summary,intent-vs-fact/arxiv:2608.12307v1/abstract,derived_from,1
intent-vs-fact/arxiv:2608.12308v1/summary,intent-vs-fact/arxiv:2608.12308v1/abstract,derived_from,1
intent-vs-fact/arxiv:2608.12313v2/summary,intent-vs-fact/arxiv:2608.12313v2/abstract,derived_from,1
intent-vs-fact/arxiv:2608.12436v1/summary,intent-vs-fact/arxiv:2608.12436v1/abstract,derived_from,1
intent-vs-fact/arxiv:2608.12534v1/summary,intent-vs-fact/arxiv:2608.12534v1/abstract,derived_from,1
intent-vs-fact/arxiv:2608.12547v1/summary,intent-vs-fact/arxiv:2608.12547v1/abstract,derived_from,1
intent-vs-fact/arxiv:2608.12626v1/summary,intent-vs-fact/arxiv:2608.12626v1/abstract,derived_from,1
intent-vs-fact/arxiv:2608.12895v1/summary,intent-vs-fact/arxiv:2608.12895v1/abstract,derived_from,1
intent-vs-fact/arxiv:2608.12921v2/summary,intent-vs-fact/arxiv:2608.12921v2/abstract,derived_from,1
intent-vs-fact/arxiv:2608.12984v1/summary,intent-vs-fact/arxiv:2608.12984v1/abstract,derived_from,1
intent-vs-fact/arxiv:2608.12995v1/summary,intent-vs-fact/arxiv:2608.12995v1/abstract,derived_from,1
intent-vs-fact/arxiv:2608.13030v2/summary,intent-vs-fact/arxiv:2608.13030v2/abstract,derived_from,1
intent-vs-fact/arxiv:2608.13101v1/summary,intent-vs-fact/arxiv:2608.13101v1/abstract,derived_from,1
intent-vs-fact/arxiv:2608.13136v1/summary,intent-vs-fact/arxiv:2608.13136v1/abstract,derived_from,1
intent-vs-fact/arxiv:2608.13160v1/summary,intent-vs-fact/arxiv:2608.13160v1/abstract,derived_from,1
intent-vs-fact/arxiv:2608.13167v1/summary,intent-vs-fact/arxiv:2608.13167v1/abstract,derived_from,1
intent-vs-fact/arxiv:2608.13168v1/summary,intent-vs-fact/arxiv:2608.13168v1/abstract,derived_from,1
intent-vs-fact/arxiv:2608.13200v2/summary,intent-vs-fact/arxiv:2608.13200v2/abstract,derived_from,1
intent-vs-fact/arxiv:2608.13237v1/summary,intent-vs-fact/arxiv:2608.13237v1/abstract,derived_from,1
intent-vs-fact/arxiv:2608.13244v1/summary,intent-vs-fact/arxiv:2608.13244v1/abstract,derived_from,1
intent-vs-fact/arxiv:2608.13258v1/summary,intent-vs-fact/arxiv:2608.13258v1/abstract,derived_from,1
intent-vs-fact/arxiv:2608.13267v1/summary,intent-vs-fact/arxiv:2608.13267v1/abstract,derived_from,1
intent-vs-fact/arxiv:2608.13277v1/summary,intent-vs-fact/arxiv:2608.13277v1/abstract,derived_from,1
intent-vs-fact/arxiv:2608.13304v1/summary,intent-vs-fact/arxiv:2608.13304v1/abstract,derived_from,1
intent-vs-fact/arxiv:2608.13326v1/summary,intent-vs-fact/arxiv:2608.13326v1/abstract,derived_from,1
intent-vs-fact/arxiv:2608.13328v1/summary,intent-vs-fact/arxiv:2608.13328v1/abstract,derived_from,1
intent-vs-fact/arxiv:2608.13334v1/summary,intent-vs-fact/arxiv:2608.13334v1/abstract,derived_from,1
intent-vs-fact/arxiv:2608.13387v4/summary,intent-vs-fact/arxiv:2608.13387v4/abstract,derived_from,1
intent-vs-fact/arxiv:2608.13394v1/summary,intent-vs-fact/arxiv:2608.13394v1/abstract,derived_from,1
intent-vs-fact/arxiv:2608.13409v1/summary,intent-vs-fact/arxiv:2608.13409v1/abstract,derived_from,1
intent-vs-fact/arxiv:2608.13410v1/summary,intent-vs-fact/arxiv:2608.13410v1/abstract,derived_from,1
intent-vs-fact/arxiv:2608.13415v1/summary,intent-vs-fact/arxiv:2608.13415v1/abstract,derived_from,1
intent-vs-fact/arxiv:2608.13417v1/summary,intent-vs-fact/arxiv:2608.13417v1/abstract,derived_from,1
intent-vs-fact/arxiv:2608.13420v1/summary,intent-vs-fact/arxiv:2608.13420v1/abstract,derived_from,1
intent-vs-fact/arxiv:2608.13425v1/summary,intent-vs-fact/arxiv:2608.13425v1/abstract,derived_from,1
intent-vs-fact/arxiv:2608.13426v2/summary,intent-vs-fact/arxiv:2608.13426v2/abstract,derived_from,1
intent-vs-fact/arxiv:2608.13428v1/summary,intent-vs-fact/arxiv:2608.13428v1/abstract,derived_from,1
intent-vs-fact/arxiv:2608.13430v2/summary,intent-vs-fact/arxiv:2608.13430v2/abstract,derived_from,1
intent-vs-fact/arxiv:2608.13433v1/summary,intent-vs-fact/arxiv:2608.13433v1/abstract,derived_from,1
intent-vs-fact/arxiv:2608.13438v1/summary,intent-vs-fact/arxiv:2608.13438v1/abstract,derived_from,1
intent-vs-fact/arxiv:2608.13447v2/summary,intent-vs-fact/arxiv:2608.13447v2/abstract,derived_from,1
intent-vs-fact/arxiv:2608.13453v1/summary,intent-vs-fact/arxiv:2608.13453v1/abstract,derived_from,1
intent-vs-fact/arxiv:2608.13456v2/summary,intent-vs-fact/arxiv:2608.13456v2/abstract,derived_from,1
intent-vs-fact/arxiv:2608.13459v1/summary,intent-vs-fact/arxiv:2608.13459v1/abstract,derived_from,1
intent-vs-fact/arxiv:2608.13463v2/summary,intent-vs-fact/arxiv:2608.13463v2/abstract,derived_from,1
intent-vs-fact/arxiv:2608.13465v1/summary,intent-vs-fact/arxiv:2608.13465v1/abstract,derived_from,1
intent-vs-fact/arxiv:2608.13472v1/summary,intent-vs-fact/arxiv:2608.13472v1/abstract,derived_from,1
intent-vs-fact/arxiv:2608.13476v1/summary,intent-vs-fact/arxiv:2608.13476v1/abstract,derived_from,1
intent-vs-fact/arxiv:2608.13482v1/summary,intent-vs-fact/arxiv:2608.13482v1/abstract,derived_from,1
intent-vs-fact/arxiv:2608.13484v1/summary,intent-vs-fact/arxiv:2608.13484v1/abstract,derived_from,1
intent-vs-fact/arxiv:2608.13492v1/summary,intent-vs-fact/arxiv:2608.13492v1/abstract,derived_from,1
intent-vs-fact/arxiv:2608.13505v1/summary,intent-vs-fact/arxiv:2608.13505v1/abstract,derived_from,1
intent-vs-fact/arxiv:2608.13515v1/summary,intent-vs-fact/arxiv:2608.13515v1/abstract,derived_from,1
intent-vs-fact/arxiv:2608.13517v2/summary,intent-vs-fact/arxiv:2608.13517v2/abstract,derived_from,1
intent-vs-fact/arxiv:2608.13520v1/summary,intent-vs-fact/arxiv:2608.13520v1/abstract,derived_from,1
intent-vs-fact/arxiv:2608.13522v1/summary,intent-vs-fact/arxiv:2608.13522v1/abstract,derived_from,1
intent-vs-fact/arxiv:2608.13535v1/summary,intent-vs-fact/arxiv:2608.13535v1/abstract,derived_from,1
intent-vs-fact/arxiv:2608.13538v2/summary,intent-vs-fact/arxiv:2608.13538v2/abstract,derived_from,1
intent-vs-fact/arxiv:2608.13545v1/summary,intent-vs-fact/arxiv:2608.13545v1/abstract,derived_from,1
intent-vs-fact/arxiv:2608.13547v1/summary,intent-vs-fact/arxiv:2608.13547v1/abstract,derived_from,1
intent-vs-fact/arxiv:2608.13555v1/summary,intent-vs-fact/arxiv:2608.13555v1/abstract,derived_from,1
intent-vs-fact/arxiv:2608.13558v1/summary,intent-vs-fact/arxiv:2608.13558v1/abstract,derived_from,1
intent-vs-fact/arxiv:2608.13560v1/summary,intent-vs-fact/arxiv:2608.13560v1/abstract,derived_from,1
intent-vs-fact/arxiv:2608.13787v1/summary,intent-vs-fact/arxiv:2608.13787v1/abstract,derived_from,1
intent-vs-fact/arxiv:2608.13982v1/summary,intent-vs-fact/arxiv:2608.13982v1/abstract,derived_from,1
intent-vs-fact/arxiv:2608.14109v1/summary,intent-vs-fact/arxiv:2608.14109v1/abstract,derived_from,1
intent-vs-fact/arxiv:2608.14390v1/summary,intent-vs-fact/arxiv:2608.14390v1/abstract,derived_from,1
intent-vs-fact/arxiv:2608.14825v3/summary,intent-vs-fact/arxiv:2608.14825v3/abstract,derived_from,1
intent-vs-fact/arxiv:2608.14913v1/summary,intent-vs-fact/arxiv:2608.14913v1/abstract,derived_from,1
intent-vs-fact/arxiv:2608.15012v1/summary,intent-vs-fact/arxiv:2608.15012v1/abstract,derived_from,1
intent-vs-fact/arxiv:2608.15127v1/summary,intent-vs-fact/arxiv:2608.15127v1/abstract,derived_from,1
intent-vs-fact/arxiv:2608.15147v2/summary,intent-vs-fact/arxiv:2608.15147v2/abstract,derived_from,1
intent-vs-fact/arxiv:2608.15181v1/summary,intent-vs-fact/arxiv:2608.15181v1/abstract,derived_from,1
intent-vs-fact/arxiv:2608.15372v1/summary,intent-vs-fact/arxiv:2608.15372v1/abstract,derived_from,1
intent-vs-fact/arxiv:2608.15400v1/summary,intent-vs-fact/arxiv:2608.15400v1/abstract,derived_from,1
intent-vs-fact/arxiv:2608.15424v2/summary,intent-vs-fact/arxiv:2608.15424v2/abstract,derived_from,1
intent-vs-fact/arxiv:2608.16281v1/summary,intent-vs-fact/arxiv:2608.16281v1/abstract,derived_from,1
intent-vs-fact/arxiv:2608.16326v1/summary,intent-vs-fact/arxiv:2608.16326v1/abstract,derived_from,1
intent-vs-fact/arxiv:2608.16344v4/summary,intent-vs-fact/arxiv:2608.16344v4/abstract,derived_from,1
intent-vs-fact/arxiv:2608.16347v1/summary,intent-vs-fact/arxiv:2608.16347v1/abstract,derived_from,1
intent-vs-fact/arxiv:2608.16353v2/summary,intent-vs-fact/arxiv:2608.16353v2/abstract,derived_from,1
intent-vs-fact/arxiv:2608.16357v1/summary,intent-vs-fact/arxiv:2608.16357v1/abstract,derived_from,1
intent-vs-fact/arxiv:2608.16379v2/summary,intent-vs-fact/arxiv:2608.16379v2/abstract,derived_from,1
intent-vs-fact/arxiv:2608.16386v2/summary,intent-vs-fact/arxiv:2608.16386v2/abstract,derived_from,1
intent-vs-fact/arxiv:2608.16390v2/summary,intent-vs-fact/arxiv:2608.16390v2/abstract,derived_from,1
intent-vs-fact/arxiv:2608.16417v1/summary,intent-vs-fact/arxiv:2608.16417v1/abstract,derived_from,1
intent-vs-fact/arxiv:2608.16467v1/summary,intent-vs-fact/arxiv:2608.16467v1/abstract,derived_from,1
intent-vs-fact/arxiv:2608.16514v1/summary,intent-vs-fact/arxiv:2608.16514v1/abstract,derived_from,1
intent-vs-fact/arxiv:2608.16515v1/summary,intent-vs-fact/arxiv:2608.16515v1/abstract,derived_from,1
intent-vs-fact/arxiv:2608.16536v1/summary,intent-vs-fact/arxiv:2608.16536v1/abstract,derived_from,1
intent-vs-fact/arxiv:2608.16539v1/summary,intent-vs-fact/arxiv:2608.16539v1/abstract,derived_from,1
intent-vs-fact/arxiv:2608.16544v1/summary,intent-vs-fact/arxiv:2608.16544v1/abstract,derived_from,1
intent-vs-fact/arxiv:2608.16553v1/summary,intent-vs-fact/arxiv:2608.16553v1/abstract,derived_from,1
intent-vs-fact/arxiv:2608.16554v2/summary,intent-vs-fact/arxiv:2608.16554v2/abstract,derived_from,1
intent-vs-fact/arxiv:2608.16557v1/summary,intent-vs-fact/arxiv:2608.16557v1/abstract,derived_from,1
intent-vs-fact/arxiv:2608.16577v1/summary,intent-vs-fact/arxiv:2608.16577v1/abstract,derived_from,1
intent-vs-fact/arxiv:2608.16578v2/summary,intent-vs-fact/arxiv:2608.16578v2/abstract,derived_from,1
intent-vs-fact/arxiv:2608.16601v1/summary,intent-vs-fact/arxiv:2608.16601v1/abstract,derived_from,1
intent-vs-fact/arxiv:2608.16620v3/summary,intent-vs-fact/arxiv:2608.16620v3/abstract,derived_from,1
intent-vs-fact/arxiv:2608.16627v1/summary,intent-vs-fact/arxiv:2608.16627v1/abstract,derived_from,1
intent-vs-fact/arxiv:2608.16643v1/summary,intent-vs-fact/arxiv:2608.16643v1/abstract,derived_from,1
intent-vs-fact/arxiv:2608.16645v3/summary,intent-vs-fact/arxiv:2608.16645v3/abstract,derived_from,1
intent-vs-fact/arxiv:2608.16647v2/summary,intent-vs-fact/arxiv:2608.16647v2/abstract,derived_from,1
intent-vs-fact/arxiv:2608.16650v1/summary,intent-vs-fact/arxiv:2608.16650v1/abstract,derived_from,1
intent-vs-fact/arxiv:2608.16671v1/summary,intent-vs-fact/arxiv:2608.16671v1/abstract,derived_from,1
intent-vs-fact/arxiv:2608.16686v1/summary,intent-vs-fact/arxiv:2608.16686v1/abstract,derived_from,1
intent-vs-fact/arxiv:2608.16707v1/summary,intent-vs-fact/arxiv:2608.16707v1/abstract,derived_from,1
intent-vs-fact/arxiv:2608.16709v1/summary,intent-vs-fact/arxiv:2608.16709v1/abstract,derived_from,1
intent-vs-fact/arxiv:2608.16725v2/summary,intent-vs-fact/arxiv:2608.16725v2/abstract,derived_from,1
intent-vs-fact/arxiv:2608.16733v1/summary,intent-vs-fact/arxiv:2608.16733v1/abstract,derived_from,1
intent-vs-fact/arxiv:2608.16742v1/summary,intent-vs-fact/arxiv:2608.16742v1/abstract,derived_from,1
intent-vs-fact/arxiv:2608.16747v1/summary,intent-vs-fact/arxiv:2608.16747v1/abstract,derived_from,1
intent-vs-fact/arxiv:2608.16763v1/summary,intent-vs-fact/arxiv:2608.16763v1/abstract,derived_from,1
intent-vs-fact/arxiv:2608.16765v1/summary,intent-vs-fact/arxiv:2608.16765v1/abstract,derived_from,1
intent-vs-fact/arxiv:2608.16775v1/summary,intent-vs-fact/arxiv:2608.16775v1/abstract,derived_from,1
intent-vs-fact/arxiv:2608.16776v2/summary,intent-vs-fact/arxiv:2608.16776v2/abstract,derived_from,1
intent-vs-fact/arxiv:2608.16791v1/summary,intent-vs-fact/arxiv:2608.16791v1/abstract,derived_from,1
intent-vs-fact/arxiv:2608.16794v2/summary,intent-vs-fact/arxiv:2608.16794v2/abstract,derived_from,1
intent-vs-fact/arxiv:2608.16795v1/summary,intent-vs-fact/arxiv:2608.16795v1/abstract,derived_from,1
intent-vs-fact/arxiv:2608.16797v1/summary,intent-vs-fact/arxiv:2608.16797v1/abstract,derived_from,1
intent-vs-fact/arxiv:2608.16798v1/summary,intent-vs-fact/arxiv:2608.16798v1/abstract,derived_from,1
intent-vs-fact/arxiv:2608.16801v1/summary,intent-vs-fact/arxiv:2608.16801v1/abstract,derived_from,1
intent-vs-fact/arxiv:2608.16804v1/summary,intent-vs-fact/arxiv:2608.16804v1/abstract,derived_from,1
intent-vs-fact/arxiv:2608.16805v1/summary,intent-vs-fact/arxiv:2608.16805v1/abstract,derived_from,1
intent-vs-fact/arxiv:2608.16806v3/summary,intent-vs-fact/arxiv:2608.16806v3/abstract,derived_from,1
intent-vs-fact/arxiv:2608.16829v2/summary,intent-vs-fact/arxiv:2608.16829v2/abstract,derived_from,1
intent-vs-fact/arxiv:2608.16831v1/summary,intent-vs-fact/arxiv:2608.16831v1/abstract,derived_from,1
intent-vs-fact/arxiv:2608.16834v1/summary,intent-vs-fact/arxiv:2608.16834v1/abstract,derived_from,1
intent-vs-fact/arxiv:2608.16837v1/summary,intent-vs-fact/arxiv:2608.16837v1/abstract,derived_from,1
intent-vs-fact/arxiv:2608.16844v1/summary,intent-vs-fact/arxiv:2608.16844v1/abstract,derived_from,1
intent-vs-fact/arxiv:2608.16852v1/summary,intent-vs-fact/arxiv:2608.16852v1/abstract,derived_from,1
intent-vs-fact/arxiv:2608.16868v1/summary,intent-vs-fact/arxiv:2608.16868v1/abstract,derived_from,1
intent-vs-fact/arxiv:2608.16876v1/summary,intent-vs-fact/arxiv:2608.16876v1/abstract,derived_from,1
intent-vs-fact/arxiv:2608.16884v1/summary,intent-vs-fact/arxiv:2608.16884v1/abstract,derived_from,1
intent-vs-fact/arxiv:2608.16889v1/summary,intent-vs-fact/arxiv:2608.16889v1/abstract,derived_from,1
intent-vs-fact/arxiv:2608.16951v1/summary,intent-vs-fact/arxiv:2608.16951v1/abstract,derived_from,1
intent-vs-fact/arxiv:2608.16955v1/summary,intent-vs-fact/arxiv:2608.16955v1/abstract,derived_from,1
intent-vs-fact/arxiv:2608.17053v1/summary,intent-vs-fact/arxiv:2608.17053v1/abstract,derived_from,1
intent-vs-fact/arxiv:2608.17071v2/summary,intent-vs-fact/arxiv:2608.17071v2/abstract,derived_from,1
intent-vs-fact/arxiv:2608.17433v1/summary,intent-vs-fact/arxiv:2608.17433v1/abstract,derived_from,1
intent-vs-fact/arxiv:2608.17583v1/summary,intent-vs-fact/arxiv:2608.17583v1/abstract,derived_from,1
intent-vs-fact/arxiv:2608.17587v1/summary,intent-vs-fact/arxiv:2608.17587v1/abstract,derived_from,1
intent-vs-fact/arxiv:2608.17592v1/summary,intent-vs-fact/arxiv:2608.17592v1/abstract,derived_from,1
intent-vs-fact/arxiv:2608.17605v2/summary,intent-vs-fact/arxiv:2608.17605v2/abstract,derived_from,1
intent-vs-fact/arxiv:2608.17614v1/summary,intent-vs-fact/arxiv:2608.17614v1/abstract,derived_from,1
intent-vs-fact/arxiv:2608.17616v1/summary,intent-vs-fact/arxiv:2608.17616v1/abstract,derived_from,1
intent-vs-fact/arxiv:2608.17644v1/summary,intent-vs-fact/arxiv:2608.17644v1/abstract,derived_from,1
intent-vs-fact/arxiv:2608.17719v1/summary,intent-vs-fact/arxiv:2608.17719v1/abstract,derived_from,1
intent-vs-fact/arxiv:2608.17733v1/summary,intent-vs-fact/arxiv:2608.17733v1/abstract,derived_from,1
intent-vs-fact/arxiv:2608.17739v1/summary,intent-vs-fact/arxiv:2608.17739v1/abstract,derived_from,1
intent-vs-fact/arxiv:2608.17744v1/summary,intent-vs-fact/arxiv:2608.17744v1/abstract,derived_from,1
intent-vs-fact/arxiv:2608.17781v1/summary,intent-vs-fact/arxiv:2608.17781v1/abstract,derived_from,1
intent-vs-fact/arxiv:2608.17795v2/summary,intent-vs-fact/arxiv:2608.17795v2/abstract,derived_from,1
intent-vs-fact/arxiv:2608.17804v1/summary,intent-vs-fact/arxiv:2608.17804v1/abstract,derived_from,1
intent-vs-fact/arxiv:2608.17809v2/summary,intent-vs-fact/arxiv:2608.17809v2/abstract,derived_from,1
intent-vs-fact/arxiv:2608.17810v1/summary,intent-vs-fact/arxiv:2608.17810v1/abstract,derived_from,1
intent-vs-fact/arxiv:2608.17827v1/summary,intent-vs-fact/arxiv:2608.17827v1/abstract,derived_from,1
intent-vs-fact/arxiv:2608.17834v1/summary,intent-vs-fact/arxiv:2608.17834v1/abstract,derived_from,1
intent-vs-fact/arxiv:2608.17843v1/summary,intent-vs-fact/arxiv:2608.17843v1/abstract,derived_from,1
intent-vs-fact/arxiv:2608.17856v1/summary,intent-vs-fact/arxiv:2608.17856v1/abstract,derived_from,1
intent-vs-fact/arxiv:2608.17866v1/summary,intent-vs-fact/arxiv:2608.17866v1/abstract,derived_from,1
intent-vs-fact/arxiv:2608.17895v1/summary,intent-vs-fact/arxiv:2608.17895v1/abstract,derived_from,1
intent-vs-fact/arxiv:2608.17906v4/summary,intent-vs-fact/arxiv:2608.17906v4/abstract,derived_from,1
intent-vs-fact/arxiv:2608.17911v1/summary,intent-vs-fact/arxiv:2608.17911v1/abstract,derived_from,1
intent-vs-fact/arxiv:2608.17917v1/summary,intent-vs-fact/arxiv:2608.17917v1/abstract,derived_from,1
intent-vs-fact/arxiv:2608.17919v2/summary,intent-vs-fact/arxiv:2608.17919v2/abstract,derived_from,1
intent-vs-fact/arxiv:2608.17928v1/summary,intent-vs-fact/arxiv:2608.17928v1/abstract,derived_from,1
intent-vs-fact/arxiv:2608.17929v1/summary,intent-vs-fact/arxiv:2608.17929v1/abstract,derived_from,1
intent-vs-fact/arxiv:2608.17931v1/summary,intent-vs-fact/arxiv:2608.17931v1/abstract,derived_from,1
intent-vs-fact/arxiv:2608.17932v1/summary,intent-vs-fact/arxiv:2608.17932v1/abstract,derived_from,1
intent-vs-fact/arxiv:2608.17933v1/summary,intent-vs-fact/arxiv:2608.17933v1/abstract,derived_from,1
intent-vs-fact/arxiv:2608.17938v1/summary,intent-vs-fact/arxiv:2608.17938v1/abstract,derived_from,1
intent-vs-fact/arxiv:2608.17941v1/summary,intent-vs-fact/arxiv:2608.17941v1/abstract,derived_from,1
intent-vs-fact/arxiv:2608.17947v1/summary,intent-vs-fact/arxiv:2608.17947v1/abstract,derived_from,1
intent-vs-fact/arxiv:2608.17948v1/summary,intent-vs-fact/arxiv:2608.17948v1/abstract,derived_from,1
intent-vs-fact/arxiv:2608.17950v2/summary,intent-vs-fact/arxiv:2608.17950v2/abstract,derived_from,1
intent-vs-fact/arxiv:2608.17956v1/summary,intent-vs-fact/arxiv:2608.17956v1/abstract,derived_from,1
intent-vs-fact/arxiv:2608.17959v2/summary,intent-vs-fact/arxiv:2608.17959v2/abstract,derived_from,1
intent-vs-fact/arxiv:2608.17965v4/summary,intent-vs-fact/arxiv:2608.17965v4/abstract,derived_from,1
intent-vs-fact/arxiv:2608.17979v1/summary,intent-vs-fact/arxiv:2608.17979v1/abstract,derived_from,1
intent-vs-fact/arxiv:2608.17983v1/summary,intent-vs-fact/arxiv:2608.17983v1/abstract,derived_from,1
intent-vs-fact/arxiv:2608.17987v1/summary,intent-vs-fact/arxiv:2608.17987v1/abstract,derived_from,1
intent-vs-fact/arxiv:2608.17994v1/summary,intent-vs-fact/arxiv:2608.17994v1/abstract,derived_from,1
intent-vs-fact/arxiv:2608.17997v1/summary,intent-vs-fact/arxiv:2608.17997v1/abstract,derived_from,1
intent-vs-fact/arxiv:2608.18008v1/summary,intent-vs-fact/arxiv:2608.18008v1/abstract,derived_from,1
intent-vs-fact/arxiv:2608.18011v1/summary,intent-vs-fact/arxiv:2608.18011v1/abstract,derived_from,1
intent-vs-fact/arxiv:2608.18017v1/summary,intent-vs-fact/arxiv:2608.18017v1/abstract,derived_from,1
intent-vs-fact/arxiv:2608.18025v2/summary,intent-vs-fact/arxiv:2608.18025v2/abstract,derived_from,1
intent-vs-fact/arxiv:2608.18027v1/summary,intent-vs-fact/arxiv:2608.18027v1/abstract,derived_from,1
intent-vs-fact/arxiv:2608.18036v1/summary,intent-vs-fact/arxiv:2608.18036v1/abstract,derived_from,1
intent-vs-fact/arxiv:2608.18041v2/summary,intent-vs-fact/arxiv:2608.18041v2/abstract,derived_from,1
intent-vs-fact/arxiv:2608.18050v1/summary,intent-vs-fact/arxiv:2608.18050v1/abstract,derived_from,1
intent-vs-fact/arxiv:2608.18056v1/summary,intent-vs-fact/arxiv:2608.18056v1/abstract,derived_from,1
intent-vs-fact/arxiv:2608.18058v1/summary,intent-vs-fact/arxiv:2608.18058v1/abstract,derived_from,1
intent-vs-fact/arxiv:2608.18062v3/summary,intent-vs-fact/arxiv:2608.18062v3/abstract,derived_from,1
intent-vs-fact/arxiv:2608.18066v2/summary,intent-vs-fact/arxiv:2608.18066v2/abstract,derived_from,1
intent-vs-fact/arxiv:2608.18072v1/summary,intent-vs-fact/arxiv:2608.18072v1/abstract,derived_from,1
intent-vs-fact/arxiv:2608.18076v2/summary,intent-vs-fact/arxiv:2608.18076v2/abstract,derived_from,1
intent-vs-fact/arxiv:2608.18177v1/summary,intent-vs-fact/arxiv:2608.18177v1/abstract,derived_from,1
intent-vs-fact/arxiv:2608.18232v1/summary,intent-vs-fact/arxiv:2608.18232v1/abstract,derived_from,1
intent-vs-fact/arxiv:2608.18353v1/summary,intent-vs-fact/arxiv:2608.18353v1/abstract,derived_from,1
intent-vs-fact/arxiv:2608.18473v1/summary,intent-vs-fact/arxiv:2608.18473v1/abstract,derived_from,1
intent-vs-fact/arxiv:2608.18490v1/summary,intent-vs-fact/arxiv:2608.18490v1/abstract,derived_from,1
intent-vs-fact/arxiv:2608.18524v1/summary,intent-vs-fact/arxiv:2608.18524v1/abstract,derived_from,1
intent-vs-fact/arxiv:2608.18554v1/summary,intent-vs-fact/arxiv:2608.18554v1/abstract,derived_from,1
intent-vs-fact/arxiv:2608.18752v3/summary,intent-vs-fact/arxiv:2608.18752v3/abstract,derived_from,1
intent-vs-fact/arxiv:2608.18765v1/summary,intent-vs-fact/arxiv:2608.18765v1/abstract,derived_from,1
intent-vs-fact/arxiv:2608.18767v1/summary,intent-vs-fact/arxiv:2608.18767v1/abstract,derived_from,1
intent-vs-fact/arxiv:2608.18768v2/summary,intent-vs-fact/arxiv:2608.18768v2/abstract,derived_from,1
intent-vs-fact/arxiv:2608.18795v2/summary,intent-vs-fact/arxiv:2608.18795v2/abstract,derived_from,1
intent-vs-fact/arxiv:2608.18816v1/summary,intent-vs-fact/arxiv:2608.18816v1/abstract,derived_from,1
intent-vs-fact/arxiv:2608.18821v1/summary,intent-vs-fact/arxiv:2608.18821v1/abstract,derived_from,1
intent-vs-fact/arxiv:2608.18825v1/summary,intent-vs-fact/arxiv:2608.18825v1/abstract,derived_from,1
intent-vs-fact/arxiv:2608.18827v1/summary,intent-vs-fact/arxiv:2608.18827v1/abstract,derived_from,1
intent-vs-fact/arxiv:2608.18878v1/summary,intent-vs-fact/arxiv:2608.18878v1/abstract,derived_from,1
intent-vs-fact/arxiv:2608.18888v1/summary,intent-vs-fact/arxiv:2608.18888v1/abstract,derived_from,1
intent-vs-fact/arxiv:2608.18921v1/summary,intent-vs-fact/arxiv:2608.18921v1/abstract,derived_from,1
intent-vs-fact/arxiv:2608.18931v1/summary,intent-vs-fact/arxiv:2608.18931v1/abstract,derived_from,1
intent-vs-fact/arxiv:2608.18937v1/summary,intent-vs-fact/arxiv:2608.18937v1/abstract,derived_from,1
intent-vs-fact/arxiv:2608.18940v1/summary,intent-vs-fact/arxiv:2608.18940v1/abstract,derived_from,1
intent-vs-fact/arxiv:2608.18952v1/summary,intent-vs-fact/arxiv:2608.18952v1/abstract,derived_from,1
intent-vs-fact/arxiv:2608.18972v1/summary,intent-vs-fact/arxiv:2608.18972v1/abstract,derived_from,1
intent-vs-fact/arxiv:2608.18988v2/summary,intent-vs-fact/arxiv:2608.18988v2/abstract,derived_from,1
intent-vs-fact/arxiv:2608.18996v1/summary,intent-vs-fact/arxiv:2608.18996v1/abstract,derived_from,1
intent-vs-fact/arxiv:2608.19002v1/summary,intent-vs-fact/arxiv:2608.19002v1/abstract,derived_from,1
intent-vs-fact/arxiv:2608.19003v1/summary,intent-vs-fact/arxiv:2608.19003v1/abstract,derived_from,1
intent-vs-fact/arxiv:2608.19006v1/summary,intent-vs-fact/arxiv:2608.19006v1/abstract,derived_from,1
intent-vs-fact/arxiv:2608.19009v2/summary,intent-vs-fact/arxiv:2608.19009v2/abstract,derived_from,1
intent-vs-fact/arxiv:2608.19011v1/summary,intent-vs-fact/arxiv:2608.19011v1/abstract,derived_from,1
intent-vs-fact/arxiv:2608.19013v1/summary,intent-vs-fact/arxiv:2608.19013v1/abstract,derived_from,1
intent-vs-fact/arxiv:2608.19014v1/summary,intent-vs-fact/arxiv:2608.19014v1/abstract,derived_from,1
intent-vs-fact/arxiv:2608.19025v1/summary,intent-vs-fact/arxiv:2608.19025v1/abstract,derived_from,1
intent-vs-fact/arxiv:2608.19026v1/summary,intent-vs-fact/arxiv:2608.19026v1/abstract,derived_from,1
intent-vs-fact/arxiv:2608.19029v1/summary,intent-vs-fact/arxiv:2608.19029v1/abstract,derived_from,1
intent-vs-fact/arxiv:2608.19032v2/summary,intent-vs-fact/arxiv:2608.19032v2/abstract,derived_from,1
intent-vs-fact/arxiv:2608.19043v1/summary,intent-vs-fact/arxiv:2608.19043v1/abstract,derived_from,1
intent-vs-fact/arxiv:2608.19047v1/summary,intent-vs-fact/arxiv:2608.19047v1/abstract,derived_from,1
intent-vs-fact/arxiv:2608.19066v1/summary,intent-vs-fact/arxiv:2608.19066v1/abstract,derived_from,1
intent-vs-fact/arxiv:2608.19072v1/summary,intent-vs-fact/arxiv:2608.19072v1/abstract,derived_from,1
intent-vs-fact/arxiv:2608.19073v1/summary,intent-vs-fact/arxiv:2608.19073v1/abstract,derived_from,1
intent-vs-fact/arxiv:2608.19075v1/summary,intent-vs-fact/arxiv:2608.19075v1/abstract,derived_from,1
intent-vs-fact/arxiv:2608.19083v1/summary,intent-vs-fact/arxiv:2608.19083v1/abstract,derived_from,1
intent-vs-fact/arxiv:2608.19085v2/summary,intent-vs-fact/arxiv:2608.19085v2/abstract,derived_from,1
intent-vs-fact/arxiv:2608.19088v1/summary,intent-vs-fact/arxiv:2608.19088v1/abstract,derived_from,1
intent-vs-fact/arxiv:2608.19098v1/summary,intent-vs-fact/arxiv:2608.19098v1/abstract,derived_from,1
intent-vs-fact/arxiv:2608.19119v1/summary,intent-vs-fact/arxiv:2608.19119v1/abstract,derived_from,1
intent-vs-fact/arxiv:2608.19121v1/summary,intent-vs-fact/arxiv:2608.19121v1/abstract,derived_from,1
intent-vs-fact/arxiv:2608.19125v1/summary,intent-vs-fact/arxiv:2608.19125v1/abstract,derived_from,1
intent-vs-fact/arxiv:2608.19127v1/summary,intent-vs-fact/arxiv:2608.19127v1/abstract,derived_from,1
intent-vs-fact/arxiv:2608.19133v1/summary,intent-vs-fact/arxiv:2608.19133v1/abstract,derived_from,1
intent-vs-fact/arxiv:2608.19135v1/summary,intent-vs-fact/arxiv:2608.19135v1/abstract,derived_from,1
intent-vs-fact/arxiv:2608.19140v1/summary,intent-vs-fact/arxiv:2608.19140v1/abstract,derived_from,1
intent-vs-fact/arxiv:2608.19147v1/summary,intent-vs-fact/arxiv:2608.19147v1/abstract,derived_from,1
intent-vs-fact/arxiv:2608.19161v1/summary,intent-vs-fact/arxiv:2608.19161v1/abstract,derived_from,1
intent-vs-fact/arxiv:2608.19163v2/summary,intent-vs-fact/arxiv:2608.19163v2/abstract,derived_from,1
intent-vs-fact/arxiv:2608.19165v1/summary,intent-vs-fact/arxiv:2608.19165v1/abstract,derived_from,1
intent-vs-fact/arxiv:2608.19174v1/summary,intent-vs-fact/arxiv:2608.19174v1/abstract,derived_from,1
intent-vs-fact/arxiv:2608.19181v1/summary,intent-vs-fact/arxiv:2608.19181v1/abstract,derived_from,1
intent-vs-fact/arxiv:2608.19182v1/summary,intent-vs-fact/arxiv:2608.19182v1/abstract,derived_from,1
intent-vs-fact/arxiv:2608.19197v3/summary,intent-vs-fact/arxiv:2608.19197v3/abstract,derived_from,1
intent-vs-fact/arxiv:2608.19263v1/summary,intent-vs-fact/arxiv:2608.19263v1/abstract,derived_from,1
intent-vs-fact/arxiv:2608.19557v1/summary,intent-vs-fact/arxiv:2608.19557v1/abstract,derived_from,1
intent-vs-fact/arxiv:2608.19699v1/summary,intent-vs-fact/arxiv:2608.19699v1/abstract,derived_from,1
intent-vs-fact/arxiv:2608.19778v1/summary,intent-vs-fact/arxiv:2608.19778v1/abstract,derived_from,1
intent-vs-fact/arxiv:2608.19825v1/summary,intent-vs-fact/arxiv:2608.19825v1/abstract,derived_from,1
intent-vs-fact/arxiv:2608.19861v1/summary,intent-vs-fact/arxiv:2608.19861v1/abstract,derived_from,1
intent-vs-fact/arxiv:2608.19875v1/summary,intent-vs-fact/arxiv:2608.19875v1/abstract,derived_from,1
intent-vs-fact/arxiv:2608.19880v1/summary,intent-vs-fact/arxiv:2608.19880v1/abstract,derived_from,1
intent-vs-fact/arxiv:2608.19893v1/summary,intent-vs-fact/arxiv:2608.19893v1/abstract,derived_from,1
intent-vs-fact/arxiv:2608.19920v1/summary,intent-vs-fact/arxiv:2608.19920v1/abstract,derived_from,1
intent-vs-fact/arxiv:2608.19942v1/summary,intent-vs-fact/arxiv:2608.19942v1/abstract,derived_from,1
intent-vs-fact/arxiv:2608.19957v1/summary,intent-vs-fact/arxiv:2608.19957v1/abstract,derived_from,1
intent-vs-fact/arxiv:2608.19971v1/summary,intent-vs-fact/arxiv:2608.19971v1/abstract,derived_from,1
intent-vs-fact/arxiv:2608.19981v1/summary,intent-vs-fact/arxiv:2608.19981v1/abstract,derived_from,1
intent-vs-fact/arxiv:2608.20047v1/summary,intent-vs-fact/arxiv:2608.20047v1/abstract,derived_from,1
intent-vs-fact/arxiv:2608.20054v3/summary,intent-vs-fact/arxiv:2608.20054v3/abstract,derived_from,1
intent-vs-fact/arxiv:2608.20061v1/summary,intent-vs-fact/arxiv:2608.20061v1/abstract,derived_from,1
intent-vs-fact/arxiv:2608.20083v1/summary,intent-vs-fact/arxiv:2608.20083v1/abstract,derived_from,1
intent-vs-fact/arxiv:2608.20084v1/summary,intent-vs-fact/arxiv:2608.20084v1/abstract,derived_from,1
intent-vs-fact/arxiv:2608.20087v1/summary,intent-vs-fact/arxiv:2608.20087v1/abstract,derived_from,1
intent-vs-fact/arxiv:2608.20099v1/summary,intent-vs-fact/arxiv:2608.20099v1/abstract,derived_from,1
intent-vs-fact/arxiv:2608.20104v1/summary,intent-vs-fact/arxiv:2608.20104v1/abstract,derived_from,1
intent-vs-fact/arxiv:2608.20106v1/summary,intent-vs-fact/arxiv:2608.20106v1/abstract,derived_from,1
intent-vs-fact/arxiv:2608.20114v2/summary,intent-vs-fact/arxiv:2608.20114v2/abstract,derived_from,1
intent-vs-fact/arxiv:2608.20116v1/summary,intent-vs-fact/arxiv:2608.20116v1/abstract,derived_from,1
intent-vs-fact/arxiv:2608.20129v2/summary,intent-vs-fact/arxiv:2608.20129v2/abstract,derived_from,1
intent-vs-fact/arxiv:2608.20153v3/summary,intent-vs-fact/arxiv:2608.20153v3/abstract,derived_from,1
intent-vs-fact/arxiv:2608.20161v1/summary,intent-vs-fact/arxiv:2608.20161v1/abstract,derived_from,1
intent-vs-fact/arxiv:2608.20169v2/summary,intent-vs-fact/arxiv:2608.20169v2/abstract,derived_from,1
intent-vs-fact/arxiv:2608.20181v1/summary,intent-vs-fact/arxiv:2608.20181v1/abstract,derived_from,1
intent-vs-fact/arxiv:2608.20187v1/summary,intent-vs-fact/arxiv:2608.20187v1/abstract,derived_from,1
intent-vs-fact/arxiv:2608.20195v1/summary,intent-vs-fact/arxiv:2608.20195v1/abstract,derived_from,1
intent-vs-fact/arxiv:2608.20201v1/summary,intent-vs-fact/arxiv:2608.20201v1/abstract,derived_from,1
intent-vs-fact/arxiv:2608.20202v1/summary,intent-vs-fact/arxiv:2608.20202v1/abstract,derived_from,1
intent-vs-fact/arxiv:2608.20204v1/summary,intent-vs-fact/arxiv:2608.20204v1/abstract,derived_from,1
intent-vs-fact/arxiv:2608.20210v1/summary,intent-vs-fact/arxiv:2608.20210v1/abstract,derived_from,1
intent-vs-fact/arxiv:2608.20218v2/summary,intent-vs-fact/arxiv:2608.20218v2/abstract,derived_from,1
intent-vs-fact/arxiv:2608.20220v1/summary,intent-vs-fact/arxiv:2608.20220v1/abstract,derived_from,1
intent-vs-fact/arxiv:2608.20229v1/summary,intent-vs-fact/arxiv:2608.20229v1/abstract,derived_from,1
intent-vs-fact/arxiv:2608.20231v1/summary,intent-vs-fact/arxiv:2608.20231v1/abstract,derived_from,1
intent-vs-fact/arxiv:2608.20237v1/summary,intent-vs-fact/arxiv:2608.20237v1/abstract,derived_from,1
intent-vs-fact/arxiv:2608.20240v1/summary,intent-vs-fact/arxiv:2608.20240v1/abstract,derived_from,1
intent-vs-fact/arxiv:2608.20256v2/summary,intent-vs-fact/arxiv:2608.20256v2/abstract,derived_from,1
intent-vs-fact/arxiv:2608.20271v1/summary,intent-vs-fact/arxiv:2608.20271v1/abstract,derived_from,1
intent-vs-fact/arxiv:2608.20274v1/summary,intent-vs-fact/arxiv:2608.20274v1/abstract,derived_from,1
intent-vs-fact/arxiv:2608.20281v1/summary,intent-vs-fact/arxiv:2608.20281v1/abstract,derived_from,1
intent-vs-fact/arxiv:2608.20290v1/summary,intent-vs-fact/arxiv:2608.20290v1/abstract,derived_from,1
intent-vs-fact/arxiv:2608.20314v1/summary,intent-vs-fact/arxiv:2608.20314v1/abstract,derived_from,1
intent-vs-fact/arxiv:2608.20316v2/summary,intent-vs-fact/arxiv:2608.20316v2/abstract,derived_from,1
intent-vs-fact/arxiv:2608.20318v1/summary,intent-vs-fact/arxiv:2608.20318v1/abstract,derived_from,1
intent-vs-fact/arxiv:2608.20319v1/summary,intent-vs-fact/arxiv:2608.20319v1/abstract,derived_from,1
intent-vs-fact/arxiv:2608.20320v1/summary,intent-vs-fact/arxiv:2608.20320v1/abstract,derived_from,1
intent-vs-fact/arxiv:2608.20331v1/summary,intent-vs-fact/arxiv:2608.20331v1/abstract,derived_from,1
intent-vs-fact/arxiv:2608.20338v1/summary,intent-vs-fact/arxiv:2608.20338v1/abstract,derived_from,1
intent-vs-fact/arxiv:2608.20438v1/summary,intent-vs-fact/arxiv:2608.20438v1/abstract,derived_from,1
intent-vs-fact/arxiv:2608.20494v1/summary,intent-vs-fact/arxiv:2608.20494v1/abstract,derived_from,1
intent-vs-fact/arxiv:2608.20856v1/summary,intent-vs-fact/arxiv:2608.20856v1/abstract,derived_from,1
intent-vs-fact/arxiv:2608.20868v1/summary,intent-vs-fact/arxiv:2608.20868v1/abstract,derived_from,1
intent-vs-fact/arxiv:2608.20887v2/summary,intent-vs-fact/arxiv:2608.20887v2/abstract,derived_from,1
intent-vs-fact/arxiv:2608.20906v1/summary,intent-vs-fact/arxiv:2608.20906v1/abstract,derived_from,1
intent-vs-fact/arxiv:2608.20920v2/summary,intent-vs-fact/arxiv:2608.20920v2/abstract,derived_from,1
intent-vs-fact/arxiv:2608.20925v1/summary,intent-vs-fact/arxiv:2608.20925v1/abstract,derived_from,1
intent-vs-fact/arxiv:2608.20927v1/summary,intent-vs-fact/arxiv:2608.20927v1/abstract,derived_from,1
intent-vs-fact/arxiv:2608.20940v1/summary,intent-vs-fact/arxiv:2608.20940v1/abstract,derived_from,1
intent-vs-fact/arxiv:2608.20953v1/summary,intent-vs-fact/arxiv:2608.20953v1/abstract,derived_from,1
intent-vs-fact/arxiv:2608.20961v1/summary,intent-vs-fact/arxiv:2608.20961v1/abstract,derived_from,1
intent-vs-fact/arxiv:2608.20964v1/summary,intent-vs-fact/arxiv:2608.20964v1/abstract,derived_from,1
intent-vs-fact/arxiv:2608.20984v1/summary,intent-vs-fact/arxiv:2608.20984v1/abstract,derived_from,1
intent-vs-fact/arxiv:2608.21019v1/summary,intent-vs-fact/arxiv:2608.21019v1/abstract,derived_from,1
intent-vs-fact/arxiv:2608.21021v1/summary,intent-vs-fact/arxiv:2608.21021v1/abstract,derived_from,1
intent-vs-fact/arxiv:2608.21023v1/summary,intent-vs-fact/arxiv:2608.21023v1/abstract,derived_from,1
intent-vs-fact/arxiv:2608.21030v1/summary,intent-vs-fact/arxiv:2608.21030v1/abstract,derived_from,1
intent-vs-fact/arxiv:2608.21043v1/summary,intent-vs-fact/arxiv:2608.21043v1/abstract,derived_from,1
intent-vs-fact/arxiv:2608.21074v1/summary,intent-vs-fact/arxiv:2608.21074v1/abstract,derived_from,1
intent-vs-fact/arxiv:2608.21087v1/summary,intent-vs-fact/arxiv:2608.21087v1/abstract,derived_from,1
intent-vs-fact/arxiv:2608.21088v1/summary,intent-vs-fact/arxiv:2608.21088v1/abstract,derived_from,1
intent-vs-fact/arxiv:2608.21095v1/summary,intent-vs-fact/arxiv:2608.21095v1/abstract,derived_from,1
intent-vs-fact/arxiv:2608.21156v2/summary,intent-vs-fact/arxiv:2608.21156v2/abstract,derived_from,1
intent-vs-fact/arxiv:2608.21157v1/summary,intent-vs-fact/arxiv:2608.21157v1/abstract,derived_from,1
intent-vs-fact/arxiv:2608.21159v1/summary,intent-vs-fact/arxiv:2608.21159v1/abstract,derived_from,1
intent-vs-fact/arxiv:2608.21170v2/summary,intent-vs-fact/arxiv:2608.21170v2/abstract,derived_from,1
intent-vs-fact/arxiv:2608.21174v1/summary,intent-vs-fact/arxiv:2608.21174v1/abstract,derived_from,1
intent-vs-fact/arxiv:2608.21175v1/summary,intent-vs-fact/arxiv:2608.21175v1/abstract,derived_from,1
intent-vs-fact/arxiv:2608.21176v1/summary,intent-vs-fact/arxiv:2608.21176v1/abstract,derived_from,1
intent-vs-fact/arxiv:2608.21187v2/summary,intent-vs-fact/arxiv:2608.21187v2/abstract,derived_from,1
intent-vs-fact/arxiv:2608.21189v1/summary,intent-vs-fact/arxiv:2608.21189v1/abstract,derived_from,1
intent-vs-fact/arxiv:2608.21203v1/summary,intent-vs-fact/arxiv:2608.21203v1/abstract,derived_from,1
intent-vs-fact/arxiv:2608.21206v1/summary,intent-vs-fact/arxiv:2608.21206v1/abstract,derived_from,1
intent-vs-fact/arxiv:2608.21207v1/summary,intent-vs-fact/arxiv:2608.21207v1/abstract,derived_from,1
intent-vs-fact/arxiv:2608.21208v1/summary,intent-vs-fact/arxiv:2608.21208v1/abstract,derived_from,1
intent-vs-fact/arxiv:2608.21209v1/summary,intent-vs-fact/arxiv:2608.21209v1/abstract,derived_from,1
intent-vs-fact/arxiv:2608.21218v1/summary,intent-vs-fact/arxiv:2608.21218v1/abstract,derived_from,1
intent-vs-fact/arxiv:2608.21224v1/summary,intent-vs-fact/arxiv:2608.21224v1/abstract,derived_from,1
intent-vs-fact/arxiv:2608.21230v1/summary,intent-vs-fact/arxiv:2608.21230v1/abstract,derived_from,1
intent-vs-fact/arxiv:2608.21233v1/summary,intent-vs-fact/arxiv:2608.21233v1/abstract,derived_from,1
intent-vs-fact/arxiv:2608.21236v1/summary,intent-vs-fact/arxiv:2608.21236v1/abstract,derived_from,1
intent-vs-fact/arxiv:2608.21242v1/summary,intent-vs-fact/arxiv:2608.21242v1/abstract,derived_from,1
intent-vs-fact/arxiv:2608.21243v1/summary,intent-vs-fact/arxiv:2608.21243v1/abstract,derived_from,1
intent-vs-fact/arxiv:2608.21249v1/summary,intent-vs-fact/arxiv:2608.21249v1/abstract,derived_from,1
intent-vs-fact/arxiv:2608.21252v1/summary,intent-vs-fact/arxiv:2608.21252v1/abstract,derived_from,1
intent-vs-fact/arxiv:2608.21265v2/summary,intent-vs-fact/arxiv:2608.21265v2/abstract,derived_from,1
intent-vs-fact/arxiv:2608.21278v1/summary,intent-vs-fact/arxiv:2608.21278v1/abstract,derived_from,1
intent-vs-fact/arxiv:2608.21292v1/summary,intent-vs-fact/arxiv:2608.21292v1/abstract,derived_from,1
intent-vs-fact/arxiv:2608.21296v2/summary,intent-vs-fact/arxiv:2608.21296v2/abstract,derived_from,1
intent-vs-fact/arxiv:2608.21305v1/summary,intent-vs-fact/arxiv:2608.21305v1/abstract,derived_from,1
intent-vs-fact/arxiv:2608.21315v1/summary,intent-vs-fact/arxiv:2608.21315v1/abstract,derived_from,1
intent-vs-fact/arxiv:2608.21317v1/summary,intent-vs-fact/arxiv:2608.21317v1/abstract,derived_from,1
intent-vs-fact/arxiv:2608.21319v1/summary,intent-vs-fact/arxiv:2608.21319v1/abstract,derived_from,1
intent-vs-fact/arxiv:2608.21325v1/summary,intent-vs-fact/arxiv:2608.21325v1/abstract,derived_from,1
intent-vs-fact/arxiv:2608.21332v1/summary,intent-vs-fact/arxiv:2608.21332v1/abstract,derived_from,1
intent-vs-fact/arxiv:2608.21343v1/summary,intent-vs-fact/arxiv:2608.21343v1/abstract,derived_from,1
intent-vs-fact/arxiv:2608.21356v2/summary,intent-vs-fact/arxiv:2608.21356v2/abstract,derived_from,1
intent-vs-fact/arxiv:2608.21357v2/summary,intent-vs-fact/arxiv:2608.21357v2/abstract,derived_from,1
intent-vs-fact/arxiv:2608.21359v1/summary,intent-vs-fact/arxiv:2608.21359v1/abstract,derived_from,1
intent-vs-fact/arxiv:2608.21554v1/summary,intent-vs-fact/arxiv:2608.21554v1/abstract,derived_from,1
intent-vs-fact/arxiv:2608.21712v2/summary,intent-vs-fact/arxiv:2608.21712v2/abstract,derived_from,1
intent-vs-fact/arxiv:2608.21790v1/summary,intent-vs-fact/arxiv:2608.21790v1/abstract,derived_from,1
intent-vs-fact/arxiv:2608.21918v1/summary,intent-vs-fact/arxiv:2608.21918v1/abstract,derived_from,1
intent-vs-fact/arxiv:2608.21942v1/summary,intent-vs-fact/arxiv:2608.21942v1/abstract,derived_from,1
intent-vs-fact/arxiv:2608.22077v1/summary,intent-vs-fact/arxiv:2608.22077v1/abstract,derived_from,1
intent-vs-fact/arxiv:2608.22104v1/summary,intent-vs-fact/arxiv:2608.22104v1/abstract,derived_from,1
intent-vs-fact/arxiv:2608.22130v3/summary,intent-vs-fact/arxiv:2608.22130v3/abstract,derived_from,1
intent-vs-fact/arxiv:2608.22400v2/summary,intent-vs-fact/arxiv:2608.22400v2/abstract,derived_from,1
intent-vs-fact/arxiv:2608.22657v1/summary,intent-vs-fact/arxiv:2608.22657v1/abstract,derived_from,1
intent-vs-fact/arxiv:2608.22808v4/summary,intent-vs-fact/arxiv:2608.22808v4/abstract,derived_from,1
intent-vs-fact/arxiv:2608.22833v1/summary,intent-vs-fact/arxiv:2608.22833v1/abstract,derived_from,1
intent-vs-fact/arxiv:2608.22884v1/summary,intent-vs-fact/arxiv:2608.22884v1/abstract,derived_from,1
intent-vs-fact/arxiv:2608.23041v1/summary,intent-vs-fact/arxiv:2608.23041v1/abstract,derived_from,1
intent-vs-fact/arxiv:2608.23244v1/summary,intent-vs-fact/arxiv:2608.23244v1/abstract,derived_from,1
intent-vs-fact/arxiv:2608.23248v1/summary,intent-vs-fact/arxiv:2608.23248v1/abstract,derived_from,1
intent-vs-fact/arxiv:2608.23252v1/summary,intent-vs-fact/arxiv:2608.23252v1/abstract,derived_from,1
intent-vs-fact/arxiv:2608.23261v1/summary,intent-vs-fact/arxiv:2608.23261v1/abstract,derived_from,1
intent-vs-fact/arxiv:2608.23263v1/summary,intent-vs-fact/arxiv:2608.23263v1/abstract,derived_from,1
intent-vs-fact/arxiv:2608.23264v1/summary,intent-vs-fact/arxiv:2608.23264v1/abstract,derived_from,1
intent-vs-fact/arxiv:2608.23265v1/summary,intent-vs-fact/arxiv:2608.23265v1/abstract,derived_from,1
intent-vs-fact/arxiv:2608.23271v2/summary,intent-vs-fact/arxiv:2608.23271v2/abstract,derived_from,1
intent-vs-fact/arxiv:2608.23283v2/summary,intent-vs-fact/arxiv:2608.23283v2/abstract,derived_from,1
intent-vs-fact/arxiv:2608.23284v1/summary,intent-vs-fact/arxiv:2608.23284v1/abstract,derived_from,1
intent-vs-fact/arxiv:2608.23311v2/summary,intent-vs-fact/arxiv:2608.23311v2/abstract,derived_from,1
intent-vs-fact/arxiv:2608.23318v1/summary,intent-vs-fact/arxiv:2608.23318v1/abstract,derived_from,1
intent-vs-fact/arxiv:2608.23327v1/summary,intent-vs-fact/arxiv:2608.23327v1/abstract,derived_from,1
intent-vs-fact/arxiv:2608.23338v1/summary,intent-vs-fact/arxiv:2608.23338v1/abstract,derived_from,1
intent-vs-fact/arxiv:2608.23353v1/summary,intent-vs-fact/arxiv:2608.23353v1/abstract,derived_from,1
intent-vs-fact/arxiv:2608.23358v1/summary,intent-vs-fact/arxiv:2608.23358v1/abstract,derived_from,1
intent-vs-fact/arxiv:2608.23390v2/summary,intent-vs-fact/arxiv:2608.23390v2/abstract,derived_from,1
intent-vs-fact/arxiv:2608.23391v2/summary,intent-vs-fact/arxiv:2608.23391v2/abstract,derived_from,1
intent-vs-fact/arxiv:2608.23395v1/summary,intent-vs-fact/arxiv:2608.23395v1/abstract,derived_from,1
intent-vs-fact/arxiv:2608.23397v2/summary,intent-vs-fact/arxiv:2608.23397v2/abstract,derived_from,1
intent-vs-fact/arxiv:2608.23400v1/summary,intent-vs-fact/arxiv:2608.23400v1/abstract,derived_from,1
intent-vs-fact/arxiv:2608.23411v1/summary,intent-vs-fact/arxiv:2608.23411v1/abstract,derived_from,1
intent-vs-fact/arxiv:2608.23417v1/summary,intent-vs-fact/arxiv:2608.23417v1/abstract,derived_from,1
intent-vs-fact/arxiv:2608.23419v2/summary,intent-vs-fact/arxiv:2608.23419v2/abstract,derived_from,1
intent-vs-fact/arxiv:2608.23421v2/summary,intent-vs-fact/arxiv:2608.23421v2/abstract,derived_from,1
intent-vs-fact/arxiv:2608.23429v1/summary,intent-vs-fact/arxiv:2608.23429v1/abstract,derived_from,1
intent-vs-fact/arxiv:2608.23435v1/summary,intent-vs-fact/arxiv:2608.23435v1/abstract,derived_from,1
intent-vs-fact/arxiv:2608.23446v2/summary,intent-vs-fact/arxiv:2608.23446v2/abstract,derived_from,1
intent-vs-fact/arxiv:2608.23448v1/summary,intent-vs-fact/arxiv:2608.23448v1/abstract,derived_from,1
intent-vs-fact/arxiv:2608.23452v1/summary,intent-vs-fact/arxiv:2608.23452v1/abstract,derived_from,1
intent-vs-fact/arxiv:2608.23469v1/summary,intent-vs-fact/arxiv:2608.23469v1/abstract,derived_from,1
intent-vs-fact/arxiv:2608.23471v1/summary,intent-vs-fact/arxiv:2608.23471v1/abstract,derived_from,1
intent-vs-fact/arxiv:2608.23473v2/summary,intent-vs-fact/arxiv:2608.23473v2/abstract,derived_from,1
intent-vs-fact/arxiv:2608.23474v3/summary,intent-vs-fact/arxiv:2608.23474v3/abstract,derived_from,1
intent-vs-fact/arxiv:2608.23475v1/summary,intent-vs-fact/arxiv:2608.23475v1/abstract,derived_from,1
intent-vs-fact/arxiv:2608.23476v1/summary,intent-vs-fact/arxiv:2608.23476v1/abstract,derived_from,1
intent-vs-fact/arxiv:2608.23478v1/summary,intent-vs-fact/arxiv:2608.23478v1/abstract,derived_from,1
intent-vs-fact/arxiv:2608.23484v1/summary,intent-vs-fact/arxiv:2608.23484v1/abstract,derived_from,1
intent-vs-fact/arxiv:2608.23493v1/summary,intent-vs-fact/arxiv:2608.23493v1/abstract,derived_from,1
intent-vs-fact/arxiv:2608.23497v1/summary,intent-vs-fact/arxiv:2608.23497v1/abstract,derived_from,1
intent-vs-fact/arxiv:2608.23507v1/summary,intent-vs-fact/arxiv:2608.23507v1/abstract,derived_from,1
intent-vs-fact/arxiv:2608.23524v1/summary,intent-vs-fact/arxiv:2608.23524v1/abstract,derived_from,1
intent-vs-fact/arxiv:2608.23525v1/summary,intent-vs-fact/arxiv:2608.23525v1/abstract,derived_from,1
intent-vs-fact/arxiv:2608.23526v1/summary,intent-vs-fact/arxiv:2608.23526v1/abstract,derived_from,1
intent-vs-fact/arxiv:2608.23536v1/summary,intent-vs-fact/arxiv:2608.23536v1/abstract,derived_from,1
intent-vs-fact/arxiv:2608.23541v1/summary,intent-vs-fact/arxiv:2608.23541v1/abstract,derived_from,1
intent-vs-fact/arxiv:2608.23543v1/summary,intent-vs-fact/arxiv:2608.23543v1/abstract,derived_from,1
intent-vs-fact/arxiv:2608.23551v1/summary,intent-vs-fact/arxiv:2608.23551v1/abstract,derived_from,1
intent-vs-fact/arxiv:2608.23552v1/summary,intent-vs-fact/arxiv:2608.23552v1/abstract,derived_from,1
intent-vs-fact/arxiv:2608.23562v1/summary,intent-vs-fact/arxiv:2608.23562v1/abstract,derived_from,1
intent-vs-fact/arxiv:2608.23563v1/summary,intent-vs-fact/arxiv:2608.23563v1/abstract,derived_from,1
intent-vs-fact/arxiv:2608.23564v1/summary,intent-vs-fact/arxiv:2608.23564v1/abstract,derived_from,1
intent-vs-fact/arxiv:2608.23565v1/summary,intent-vs-fact/arxiv:2608.23565v1/abstract,derived_from,1
intent-vs-fact/arxiv:2608.23566v2/summary,intent-vs-fact/arxiv:2608.23566v2/abstract,derived_from,1
intent-vs-fact/arxiv:2608.23622v1/summary,intent-vs-fact/arxiv:2608.23622v1/abstract,derived_from,1
intent-vs-fact/arxiv:2608.23691v2/summary,intent-vs-fact/arxiv:2608.23691v2/abstract,derived_from,1
intent-vs-fact/arxiv:2608.23867v1/summary,intent-vs-fact/arxiv:2608.23867v1/abstract,derived_from,1
intent-vs-fact/arxiv:2608.23918v1/summary,intent-vs-fact/arxiv:2608.23918v1/abstract,derived_from,1
intent-vs-fact/arxiv:2608.23979v1/summary,intent-vs-fact/arxiv:2608.23979v1/abstract,derived_from,1
intent-vs-fact/arxiv:2608.24069v1/summary,intent-vs-fact/arxiv:2608.24069v1/abstract,derived_from,1
intent-vs-fact/arxiv:2608.24215v1/summary,intent-vs-fact/arxiv:2608.24215v1/abstract,derived_from,1
intent-vs-fact/arxiv:2608.24354v1/summary,intent-vs-fact/arxiv:2608.24354v1/abstract,derived_from,1
intent-vs-fact/arxiv:2608.24360v1/summary,intent-vs-fact/arxiv:2608.24360v1/abstract,derived_from,1
intent-vs-fact/arxiv:2608.24400v1/summary,intent-vs-fact/arxiv:2608.24400v1/abstract,derived_from,1
intent-vs-fact/arxiv:2608.24460v1/summary,intent-vs-fact/arxiv:2608.24460v1/abstract,derived_from,1
intent-vs-fact/arxiv:2608.24473v1/summary,intent-vs-fact/arxiv:2608.24473v1/abstract,derived_from,1
intent-vs-fact/arxiv:2608.24477v1/summary,intent-vs-fact/arxiv:2608.24477v1/abstract,derived_from,1
intent-vs-fact/arxiv:2608.24482v1/summary,intent-vs-fact/arxiv:2608.24482v1/abstract,derived_from,1
intent-vs-fact/arxiv:2608.24492v2/summary,intent-vs-fact/arxiv:2608.24492v2/abstract,derived_from,1
intent-vs-fact/arxiv:2608.24521v3/summary,intent-vs-fact/arxiv:2608.24521v3/abstract,derived_from,1
intent-vs-fact/arxiv:2608.24554v1/summary,intent-vs-fact/arxiv:2608.24554v1/abstract,derived_from,1
intent-vs-fact/arxiv:2608.24555v1/summary,intent-vs-fact/arxiv:2608.24555v1/abstract,derived_from,1
intent-vs-fact/arxiv:2608.24569v1/summary,intent-vs-fact/arxiv:2608.24569v1/abstract,derived_from,1
intent-vs-fact/arxiv:2608.24590v1/summary,intent-vs-fact/arxiv:2608.24590v1/abstract,derived_from,1
intent-vs-fact/arxiv:2608.24615v1/summary,intent-vs-fact/arxiv:2608.24615v1/abstract,derived_from,1
intent-vs-fact/arxiv:2608.24621v2/summary,intent-vs-fact/arxiv:2608.24621v2/abstract,derived_from,1
intent-vs-fact/arxiv:2608.24654v1/summary,intent-vs-fact/arxiv:2608.24654v1/abstract,derived_from,1
intent-vs-fact/arxiv:2608.24660v1/summary,intent-vs-fact/arxiv:2608.24660v1/abstract,derived_from,1
intent-vs-fact/arxiv:2608.24662v2/summary,intent-vs-fact/arxiv:2608.24662v2/abstract,derived_from,1
intent-vs-fact/arxiv:2608.24664v1/summary,intent-vs-fact/arxiv:2608.24664v1/abstract,derived_from,1
intent-vs-fact/arxiv:2608.24683v1/summary,intent-vs-fact/arxiv:2608.24683v1/abstract,derived_from,1
intent-vs-fact/arxiv:2608.24691v1/summary,intent-vs-fact/arxiv:2608.24691v1/abstract,derived_from,1
intent-vs-fact/arxiv:2608.24696v3/summary,intent-vs-fact/arxiv:2608.24696v3/abstract,derived_from,1
intent-vs-fact/arxiv:2608.24698v1/summary,intent-vs-fact/arxiv:2608.24698v1/abstract,derived_from,1
intent-vs-fact/arxiv:2608.24707v2/summary,intent-vs-fact/arxiv:2608.24707v2/abstract,derived_from,1
intent-vs-fact/arxiv:2608.24712v1/summary,intent-vs-fact/arxiv:2608.24712v1/abstract,derived_from,1
intent-vs-fact/arxiv:2608.24713v1/summary,intent-vs-fact/arxiv:2608.24713v1/abstract,derived_from,1
intent-vs-fact/arxiv:2608.24715v1/summary,intent-vs-fact/arxiv:2608.24715v1/abstract,derived_from,1
intent-vs-fact/arxiv:2608.24721v2/summary,intent-vs-fact/arxiv:2608.24721v2/abstract,derived_from,1
intent-vs-fact/arxiv:2608.24726v1/summary,intent-vs-fact/arxiv:2608.24726v1/abstract,derived_from,1
intent-vs-fact/arxiv:2608.24727v1/summary,intent-vs-fact/arxiv:2608.24727v1/abstract,derived_from,1
intent-vs-fact/arxiv:2608.24735v1/summary,intent-vs-fact/arxiv:2608.24735v1/abstract,derived_from,1
intent-vs-fact/arxiv:2608.24742v1/summary,intent-vs-fact/arxiv:2608.24742v1/abstract,derived_from,1
intent-vs-fact/arxiv:2608.24747v1/summary,intent-vs-fact/arxiv:2608.24747v1/abstract,derived_from,1
intent-vs-fact/arxiv:2608.24748v1/summary,intent-vs-fact/arxiv:2608.24748v1/abstract,derived_from,1
intent-vs-fact/arxiv:2608.24753v1/summary,intent-vs-fact/arxiv:2608.24753v1/abstract,derived_from,1
intent-vs-fact/arxiv:2608.24758v2/summary,intent-vs-fact/arxiv:2608.24758v2/abstract,derived_from,1
intent-vs-fact/arxiv:2608.24760v1/summary,intent-vs-fact/arxiv:2608.24760v1/abstract,derived_from,1
intent-vs-fact/arxiv:2608.24762v1/summary,intent-vs-fact/arxiv:2608.24762v1/abstract,derived_from,1
intent-vs-fact/arxiv:2608.24764v1/summary,intent-vs-fact/arxiv:2608.24764v1/abstract,derived_from,1
intent-vs-fact/arxiv:2608.24768v1/summary,intent-vs-fact/arxiv:2608.24768v1/abstract,derived_from,1
intent-vs-fact/arxiv:2608.24771v1/summary,intent-vs-fact/arxiv:2608.24771v1/abstract,derived_from,1
intent-vs-fact/arxiv:2608.24777v1/summary,intent-vs-fact/arxiv:2608.24777v1/abstract,derived_from,1
intent-vs-fact/arxiv:2608.24780v1/summary,intent-vs-fact/arxiv:2608.24780v1/abstract,derived_from,1
intent-vs-fact/arxiv:2608.24787v1/summary,intent-vs-fact/arxiv:2608.24787v1/abstract,derived_from,1
intent-vs-fact/arxiv:2608.24790v1/summary,intent-vs-fact/arxiv:2608.24790v1/abstract,derived_from,1
intent-vs-fact/arxiv:2608.24794v2/summary,intent-vs-fact/arxiv:2608.24794v2/abstract,derived_from,1
intent-vs-fact/arxiv:2608.24804v1/summary,intent-vs-fact/arxiv:2608.24804v1/abstract,derived_from,1
intent-vs-fact/arxiv:2608.24807v1/summary,intent-vs-fact/arxiv:2608.24807v1/abstract,derived_from,1
intent-vs-fact/arxiv:2608.24809v1/summary,intent-vs-fact/arxiv:2608.24809v1/abstract,derived_from,1
intent-vs-fact/arxiv:2608.24810v1/summary,intent-vs-fact/arxiv:2608.24810v1/abstract,derived_from,1
intent-vs-fact/arxiv:2608.24824v1/summary,intent-vs-fact/arxiv:2608.24824v1/abstract,derived_from,1
intent-vs-fact/arxiv:2608.24825v1/summary,intent-vs-fact/arxiv:2608.24825v1/abstract,derived_from,1
intent-vs-fact/arxiv:2608.24842v1/summary,intent-vs-fact/arxiv:2608.24842v1/abstract,derived_from,1
intent-vs-fact/arxiv:2608.24845v1/summary,intent-vs-fact/arxiv:2608.24845v1/abstract,derived_from,1
intent-vs-fact/arxiv:2608.24846v1/summary,intent-vs-fact/arxiv:2608.24846v1/abstract,derived_from,1
intent-vs-fact/arxiv:2608.24848v1/summary,intent-vs-fact/arxiv:2608.24848v1/abstract,derived_from,1
intent-vs-fact/arxiv:2608.24870v1/summary,intent-vs-fact/arxiv:2608.24870v1/abstract,derived_from,1
intent-vs-fact/arxiv:2608.24876v1/summary,intent-vs-fact/arxiv:2608.24876v1/abstract,derived_from,1
intent-vs-fact/arxiv:2608.25215v1/summary,intent-vs-fact/arxiv:2608.25215v1/abstract,derived_from,1
intent-vs-fact/arxiv:2608.25419v1/summary,intent-vs-fact/arxiv:2608.25419v1/abstract,derived_from,1
intent-vs-fact/arxiv:2608.25457v3/summary,intent-vs-fact/arxiv:2608.25457v3/abstract,derived_from,1
intent-vs-fact/arxiv:2608.25570v1/summary,intent-vs-fact/arxiv:2608.25570v1/abstract,derived_from,1
intent-vs-fact/arxiv:2608.25690v1/summary,intent-vs-fact/arxiv:2608.25690v1/abstract,derived_from,1
intent-vs-fact/arxiv:2608.25761v1/summary,intent-vs-fact/arxiv:2608.25761v1/abstract,derived_from,1
intent-vs-fact/arxiv:2608.25768v1/summary,intent-vs-fact/arxiv:2608.25768v1/abstract,derived_from,1
intent-vs-fact/arxiv:2608.25770v1/summary,intent-vs-fact/arxiv:2608.25770v1/abstract,derived_from,1
intent-vs-fact/arxiv:2608.25779v3/summary,intent-vs-fact/arxiv:2608.25779v3/abstract,derived_from,1
intent-vs-fact/arxiv:2608.25824v1/summary,intent-vs-fact/arxiv:2608.25824v1/abstract,derived_from,1
intent-vs-fact/arxiv:2608.25826v2/summary,intent-vs-fact/arxiv:2608.25826v2/abstract,derived_from,1
intent-vs-fact/arxiv:2608.25832v1/summary,intent-vs-fact/arxiv:2608.25832v1/abstract,derived_from,1
intent-vs-fact/arxiv:2608.25854v1/summary,intent-vs-fact/arxiv:2608.25854v1/abstract,derived_from,1
intent-vs-fact/arxiv:2608.25869v1/summary,intent-vs-fact/arxiv:2608.25869v1/abstract,derived_from,1
intent-vs-fact/arxiv:2608.25881v1/summary,intent-vs-fact/arxiv:2608.25881v1/abstract,derived_from,1
intent-vs-fact/arxiv:2608.25894v1/summary,intent-vs-fact/arxiv:2608.25894v1/abstract,derived_from,1
intent-vs-fact/arxiv:2608.25904v3/summary,intent-vs-fact/arxiv:2608.25904v3/abstract,derived_from,1
intent-vs-fact/arxiv:2608.25910v1/summary,intent-vs-fact/arxiv:2608.25910v1/abstract,derived_from,1
intent-vs-fact/arxiv:2608.25922v2/summary,intent-vs-fact/arxiv:2608.25922v2/abstract,derived_from,1
intent-vs-fact/arxiv:2608.25926v1/summary,intent-vs-fact/arxiv:2608.25926v1/abstract,derived_from,1
intent-vs-fact/arxiv:2608.25927v1/summary,intent-vs-fact/arxiv:2608.25927v1/abstract,derived_from,1
intent-vs-fact/arxiv:2608.25928v1/summary,intent-vs-fact/arxiv:2608.25928v1/abstract,derived_from,1
intent-vs-fact/arxiv:2608.25934v1/summary,intent-vs-fact/arxiv:2608.25934v1/abstract,derived_from,1
intent-vs-fact/arxiv:2608.25935v1/summary,intent-vs-fact/arxiv:2608.25935v1/abstract,derived_from,1
intent-vs-fact/arxiv:2608.25936v1/summary,intent-vs-fact/arxiv:2608.25936v1/abstract,derived_from,1
intent-vs-fact/arxiv:2608.25937v2/summary,intent-vs-fact/arxiv:2608.25937v2/abstract,derived_from,1
intent-vs-fact/arxiv:2608.25940v2/summary,intent-vs-fact/arxiv:2608.25940v2/abstract,derived_from,1
intent-vs-fact/arxiv:2608.25944v2/summary,intent-vs-fact/arxiv:2608.25944v2/abstract,derived_from,1
intent-vs-fact/arxiv:2608.25952v2/summary,intent-vs-fact/arxiv:2608.25952v2/abstract,derived_from,1
intent-vs-fact/arxiv:2608.25955v1/summary,intent-vs-fact/arxiv:2608.25955v1/abstract,derived_from,1
intent-vs-fact/arxiv:2608.25960v1/summary,intent-vs-fact/arxiv:2608.25960v1/abstract,derived_from,1
intent-vs-fact/arxiv:2608.25968v1/summary,intent-vs-fact/arxiv:2608.25968v1/abstract,derived_from,1
intent-vs-fact/arxiv:2608.25970v1/summary,intent-vs-fact/arxiv:2608.25970v1/abstract,derived_from,1
intent-vs-fact/arxiv:2608.25973v1/summary,intent-vs-fact/arxiv:2608.25973v1/abstract,derived_from,1
intent-vs-fact/arxiv:2608.25976v1/summary,intent-vs-fact/arxiv:2608.25976v1/abstract,derived_from,1
intent-vs-fact/arxiv:2608.25977v2/summary,intent-vs-fact/arxiv:2608.25977v2/abstract,derived_from,1
intent-vs-fact/arxiv:2608.25981v1/summary,intent-vs-fact/arxiv:2608.25981v1/abstract,derived_from,1
intent-vs-fact/arxiv:2608.25986v1/summary,intent-vs-fact/arxiv:2608.25986v1/abstract,derived_from,1
intent-vs-fact/arxiv:2608.25992v2/summary,intent-vs-fact/arxiv:2608.25992v2/abstract,derived_from,1
intent-vs-fact/arxiv:2608.25999v1/summary,intent-vs-fact/arxiv:2608.25999v1/abstract,derived_from,1
intent-vs-fact/arxiv:2608.26004v1/summary,intent-vs-fact/arxiv:2608.26004v1/abstract,derived_from,1
intent-vs-fact/arxiv:2608.26005v1/summary,intent-vs-fact/arxiv:2608.26005v1/abstract,derived_from,1
intent-vs-fact/arxiv:2608.26008v1/summary,intent-vs-fact/arxiv:2608.26008v1/abstract,derived_from,1
intent-vs-fact/arxiv:2608.26009v1/summary,intent-vs-fact/arxiv:2608.26009v1/abstract,derived_from,1
intent-vs-fact/arxiv:2608.26019v1/summary,intent-vs-fact/arxiv:2608.26019v1/abstract,derived_from,1
intent-vs-fact/arxiv:2608.26035v1/summary,intent-vs-fact/arxiv:2608.26035v1/abstract,derived_from,1
intent-vs-fact/arxiv:2608.26036v1/summary,intent-vs-fact/arxiv:2608.26036v1/abstract,derived_from,1
intent-vs-fact/arxiv:2608.26051v1/summary,intent-vs-fact/arxiv:2608.26051v1/abstract,derived_from,1
intent-vs-fact/arxiv:2608.26052v1/summary,intent-vs-fact/arxiv:2608.26052v1/abstract,derived_from,1
intent-vs-fact/arxiv:2608.26053v1/summary,intent-vs-fact/arxiv:2608.26053v1/abstract,derived_from,1
intent-vs-fact/arxiv:2608.26060v1/summary,intent-vs-fact/arxiv:2608.26060v1/abstract,derived_from,1
intent-vs-fact/arxiv:2608.26070v1/summary,intent-vs-fact/arxiv:2608.26070v1/abstract,derived_from,1
intent-vs-fact/arxiv:2608.26074v1/summary,intent-vs-fact/arxiv:2608.26074v1/abstract,derived_from,1
intent-vs-fact/arxiv:2608.26081v1/summary,intent-vs-fact/arxiv:2608.26081v1/abstract,derived_from,1
intent-vs-fact/arxiv:2608.26083v3/summary,intent-vs-fact/arxiv:2608.26083v3/abstract,derived_from,1
intent-vs-fact/arxiv:2608.26086v2/summary,intent-vs-fact/arxiv:2608.26086v2/abstract,derived_from,1
intent-vs-fact/arxiv:2608.26088v3/summary,intent-vs-fact/arxiv:2608.26088v3/abstract,derived_from,1
intent-vs-fact/arxiv:2608.26090v1/summary,intent-vs-fact/arxiv:2608.26090v1/abstract,derived_from,1
intent-vs-fact/arxiv:2608.26091v1/summary,intent-vs-fact/arxiv:2608.26091v1/abstract,derived_from,1
intent-vs-fact/arxiv:2608.26094v1/summary,intent-vs-fact/arxiv:2608.26094v1/abstract,derived_from,1
intent-vs-fact/arxiv:2608.26095v1/summary,intent-vs-fact/arxiv:2608.26095v1/abstract,derived_from,1
intent-vs-fact/arxiv:2608.26105v2/summary,intent-vs-fact/arxiv:2608.26105v2/abstract,derived_from,1
intent-vs-fact/arxiv:2608.26221v1/summary,intent-vs-fact/arxiv:2608.26221v1/abstract,derived_from,1
intent-vs-fact/arxiv:2608.26225v1/summary,intent-vs-fact/arxiv:2608.26225v1/abstract,derived_from,1
intent-vs-fact/arxiv:2608.26263v3/summary,intent-vs-fact/arxiv:2608.26263v3/abstract,derived_from,1
intent-vs-fact/arxiv:2608.26295v1/summary,intent-vs-fact/arxiv:2608.26295v1/abstract,derived_from,1
intent-vs-fact/arxiv:2608.26480v2/summary,intent-vs-fact/arxiv:2608.26480v2/abstract,derived_from,1
intent-vs-fact/arxiv:2608.26626v1/summary,intent-vs-fact/arxiv:2608.26626v1/abstract,derived_from,1
intent-vs-fact/arxiv:2608.26683v1/summary,intent-vs-fact/arxiv:2608.26683v1/abstract,derived_from,1
intent-vs-fact/arxiv:2608.26759v1/summary,intent-vs-fact/arxiv:2608.26759v1/abstract,derived_from,1
intent-vs-fact/arxiv:2608.26788v1/summary,intent-vs-fact/arxiv:2608.26788v1/abstract,derived_from,1
intent-vs-fact/arxiv:2608.26849v2/summary,intent-vs-fact/arxiv:2608.26849v2/abstract,derived_from,1
intent-vs-fact/arxiv:2608.26896v1/summary,intent-vs-fact/arxiv:2608.26896v1/abstract,derived_from,1
intent-vs-fact/arxiv:2608.26939v1/summary,intent-vs-fact/arxiv:2608.26939v1/abstract,derived_from,1
intent-vs-fact/arxiv:2608.26990v1/summary,intent-vs-fact/arxiv:2608.26990v1/abstract,derived_from,1
intent-vs-fact/arxiv:2608.27086v2/summary,intent-vs-fact/arxiv:2608.27086v2/abstract,derived_from,1
intent-vs-fact/arxiv:2608.27161v1/summary,intent-vs-fact/arxiv:2608.27161v1/abstract,derived_from,1
intent-vs-fact/arxiv:2608.27165v1/summary,intent-vs-fact/arxiv:2608.27165v1/abstract,derived_from,1
intent-vs-fact/arxiv:2608.27167v2/summary,intent-vs-fact/arxiv:2608.27167v2/abstract,derived_from,1
intent-vs-fact/arxiv:2608.27176v2/summary,intent-vs-fact/arxiv:2608.27176v2/abstract,derived_from,1
intent-vs-fact/arxiv:2608.27219v1/summary,intent-vs-fact/arxiv:2608.27219v1/abstract,derived_from,1
intent-vs-fact/arxiv:2608.27225v1/summary,intent-vs-fact/arxiv:2608.27225v1/abstract,derived_from,1
intent-vs-fact/arxiv:2608.27244v1/summary,intent-vs-fact/arxiv:2608.27244v1/abstract,derived_from,1
intent-vs-fact/arxiv:2608.27260v1/summary,intent-vs-fact/arxiv:2608.27260v1/abstract,derived_from,1
intent-vs-fact/arxiv:2608.27265v1/summary,intent-vs-fact/arxiv:2608.27265v1/abstract,derived_from,1
intent-vs-fact/arxiv:2608.27266v1/summary,intent-vs-fact/arxiv:2608.27266v1/abstract,derived_from,1
intent-vs-fact/arxiv:2608.27268v1/summary,intent-vs-fact/arxiv:2608.27268v1/abstract,derived_from,1
intent-vs-fact/arxiv:2608.27282v1/summary,intent-vs-fact/arxiv:2608.27282v1/abstract,derived_from,1
intent-vs-fact/arxiv:2608.27296v2/summary,intent-vs-fact/arxiv:2608.27296v2/abstract,derived_from,1
intent-vs-fact/arxiv:2608.27309v2/summary,intent-vs-fact/arxiv:2608.27309v2/abstract,derived_from,1
intent-vs-fact/arxiv:2608.27311v1/summary,intent-vs-fact/arxiv:2608.27311v1/abstract,derived_from,1
intent-vs-fact/arxiv:2608.27334v1/summary,intent-vs-fact/arxiv:2608.27334v1/abstract,derived_from,1
intent-vs-fact/arxiv:2608.27338v1/summary,intent-vs-fact/arxiv:2608.27338v1/abstract,derived_from,1
intent-vs-fact/arxiv:2608.27339v3/summary,intent-vs-fact/arxiv:2608.27339v3/abstract,derived_from,1
intent-vs-fact/arxiv:2608.27340v1/summary,intent-vs-fact/arxiv:2608.27340v1/abstract,derived_from,1
intent-vs-fact/arxiv:2608.27343v1/summary,intent-vs-fact/arxiv:2608.27343v1/abstract,derived_from,1
intent-vs-fact/arxiv:2608.27345v3/summary,intent-vs-fact/arxiv:2608.27345v3/abstract,derived_from,1
intent-vs-fact/arxiv:2608.27348v1/summary,intent-vs-fact/arxiv:2608.27348v1/abstract,derived_from,1
intent-vs-fact/arxiv:2608.27358v1/summary,intent-vs-fact/arxiv:2608.27358v1/abstract,derived_from,1
intent-vs-fact/arxiv:2608.27360v1/summary,intent-vs-fact/arxiv:2608.27360v1/abstract,derived_from,1
intent-vs-fact/arxiv:2608.27364v1/summary,intent-vs-fact/arxiv:2608.27364v1/abstract,derived_from,1
intent-vs-fact/arxiv:2608.27365v1/summary,intent-vs-fact/arxiv:2608.27365v1/abstract,derived_from,1
intent-vs-fact/arxiv:2608.27366v1/summary,intent-vs-fact/arxiv:2608.27366v1/abstract,derived_from,1
intent-vs-fact/arxiv:2608.27367v4/summary,intent-vs-fact/arxiv:2608.27367v4/abstract,derived_from,1
intent-vs-fact/arxiv:2608.27370v2/summary,intent-vs-fact/arxiv:2608.27370v2/abstract,derived_from,1
intent-vs-fact/arxiv:2608.27380v2/summary,intent-vs-fact/arxiv:2608.27380v2/abstract,derived_from,1
intent-vs-fact/arxiv:2608.27391v1/summary,intent-vs-fact/arxiv:2608.27391v1/abstract,derived_from,1
intent-vs-fact/arxiv:2608.27392v1/summary,intent-vs-fact/arxiv:2608.27392v1/abstract,derived_from,1
intent-vs-fact/arxiv:2608.27394v3/summary,intent-vs-fact/arxiv:2608.27394v3/abstract,derived_from,1
intent-vs-fact/arxiv:2608.27395v1/summary,intent-vs-fact/arxiv:2608.27395v1/abstract,derived_from,1
intent-vs-fact/arxiv:2608.27397v1/summary,intent-vs-fact/arxiv:2608.27397v1/abstract,derived_from,1
intent-vs-fact/arxiv:2608.27402v1/summary,intent-vs-fact/arxiv:2608.27402v1/abstract,derived_from,1
intent-vs-fact/arxiv:2608.27406v2/summary,intent-vs-fact/arxiv:2608.27406v2/abstract,derived_from,1
intent-vs-fact/arxiv:2608.27409v2/summary,intent-vs-fact/arxiv:2608.27409v2/abstract,derived_from,1
intent-vs-fact/arxiv:2608.27420v1/summary,intent-vs-fact/arxiv:2608.27420v1/abstract,derived_from,1
intent-vs-fact/arxiv:2608.27421v1/summary,intent-vs-fact/arxiv:2608.27421v1/abstract,derived_from,1
intent-vs-fact/arxiv:2608.27424v1/summary,intent-vs-fact/arxiv:2608.27424v1/abstract,derived_from,1
intent-vs-fact/arxiv:2608.27427v2/summary,intent-vs-fact/arxiv:2608.27427v2/abstract,derived_from,1
intent-vs-fact/arxiv:2608.27428v1/summary,intent-vs-fact/arxiv:2608.27428v1/abstract,derived_from,1
intent-vs-fact/arxiv:2608.27429v2/summary,intent-vs-fact/arxiv:2608.27429v2/abstract,derived_from,1
intent-vs-fact/arxiv:2608.27439v2/summary,intent-vs-fact/arxiv:2608.27439v2/abstract,derived_from,1
intent-vs-fact/arxiv:2608.27442v1/summary,intent-vs-fact/arxiv:2608.27442v1/abstract,derived_from,1
intent-vs-fact/arxiv:2608.27448v1/summary,intent-vs-fact/arxiv:2608.27448v1/abstract,derived_from,1
intent-vs-fact/arxiv:2608.27449v1/summary,intent-vs-fact/arxiv:2608.27449v1/abstract,derived_from,1
intent-vs-fact/arxiv:2608.27454v1/summary,intent-vs-fact/arxiv:2608.27454v1/abstract,derived_from,1
intent-vs-fact/arxiv:2608.27455v1/summary,intent-vs-fact/arxiv:2608.27455v1/abstract,derived_from,1
intent-vs-fact/arxiv:2608.27843v1/summary,intent-vs-fact/arxiv:2608.27843v1/abstract,derived_from,1
intent-vs-fact/arxiv:2608.27856v1/summary,intent-vs-fact/arxiv:2608.27856v1/abstract,derived_from,1
intent-vs-fact/arxiv:2608.27992v1/summary,intent-vs-fact/arxiv:2608.27992v1/abstract,derived_from,1
intent-vs-fact/arxiv:2608.28001v1/summary,intent-vs-fact/arxiv:2608.28001v1/abstract,derived_from,1
intent-vs-fact/arxiv:2608.28021v2/summary,intent-vs-fact/arxiv:2608.28021v2/abstract,derived_from,1
intent-vs-fact/arxiv:2608.28046v1/summary,intent-vs-fact/arxiv:2608.28046v1/abstract,derived_from,1
intent-vs-fact/arxiv:2608.28155v1/summary,intent-vs-fact/arxiv:2608.28155v1/abstract,derived_from,1
intent-vs-fact/arxiv:2608.28170v1/summary,intent-vs-fact/arxiv:2608.28170v1/abstract,derived_from,1
intent-vs-fact/arxiv:2608.28182v1/summary,intent-vs-fact/arxiv:2608.28182v1/abstract,derived_from,1
intent-vs-fact/arxiv:2608.28229v1/summary,intent-vs-fact/arxiv:2608.28229v1/abstract,derived_from,1
intent-vs-fact/arxiv:2608.28248v1/summary,intent-vs-fact/arxiv:2608.28248v1/abstract,derived_from,1
intent-vs-fact/arxiv:2608.28283v1/summary,intent-vs-fact/arxiv:2608.28283v1/abstract,derived_from,1
intent-vs-fact/arxiv:2608.28293v1/summary,intent-vs-fact/arxiv:2608.28293v1/abstract,derived_from,1
intent-vs-fact/arxiv:2608.28306v1/summary,intent-vs-fact/arxiv:2608.28306v1/abstract,derived_from,1
intent-vs-fact/arxiv:2608.28312v1/summary,intent-vs-fact/arxiv:2608.28312v1/abstract,derived_from,1
intent-vs-fact/arxiv:2608.28327v1/summary,intent-vs-fact/arxiv:2608.28327v1/abstract,derived_from,1
intent-vs-fact/arxiv:2608.28329v1/summary,intent-vs-fact/arxiv:2608.28329v1/abstract,derived_from,1
intent-vs-fact/arxiv:2608.28378v1/summary,intent-vs-fact/arxiv:2608.28378v1/abstract,derived_from,1
intent-vs-fact/arxiv:2608.28382v2/summary,intent-vs-fact/arxiv:2608.28382v2/abstract,derived_from,1
intent-vs-fact/arxiv:2608.28383v1/summary,intent-vs-fact/arxiv:2608.28383v1/abstract,derived_from,1
intent-vs-fact/arxiv:2608.28384v1/summary,intent-vs-fact/arxiv:2608.28384v1/abstract,derived_from,1
intent-vs-fact/arxiv:2608.28389v1/summary,intent-vs-fact/arxiv:2608.28389v1/abstract,derived_from,1
intent-vs-fact/arxiv:2608.28393v2/summary,intent-vs-fact/arxiv:2608.28393v2/abstract,derived_from,1
intent-vs-fact/arxiv:2608.28394v1/summary,intent-vs-fact/arxiv:2608.28394v1/abstract,derived_from,1
intent-vs-fact/arxiv:2608.28399v1/summary,intent-vs-fact/arxiv:2608.28399v1/abstract,derived_from,1
intent-vs-fact/arxiv:2608.28402v1/summary,intent-vs-fact/arxiv:2608.28402v1/abstract,derived_from,1
intent-vs-fact/arxiv:2608.28405v1/summary,intent-vs-fact/arxiv:2608.28405v1/abstract,derived_from,1
intent-vs-fact/arxiv:2608.28407v1/summary,intent-vs-fact/arxiv:2608.28407v1/abstract,derived_from,1
intent-vs-fact/arxiv:2608.28411v1/summary,intent-vs-fact/arxiv:2608.28411v1/abstract,derived_from,1
intent-vs-fact/arxiv:2608.28421v1/summary,intent-vs-fact/arxiv:2608.28421v1/abstract,derived_from,1
intent-vs-fact/arxiv:2608.28432v1/summary,intent-vs-fact/arxiv:2608.28432v1/abstract,derived_from,1
intent-vs-fact/arxiv:2608.28433v2/summary,intent-vs-fact/arxiv:2608.28433v2/abstract,derived_from,1
intent-vs-fact/arxiv:2608.28439v1/summary,intent-vs-fact/arxiv:2608.28439v1/abstract,derived_from,1
intent-vs-fact/arxiv:2608.28444v1/summary,intent-vs-fact/arxiv:2608.28444v1/abstract,derived_from,1
intent-vs-fact/arxiv:2608.28447v1/summary,intent-vs-fact/arxiv:2608.28447v1/abstract,derived_from,1
intent-vs-fact/arxiv:2608.28455v1/summary,intent-vs-fact/arxiv:2608.28455v1/abstract,derived_from,1
intent-vs-fact/arxiv:2608.28458v1/summary,intent-vs-fact/arxiv:2608.28458v1/abstract,derived_from,1
intent-vs-fact/arxiv:2608.28461v1/summary,intent-vs-fact/arxiv:2608.28461v1/abstract,derived_from,1
intent-vs-fact/arxiv:2608.28467v1/summary,intent-vs-fact/arxiv:2608.28467v1/abstract,derived_from,1
intent-vs-fact/arxiv:2608.28468v1/summary,intent-vs-fact/arxiv:2608.28468v1/abstract,derived_from,1
intent-vs-fact/arxiv:2608.28475v1/summary,intent-vs-fact/arxiv:2608.28475v1/abstract,derived_from,1
intent-vs-fact/arxiv:2608.28476v1/summary,intent-vs-fact/arxiv:2608.28476v1/abstract,derived_from,1
intent-vs-fact/arxiv:2608.28478v1/summary,intent-vs-fact/arxiv:2608.28478v1/abstract,derived_from,1
intent-vs-fact/arxiv:2608.28481v1/summary,intent-vs-fact/arxiv:2608.28481v1/abstract,derived_from,1
intent-vs-fact/arxiv:2608.28482v2/summary,intent-vs-fact/arxiv:2608.28482v2/abstract,derived_from,1
intent-vs-fact/arxiv:2608.28490v1/summary,intent-vs-fact/arxiv:2608.28490v1/abstract,derived_from,1
intent-vs-fact/arxiv:2608.28491v1/summary,intent-vs-fact/arxiv:2608.28491v1/abstract,derived_from,1
intent-vs-fact/arxiv:2608.28496v2/summary,intent-vs-fact/arxiv:2608.28496v2/abstract,derived_from,1
intent-vs-fact/arxiv:2608.28497v1/summary,intent-vs-fact/arxiv:2608.28497v1/abstract,derived_from,1
intent-vs-fact/arxiv:2608.28508v1/summary,intent-vs-fact/arxiv:2608.28508v1/abstract,derived_from,1
intent-vs-fact/arxiv:2608.28511v1/summary,intent-vs-fact/arxiv:2608.28511v1/abstract,derived_from,1
intent-vs-fact/arxiv:2608.28515v1/summary,intent-vs-fact/arxiv:2608.28515v1/abstract,derived_from,1
intent-vs-fact/arxiv:2608.28518v1/summary,intent-vs-fact/arxiv:2608.28518v1/abstract,derived_from,1
intent-vs-fact/arxiv:2608.28524v1/summary,intent-vs-fact/arxiv:2608.28524v1/abstract,derived_from,1
intent-vs-fact/arxiv:2608.28534v1/summary,intent-vs-fact/arxiv:2608.28534v1/abstract,derived_from,1
intent-vs-fact/arxiv:2608.28541v1/summary,intent-vs-fact/arxiv:2608.28541v1/abstract,derived_from,1
intent-vs-fact/arxiv:2608.28542v1/summary,intent-vs-fact/arxiv:2608.28542v1/abstract,derived_from,1
intent-vs-fact/arxiv:2608.28549v1/summary,intent-vs-fact/arxiv:2608.28549v1/abstract,derived_from,1
intent-vs-fact/arxiv:2608.28553v3/summary,intent-vs-fact/arxiv:2608.28553v3/abstract,derived_from,1
intent-vs-fact/arxiv:2608.28557v1/summary,intent-vs-fact/arxiv:2608.28557v1/abstract,derived_from,1
intent-vs-fact/arxiv:2608.28560v1/summary,intent-vs-fact/arxiv:2608.28560v1/abstract,derived_from,1
intent-vs-fact/arxiv:2608.28576v1/summary,intent-vs-fact/arxiv:2608.28576v1/abstract,derived_from,1
intent-vs-fact/arxiv:2608.28578v2/summary,intent-vs-fact/arxiv:2608.28578v2/abstract,derived_from,1
intent-vs-fact/arxiv:2608.28754v1/summary,intent-vs-fact/arxiv:2608.28754v1/abstract,derived_from,1
intent-vs-fact/arxiv:2608.28790v1/summary,intent-vs-fact/arxiv:2608.28790v1/abstract,derived_from,1
intent-vs-fact/arxiv:2608.28877v2/summary,intent-vs-fact/arxiv:2608.28877v2/abstract,derived_from,1
intent-vs-fact/arxiv:2608.29174v1/summary,intent-vs-fact/arxiv:2608.29174v1/abstract,derived_from,1
intent-vs-fact/arxiv:2608.29228v2/summary,intent-vs-fact/arxiv:2608.29228v2/abstract,derived_from,1
intent-vs-fact/arxiv:2608.29251v1/summary,intent-vs-fact/arxiv:2608.29251v1/abstract,derived_from,1
intent-vs-fact/arxiv:2608.29388v1/summary,intent-vs-fact/arxiv:2608.29388v1/abstract,derived_from,1
intent-vs-fact/arxiv:2608.29490v1/summary,intent-vs-fact/arxiv:2608.29490v1/abstract,derived_from,1
intent-vs-fact/arxiv:2608.29528v1/summary,intent-vs-fact/arxiv:2608.29528v1/abstract,derived_from,1
intent-vs-fact/arxiv:2608.29562v1/summary,intent-vs-fact/arxiv:2608.29562v1/abstract,derived_from,1
intent-vs-fact/arxiv:2608.29596v1/summary,intent-vs-fact/arxiv:2608.29596v1/abstract,derived_from,1
intent-vs-fact/arxiv:2608.29615v1/summary,intent-vs-fact/arxiv:2608.29615v1/abstract,derived_from,1
intent-vs-fact/arxiv:2608.29622v1/summary,intent-vs-fact/arxiv:2608.29622v1/abstract,derived_from,1
intent-vs-fact/arxiv:2608.29641v1/summary,intent-vs-fact/arxiv:2608.29641v1/abstract,derived_from,1
intent-vs-fact/arxiv:2608.29646v1/summary,intent-vs-fact/arxiv:2608.29646v1/abstract,derived_from,1
intent-vs-fact/arxiv:2608.30083v1/summary,intent-vs-fact/arxiv:2608.30083v1/abstract,derived_from,1
intent-vs-fact/arxiv:2608.30277v2/summary,intent-vs-fact/arxiv:2608.30277v2/abstract,derived_from,1
intent-vs-fact/arxiv:2608.30659v1/summary,intent-vs-fact/arxiv:2608.30659v1/abstract,derived_from,1
intent-vs-fact/arxiv:2608.30672v1/summary,intent-vs-fact/arxiv:2608.30672v1/abstract,derived_from,1
intent-vs-fact/arxiv:2608.30874v1/summary,intent-vs-fact/arxiv:2608.30874v1/abstract,derived_from,1
intent-vs-fact/arxiv:2608.30923v1/summary,intent-vs-fact/arxiv:2608.30923v1/abstract,derived_from,1
intent-vs-fact/arxiv:2608.30927v1/summary,intent-vs-fact/arxiv:2608.30927v1/abstract,derived_from,1
intent-vs-fact/arxiv:2608.30935v2/summary,intent-vs-fact/arxiv:2608.30935v2/abstract,derived_from,1
intent-vs-fact/arxiv:2608.30938v1/summary,intent-vs-fact/arxiv:2608.30938v1/abstract,derived_from,1
intent-vs-fact/arxiv:2608.30940v1/summary,intent-vs-fact/arxiv:2608.30940v1/abstract,derived_from,1
intent-vs-fact/arxiv:2608.30948v1/summary,intent-vs-fact/arxiv:2608.30948v1/abstract,derived_from,1
intent-vs-fact/arxiv:2608.30952v1/summary,intent-vs-fact/arxiv:2608.30952v1/abstract,derived_from,1
intent-vs-fact/arxiv:2608.30955v1/summary,intent-vs-fact/arxiv:2608.30955v1/abstract,derived_from,1
intent-vs-fact/arxiv:2608.30956v1/summary,intent-vs-fact/arxiv:2608.30956v1/abstract,derived_from,1
intent-vs-fact/arxiv:2608.30959v1/summary,intent-vs-fact/arxiv:2608.30959v1/abstract,derived_from,1
intent-vs-fact/arxiv:2608.30963v1/summary,intent-vs-fact/arxiv:2608.30963v1/abstract,derived_from,1
intent-vs-fact/arxiv:2608.30968v2/summary,intent-vs-fact/arxiv:2608.30968v2/abstract,derived_from,1
intent-vs-fact/arxiv:2608.30971v1/summary,intent-vs-fact/arxiv:2608.30971v1/abstract,derived_from,1
intent-vs-fact/arxiv:2608.30974v2/summary,intent-vs-fact/arxiv:2608.30974v2/abstract,derived_from,1
intent-vs-fact/arxiv:2608.30975v1/summary,intent-vs-fact/arxiv:2608.30975v1/abstract,derived_from,1
intent-vs-fact/arxiv:2608.30980v1/summary,intent-vs-fact/arxiv:2608.30980v1/abstract,derived_from,1
intent-vs-fact/arxiv:2608.30986v1/summary,intent-vs-fact/arxiv:2608.30986v1/abstract,derived_from,1
intent-vs-fact/arxiv:2608.30987v1/summary,intent-vs-fact/arxiv:2608.30987v1/abstract,derived_from,1
intent-vs-fact/arxiv:2608.30996v1/summary,intent-vs-fact/arxiv:2608.30996v1/abstract,derived_from,1
intent-vs-fact/arxiv:2608.31007v1/summary,intent-vs-fact/arxiv:2608.31007v1/abstract,derived_from,1
intent-vs-fact/arxiv:2608.31014v1/summary,intent-vs-fact/arxiv:2608.31014v1/abstract,derived_from,1
intent-vs-fact/arxiv:2608.31016v1/summary,intent-vs-fact/arxiv:2608.31016v1/abstract,derived_from,1
intent-vs-fact/arxiv:2608.31017v1/summary,intent-vs-fact/arxiv:2608.31017v1/abstract,derived_from,1
intent-vs-fact/arxiv:2608.31022v1/summary,intent-vs-fact/arxiv:2608.31022v1/abstract,derived_from,1
intent-vs-fact/arxiv:2608.31035v1/summary,intent-vs-fact/arxiv:2608.31035v1/abstract,derived_from,1
intent-vs-fact/arxiv:2608.31037v1/summary,intent-vs-fact/arxiv:2608.31037v1/abstract,derived_from,1
intent-vs-fact/arxiv:2608.31038v1/summary,intent-vs-fact/arxiv:2608.31038v1/abstract,derived_from,1
intent-vs-fact/arxiv:2608.31046v2/summary,intent-vs-fact/arxiv:2608.31046v2/abstract,derived_from,1
intent-vs-fact/arxiv:2608.31057v1/summary,intent-vs-fact/arxiv:2608.31057v1/abstract,derived_from,1
intent-vs-fact/arxiv:2608.31058v1/summary,intent-vs-fact/arxiv:2608.31058v1/abstract,derived_from,1
intent-vs-fact/arxiv:2608.31059v1/summary,intent-vs-fact/arxiv:2608.31059v1/abstract,derived_from,1
intent-vs-fact/arxiv:2608.31066v1/summary,intent-vs-fact/arxiv:2608.31066v1/abstract,derived_from,1
intent-vs-fact/arxiv:2608.31068v1/summary,intent-vs-fact/arxiv:2608.31068v1/abstract,derived_from,1
intent-vs-fact/arxiv:2608.31069v1/summary,intent-vs-fact/arxiv:2608.31069v1/abstract,derived_from,1
intent-vs-fact/arxiv:2608.31074v1/summary,intent-vs-fact/arxiv:2608.31074v1/abstract,derived_from,1
intent-vs-fact/arxiv:2608.31075v2/summary,intent-vs-fact/arxiv:2608.31075v2/abstract,derived_from,1
intent-vs-fact/arxiv:2608.31076v1/summary,intent-vs-fact/arxiv:2608.31076v1/abstract,derived_from,1
intent-vs-fact/arxiv:2608.31077v2/summary,intent-vs-fact/arxiv:2608.31077v2/abstract,derived_from,1
intent-vs-fact/arxiv:2608.31082v2/summary,intent-vs-fact/arxiv:2608.31082v2/abstract,derived_from,1
intent-vs-fact/arxiv:2608.31084v1/summary,intent-vs-fact/arxiv:2608.31084v1/abstract,derived_from,1
intent-vs-fact/arxiv:2608.31097v1/summary,intent-vs-fact/arxiv:2608.31097v1/abstract,derived_from,1
intent-vs-fact/arxiv:2608.31100v1/summary,intent-vs-fact/arxiv:2608.31100v1/abstract,derived_from,1
intent-vs-fact/arxiv:2608.31102v1/summary,intent-vs-fact/arxiv:2608.31102v1/abstract,derived_from,1
intent-vs-fact/arxiv:2608.31105v1/summary,intent-vs-fact/arxiv:2608.31105v1/abstract,derived_from,1
intent-vs-fact/arxiv:2608.31111v1/summary,intent-vs-fact/arxiv:2608.31111v1/abstract,derived_from,1
intent-vs-fact/arxiv:2608.31118v1/summary,intent-vs-fact/arxiv:2608.31118v1/abstract,derived_from,1
intent-vs-fact/arxiv:2608.31119v1/summary,intent-vs-fact/arxiv:2608.31119v1/abstract,derived_from,1
intent-vs-fact/arxiv:2608.31128v1/summary,intent-vs-fact/arxiv:2608.31128v1/abstract,derived_from,1
intent-vs-fact/arxiv:2608.31137v1/summary,intent-vs-fact/arxiv:2608.31137v1/abstract,derived_from,1
intent-vs-fact/arxiv:2608.31139v1/summary,intent-vs-fact/arxiv:2608.31139v1/abstract,derived_from,1
intent-vs-fact/arxiv:2608.31142v1/summary,intent-vs-fact/arxiv:2608.31142v1/abstract,derived_from,1
intent-vs-fact/arxiv:2608.31167v2/summary,intent-vs-fact/arxiv:2608.31167v2/abstract,derived_from,1
intent-vs-fact/arxiv:2608.31170v1/summary,intent-vs-fact/arxiv:2608.31170v1/abstract,derived_from,1
intent-vs-fact/arxiv:2609.00032v1/summary,intent-vs-fact/arxiv:2609.00032v1/abstract,derived_from,1
intent-vs-fact/arxiv:2609.00046v2/summary,intent-vs-fact/arxiv:2609.00046v2/abstract,derived_from,1
intent-vs-fact/arxiv:2609.00058v1/summary,intent-vs-fact/arxiv:2609.00058v1/abstract,derived_from,1
intent-vs-fact/arxiv:2609.00621v1/summary,intent-vs-fact/arxiv:2609.00621v1/abstract,derived_from,1
intent-vs-fact/arxiv:2609.00714v1/summary,intent-vs-fact/arxiv:2609.00714v1/abstract,derived_from,1
intent-vs-fact/arxiv:2609.01082v1/summary,intent-vs-fact/arxiv:2609.01082v1/abstract,derived_from,1
intent-vs-fact/arxiv:2609.01167v1/summary,intent-vs-fact/arxiv:2609.01167v1/abstract,derived_from,1
intent-vs-fact/arxiv:2609.01356v1/summary,intent-vs-fact/arxiv:2609.01356v1/abstract,derived_from,1
intent-vs-fact/arxiv:2609.01361v1/summary,intent-vs-fact/arxiv:2609.01361v1/abstract,derived_from,1
intent-vs-fact/arxiv:2609.01369v1/summary,intent-vs-fact/arxiv:2609.01369v1/abstract,derived_from,1
intent-vs-fact/arxiv:2609.01374v1/summary,intent-vs-fact/arxiv:2609.01374v1/abstract,derived_from,1
intent-vs-fact/arxiv:2609.01375v1/summary,intent-vs-fact/arxiv:2609.01375v1/abstract,derived_from,1
intent-vs-fact/arxiv:2609.01379v1/summary,intent-vs-fact/arxiv:2609.01379v1/abstract,derived_from,1
intent-vs-fact/arxiv:2609.01383v1/summary,intent-vs-fact/arxiv:2609.01383v1/abstract,derived_from,1
intent-vs-fact/arxiv:2609.01386v1/summary,intent-vs-fact/arxiv:2609.01386v1/abstract,derived_from,1
intent-vs-fact/arxiv:2609.01409v2/summary,intent-vs-fact/arxiv:2609.01409v2/abstract,derived_from,1
intent-vs-fact/arxiv:2609.01422v1/summary,intent-vs-fact/arxiv:2609.01422v1/abstract,derived_from,1
intent-vs-fact/arxiv:2609.01426v1/summary,intent-vs-fact/arxiv:2609.01426v1/abstract,derived_from,1
intent-vs-fact/arxiv:2609.01430v1/summary,intent-vs-fact/arxiv:2609.01430v1/abstract,derived_from,1
intent-vs-fact/arxiv:2609.01431v2/summary,intent-vs-fact/arxiv:2609.01431v2/abstract,derived_from,1
intent-vs-fact/arxiv:2609.01432v1/summary,intent-vs-fact/arxiv:2609.01432v1/abstract,derived_from,1
intent-vs-fact/arxiv:2609.01437v1/summary,intent-vs-fact/arxiv:2609.01437v1/abstract,derived_from,1
intent-vs-fact/arxiv:2609.01455v1/summary,intent-vs-fact/arxiv:2609.01455v1/abstract,derived_from,1
intent-vs-fact/arxiv:2609.01456v1/summary,intent-vs-fact/arxiv:2609.01456v1/abstract,derived_from,1
intent-vs-fact/arxiv:2609.01466v1/summary,intent-vs-fact/arxiv:2609.01466v1/abstract,derived_from,1
intent-vs-fact/arxiv:2609.01481v1/summary,intent-vs-fact/arxiv:2609.01481v1/abstract,derived_from,1
intent-vs-fact/arxiv:2609.01487v1/summary,intent-vs-fact/arxiv:2609.01487v1/abstract,derived_from,1
intent-vs-fact/arxiv:2609.01491v1/summary,intent-vs-fact/arxiv:2609.01491v1/abstract,derived_from,1
intent-vs-fact/arxiv:2609.01493v2/summary,intent-vs-fact/arxiv:2609.01493v2/abstract,derived_from,1
intent-vs-fact/arxiv:2609.01495v1/summary,intent-vs-fact/arxiv:2609.01495v1/abstract,derived_from,1
intent-vs-fact/arxiv:2609.01507v2/summary,intent-vs-fact/arxiv:2609.01507v2/abstract,derived_from,1
intent-vs-fact/arxiv:2609.01515v1/summary,intent-vs-fact/arxiv:2609.01515v1/abstract,derived_from,1
intent-vs-fact/arxiv:2609.01519v1/summary,intent-vs-fact/arxiv:2609.01519v1/abstract,derived_from,1
intent-vs-fact/arxiv:2609.01525v1/summary,intent-vs-fact/arxiv:2609.01525v1/abstract,derived_from,1
intent-vs-fact/arxiv:2609.01526v1/summary,intent-vs-fact/arxiv:2609.01526v1/abstract,derived_from,1
intent-vs-fact/arxiv:2609.01532v2/summary,intent-vs-fact/arxiv:2609.01532v2/abstract,derived_from,1
intent-vs-fact/arxiv:2609.01535v1/summary,intent-vs-fact/arxiv:2609.01535v1/abstract,derived_from,1
intent-vs-fact/arxiv:2609.01548v1/summary,intent-vs-fact/arxiv:2609.01548v1/abstract,derived_from,1
intent-vs-fact/arxiv:2609.01550v2/summary,intent-vs-fact/arxiv:2609.01550v2/abstract,derived_from,1
intent-vs-fact/arxiv:2609.01552v1/summary,intent-vs-fact/arxiv:2609.01552v1/abstract,derived_from,1
intent-vs-fact/arxiv:2609.01554v1/summary,intent-vs-fact/arxiv:2609.01554v1/abstract,derived_from,1
intent-vs-fact/arxiv:2609.01556v1/summary,intent-vs-fact/arxiv:2609.01556v1/abstract,derived_from,1
intent-vs-fact/arxiv:2609.01560v1/summary,intent-vs-fact/arxiv:2609.01560v1/abstract,derived_from,1
intent-vs-fact/arxiv:2609.01563v1/summary,intent-vs-fact/arxiv:2609.01563v1/abstract,derived_from,1
intent-vs-fact/arxiv:2609.01564v1/summary,intent-vs-fact/arxiv:2609.01564v1/abstract,derived_from,1
intent-vs-fact/arxiv:2609.01567v2/summary,intent-vs-fact/arxiv:2609.01567v2/abstract,derived_from,1
intent-vs-fact/arxiv:2609.01572v1/summary,intent-vs-fact/arxiv:2609.01572v1/abstract,derived_from,1
intent-vs-fact/arxiv:2609.01573v1/summary,intent-vs-fact/arxiv:2609.01573v1/abstract,derived_from,1
intent-vs-fact/arxiv:2609.01575v1/summary,intent-vs-fact/arxiv:2609.01575v1/abstract,derived_from,1
intent-vs-fact/arxiv:2609.01587v1/summary,intent-vs-fact/arxiv:2609.01587v1/abstract,derived_from,1
intent-vs-fact/arxiv:2609.01588v1/summary,intent-vs-fact/arxiv:2609.01588v1/abstract,derived_from,1
intent-vs-fact/arxiv:2609.01591v1/summary,intent-vs-fact/arxiv:2609.01591v1/abstract,derived_from,1
intent-vs-fact/arxiv:2609.01595v1/summary,intent-vs-fact/arxiv:2609.01595v1/abstract,derived_from,1
intent-vs-fact/arxiv:2609.01597v1/summary,intent-vs-fact/arxiv:2609.01597v1/abstract,derived_from,1
intent-vs-fact/arxiv:2609.01600v1/summary,intent-vs-fact/arxiv:2609.01600v1/abstract,derived_from,1
intent-vs-fact/arxiv:2609.01601v1/summary,intent-vs-fact/arxiv:2609.01601v1/abstract,derived_from,1
intent-vs-fact/arxiv:2609.01603v1/summary,intent-vs-fact/arxiv:2609.01603v1/abstract,derived_from,1
intent-vs-fact/arxiv:2609.01604v1/summary,intent-vs-fact/arxiv:2609.01604v1/abstract,derived_from,1
intent-vs-fact/arxiv:2609.01736v1/summary,intent-vs-fact/arxiv:2609.01736v1/abstract,derived_from,1
intent-vs-fact/arxiv:2609.01779v1/summary,intent-vs-fact/arxiv:2609.01779v1/abstract,derived_from,1
intent-vs-fact/arxiv:2609.01838v1/summary,intent-vs-fact/arxiv:2609.01838v1/abstract,derived_from,1
intent-vs-fact/arxiv:2609.01870v1/summary,intent-vs-fact/arxiv:2609.01870v1/abstract,derived_from,1
intent-vs-fact/arxiv:2609.01873v1/summary,intent-vs-fact/arxiv:2609.01873v1/abstract,derived_from,1
intent-vs-fact/arxiv:2609.01931v1/summary,intent-vs-fact/arxiv:2609.01931v1/abstract,derived_from,1
intent-vs-fact/arxiv:2609.01939v1/summary,intent-vs-fact/arxiv:2609.01939v1/abstract,derived_from,1
intent-vs-fact/arxiv:2609.01985v1/summary,intent-vs-fact/arxiv:2609.01985v1/abstract,derived_from,1
intent-vs-fact/arxiv:2609.01992v1/summary,intent-vs-fact/arxiv:2609.01992v1/abstract,derived_from,1
intent-vs-fact/arxiv:2609.02242v1/summary,intent-vs-fact/arxiv:2609.02242v1/abstract,derived_from,1
intent-vs-fact/arxiv:2609.02250v2/summary,intent-vs-fact/arxiv:2609.02250v2/abstract,derived_from,1
intent-vs-fact/arxiv:2609.02264v1/summary,intent-vs-fact/arxiv:2609.02264v1/abstract,derived_from,1
intent-vs-fact/arxiv:2609.02473v1/summary,intent-vs-fact/arxiv:2609.02473v1/abstract,derived_from,1
intent-vs-fact/arxiv:2609.02480v1/summary,intent-vs-fact/arxiv:2609.02480v1/abstract,derived_from,1
intent-vs-fact/arxiv:2609.02482v1/summary,intent-vs-fact/arxiv:2609.02482v1/abstract,derived_from,1
intent-vs-fact/arxiv:2609.02486v2/summary,intent-vs-fact/arxiv:2609.02486v2/abstract,derived_from,1
intent-vs-fact/arxiv:2609.02496v1/summary,intent-vs-fact/arxiv:2609.02496v1/abstract,derived_from,1
intent-vs-fact/arxiv:2609.02497v1/summary,intent-vs-fact/arxiv:2609.02497v1/abstract,derived_from,1
intent-vs-fact/arxiv:2609.02502v1/summary,intent-vs-fact/arxiv:2609.02502v1/abstract,derived_from,1
intent-vs-fact/arxiv:2609.02519v1/summary,intent-vs-fact/arxiv:2609.02519v1/abstract,derived_from,1
intent-vs-fact/arxiv:2609.02526v1/summary,intent-vs-fact/arxiv:2609.02526v1/abstract,derived_from,1
intent-vs-fact/arxiv:2609.02529v1/summary,intent-vs-fact/arxiv:2609.02529v1/abstract,derived_from,1
intent-vs-fact/arxiv:2609.02548v1/summary,intent-vs-fact/arxiv:2609.02548v1/abstract,derived_from,1
intent-vs-fact/arxiv:2609.02549v1/summary,intent-vs-fact/arxiv:2609.02549v1/abstract,derived_from,1
intent-vs-fact/arxiv:2609.02580v1/summary,intent-vs-fact/arxiv:2609.02580v1/abstract,derived_from,1
intent-vs-fact/arxiv:2609.02606v1/summary,intent-vs-fact/arxiv:2609.02606v1/abstract,derived_from,1
intent-vs-fact/arxiv:2609.02620v1/summary,intent-vs-fact/arxiv:2609.02620v1/abstract,derived_from,1
intent-vs-fact/arxiv:2609.02623v1/summary,intent-vs-fact/arxiv:2609.02623v1/abstract,derived_from,1
intent-vs-fact/arxiv:2609.02624v1/summary,intent-vs-fact/arxiv:2609.02624v1/abstract,derived_from,1
intent-vs-fact/arxiv:2609.02639v1/summary,intent-vs-fact/arxiv:2609.02639v1/abstract,derived_from,1
intent-vs-fact/arxiv:2609.02649v1/summary,intent-vs-fact/arxiv:2609.02649v1/abstract,derived_from,1
intent-vs-fact/arxiv:2609.02651v1/summary,intent-vs-fact/arxiv:2609.02651v1/abstract,derived_from,1
intent-vs-fact/arxiv:2609.02672v1/summary,intent-vs-fact/arxiv:2609.02672v1/abstract,derived_from,1
intent-vs-fact/arxiv:2609.02679v3/summary,intent-vs-fact/arxiv:2609.02679v3/abstract,derived_from,1
intent-vs-fact/arxiv:2609.02685v1/summary,intent-vs-fact/arxiv:2609.02685v1/abstract,derived_from,1
intent-vs-fact/arxiv:2609.02702v1/summary,intent-vs-fact/arxiv:2609.02702v1/abstract,derived_from,1
intent-vs-fact/arxiv:2609.02707v1/summary,intent-vs-fact/arxiv:2609.02707v1/abstract,derived_from,1
intent-vs-fact/arxiv:2609.02730v1/summary,intent-vs-fact/arxiv:2609.02730v1/abstract,derived_from,1
intent-vs-fact/arxiv:2609.02731v1/summary,intent-vs-fact/arxiv:2609.02731v1/abstract,derived_from,1
intent-vs-fact/arxiv:2609.02735v1/summary,intent-vs-fact/arxiv:2609.02735v1/abstract,derived_from,1
intent-vs-fact/arxiv:2609.02737v1/summary,intent-vs-fact/arxiv:2609.02737v1/abstract,derived_from,1
intent-vs-fact/arxiv:2609.02745v1/summary,intent-vs-fact/arxiv:2609.02745v1/abstract,derived_from,1
intent-vs-fact/arxiv:2609.02746v1/summary,intent-vs-fact/arxiv:2609.02746v1/abstract,derived_from,1
intent-vs-fact/arxiv:2609.02749v1/summary,intent-vs-fact/arxiv:2609.02749v1/abstract,derived_from,1
intent-vs-fact/arxiv:2609.02750v1/summary,intent-vs-fact/arxiv:2609.02750v1/abstract,derived_from,1
intent-vs-fact/arxiv:2609.02754v2/summary,intent-vs-fact/arxiv:2609.02754v2/abstract,derived_from,1
intent-vs-fact/arxiv:2609.02760v1/summary,intent-vs-fact/arxiv:2609.02760v1/abstract,derived_from,1
intent-vs-fact/arxiv:2609.02771v1/summary,intent-vs-fact/arxiv:2609.02771v1/abstract,derived_from,1
intent-vs-fact/arxiv:2609.02772v1/summary,intent-vs-fact/arxiv:2609.02772v1/abstract,derived_from,1
intent-vs-fact/arxiv:2609.02780v1/summary,intent-vs-fact/arxiv:2609.02780v1/abstract,derived_from,1
intent-vs-fact/arxiv:2609.02783v1/summary,intent-vs-fact/arxiv:2609.02783v1/abstract,derived_from,1
intent-vs-fact/arxiv:2609.02786v1/summary,intent-vs-fact/arxiv:2609.02786v1/abstract,derived_from,1
intent-vs-fact/arxiv:2609.02796v1/summary,intent-vs-fact/arxiv:2609.02796v1/abstract,derived_from,1
intent-vs-fact/arxiv:2609.02797v1/summary,intent-vs-fact/arxiv:2609.02797v1/abstract,derived_from,1
intent-vs-fact/arxiv:2609.02804v1/summary,intent-vs-fact/arxiv:2609.02804v1/abstract,derived_from,1
intent-vs-fact/arxiv:2609.02805v1/summary,intent-vs-fact/arxiv:2609.02805v1/abstract,derived_from,1
intent-vs-fact/arxiv:2609.02821v1/summary,intent-vs-fact/arxiv:2609.02821v1/abstract,derived_from,1
intent-vs-fact/arxiv:2609.02849v2/summary,intent-vs-fact/arxiv:2609.02849v2/abstract,derived_from,1
intent-vs-fact/arxiv:2609.02859v1/summary,intent-vs-fact/arxiv:2609.02859v1/abstract,derived_from,1
intent-vs-fact/arxiv:2609.02861v1/summary,intent-vs-fact/arxiv:2609.02861v1/abstract,derived_from,1
intent-vs-fact/arxiv:2609.02885v1/summary,intent-vs-fact/arxiv:2609.02885v1/abstract,derived_from,1
intent-vs-fact/arxiv:2609.02967v1/summary,intent-vs-fact/arxiv:2609.02967v1/abstract,derived_from,1
intent-vs-fact/arxiv:2609.02984v1/summary,intent-vs-fact/arxiv:2609.02984v1/abstract,derived_from,1
intent-vs-fact/arxiv:2609.02992v1/summary,intent-vs-fact/arxiv:2609.02992v1/abstract,derived_from,1
intent-vs-fact/arxiv:2609.03035v1/summary,intent-vs-fact/arxiv:2609.03035v1/abstract,derived_from,1
intent-vs-fact/arxiv:2609.03192v1/summary,intent-vs-fact/arxiv:2609.03192v1/abstract,derived_from,1
intent-vs-fact/arxiv:2609.03236v1/summary,intent-vs-fact/arxiv:2609.03236v1/abstract,derived_from,1
intent-vs-fact/arxiv:2609.03308v1/summary,intent-vs-fact/arxiv:2609.03308v1/abstract,derived_from,1
intent-vs-fact/arxiv:2609.03422v1/summary,intent-vs-fact/arxiv:2609.03422v1/abstract,derived_from,1
intent-vs-fact/arxiv:2609.03425v1/summary,intent-vs-fact/arxiv:2609.03425v1/abstract,derived_from,1
intent-vs-fact/arxiv:2609.03753v3/summary,intent-vs-fact/arxiv:2609.03753v3/abstract,derived_from,1
intent-vs-fact/arxiv:2609.03844v1/summary,intent-vs-fact/arxiv:2609.03844v1/abstract,derived_from,1
intent-vs-fact/arxiv:2609.03871v2/summary,intent-vs-fact/arxiv:2609.03871v2/abstract,derived_from,1
intent-vs-fact/arxiv:2609.03887v1/summary,intent-vs-fact/arxiv:2609.03887v1/abstract,derived_from,1
intent-vs-fact/arxiv:2609.03894v1/summary,intent-vs-fact/arxiv:2609.03894v1/abstract,derived_from,1
intent-vs-fact/arxiv:2609.03915v1/summary,intent-vs-fact/arxiv:2609.03915v1/abstract,derived_from,1
intent-vs-fact/arxiv:2609.03923v1/summary,intent-vs-fact/arxiv:2609.03923v1/abstract,derived_from,1
intent-vs-fact/arxiv:2609.03930v2/summary,intent-vs-fact/arxiv:2609.03930v2/abstract,derived_from,1
intent-vs-fact/arxiv:2609.03941v1/summary,intent-vs-fact/arxiv:2609.03941v1/abstract,derived_from,1
intent-vs-fact/arxiv:2609.03943v1/summary,intent-vs-fact/arxiv:2609.03943v1/abstract,derived_from,1
intent-vs-fact/arxiv:2609.03949v2/summary,intent-vs-fact/arxiv:2609.03949v2/abstract,derived_from,1
intent-vs-fact/arxiv:2609.03953v1/summary,intent-vs-fact/arxiv:2609.03953v1/abstract,derived_from,1
intent-vs-fact/arxiv:2609.03955v1/summary,intent-vs-fact/arxiv:2609.03955v1/abstract,derived_from,1
intent-vs-fact/arxiv:2609.03960v1/summary,intent-vs-fact/arxiv:2609.03960v1/abstract,derived_from,1
intent-vs-fact/arxiv:2609.03967v1/summary,intent-vs-fact/arxiv:2609.03967v1/abstract,derived_from,1
intent-vs-fact/arxiv:2609.03985v1/summary,intent-vs-fact/arxiv:2609.03985v1/abstract,derived_from,1
intent-vs-fact/arxiv:2609.03992v1/summary,intent-vs-fact/arxiv:2609.03992v1/abstract,derived_from,1
intent-vs-fact/arxiv:2609.04022v1/summary,intent-vs-fact/arxiv:2609.04022v1/abstract,derived_from,1
intent-vs-fact/arxiv:2609.04024v1/summary,intent-vs-fact/arxiv:2609.04024v1/abstract,derived_from,1
intent-vs-fact/arxiv:2609.04034v2/summary,intent-vs-fact/arxiv:2609.04034v2/abstract,derived_from,1
intent-vs-fact/arxiv:2609.04047v1/summary,intent-vs-fact/arxiv:2609.04047v1/abstract,derived_from,1
intent-vs-fact/arxiv:2609.04048v1/summary,intent-vs-fact/arxiv:2609.04048v1/abstract,derived_from,1
intent-vs-fact/arxiv:2609.04061v1/summary,intent-vs-fact/arxiv:2609.04061v1/abstract,derived_from,1
intent-vs-fact/arxiv:2609.04063v1/summary,intent-vs-fact/arxiv:2609.04063v1/abstract,derived_from,1
intent-vs-fact/arxiv:2609.04066v1/summary,intent-vs-fact/arxiv:2609.04066v1/abstract,derived_from,1
intent-vs-fact/arxiv:2609.04071v1/summary,intent-vs-fact/arxiv:2609.04071v1/abstract,derived_from,1
intent-vs-fact/arxiv:2609.04075v1/summary,intent-vs-fact/arxiv:2609.04075v1/abstract,derived_from,1
intent-vs-fact/arxiv:2609.04083v1/summary,intent-vs-fact/arxiv:2609.04083v1/abstract,derived_from,1
intent-vs-fact/arxiv:2609.04086v1/summary,intent-vs-fact/arxiv:2609.04086v1/abstract,derived_from,1
intent-vs-fact/arxiv:2609.04094v1/summary,intent-vs-fact/arxiv:2609.04094v1/abstract,derived_from,1
intent-vs-fact/arxiv:2609.04096v1/summary,intent-vs-fact/arxiv:2609.04096v1/abstract,derived_from,1
intent-vs-fact/arxiv:2609.04098v1/summary,intent-vs-fact/arxiv:2609.04098v1/abstract,derived_from,1
intent-vs-fact/arxiv:2609.04108v2/summary,intent-vs-fact/arxiv:2609.04108v2/abstract,derived_from,1
intent-vs-fact/arxiv:2609.04127v1/summary,intent-vs-fact/arxiv:2609.04127v1/abstract,derived_from,1
intent-vs-fact/arxiv:2609.04128v1/summary,intent-vs-fact/arxiv:2609.04128v1/abstract,derived_from,1
intent-vs-fact/arxiv:2609.04135v1/summary,intent-vs-fact/arxiv:2609.04135v1/abstract,derived_from,1
intent-vs-fact/arxiv:2609.04141v1/summary,intent-vs-fact/arxiv:2609.04141v1/abstract,derived_from,1
intent-vs-fact/arxiv:2609.04147v1/summary,intent-vs-fact/arxiv:2609.04147v1/abstract,derived_from,1
intent-vs-fact/arxiv:2609.04148v1/summary,intent-vs-fact/arxiv:2609.04148v1/abstract,derived_from,1
intent-vs-fact/arxiv:2609.04159v1/summary,intent-vs-fact/arxiv:2609.04159v1/abstract,derived_from,1
intent-vs-fact/arxiv:2609.04166v1/summary,intent-vs-fact/arxiv:2609.04166v1/abstract,derived_from,1
intent-vs-fact/arxiv:2609.04167v1/summary,intent-vs-fact/arxiv:2609.04167v1/abstract,derived_from,1
intent-vs-fact/arxiv:2609.04170v1/summary,intent-vs-fact/arxiv:2609.04170v1/abstract,derived_from,1
intent-vs-fact/arxiv:2609.04172v1/summary,intent-vs-fact/arxiv:2609.04172v1/abstract,derived_from,1
intent-vs-fact/arxiv:2609.04173v1/summary,intent-vs-fact/arxiv:2609.04173v1/abstract,derived_from,1
intent-vs-fact/arxiv:2609.04177v1/summary,intent-vs-fact/arxiv:2609.04177v1/abstract,derived_from,1
intent-vs-fact/arxiv:2609.04180v1/summary,intent-vs-fact/arxiv:2609.04180v1/abstract,derived_from,1
intent-vs-fact/arxiv:2609.04183v1/summary,intent-vs-fact/arxiv:2609.04183v1/abstract,derived_from,1
intent-vs-fact/arxiv:2609.04189v1/summary,intent-vs-fact/arxiv:2609.04189v1/abstract,derived_from,1
intent-vs-fact/arxiv:2609.04190v1/summary,intent-vs-fact/arxiv:2609.04190v1/abstract,derived_from,1
intent-vs-fact/arxiv:2609.04194v1/summary,intent-vs-fact/arxiv:2609.04194v1/abstract,derived_from,1
intent-vs-fact/arxiv:2609.04197v1/summary,intent-vs-fact/arxiv:2609.04197v1/abstract,derived_from,1
intent-vs-fact/arxiv:2609.04198v1/summary,intent-vs-fact/arxiv:2609.04198v1/abstract,derived_from,1
intent-vs-fact/arxiv:2609.04199v1/summary,intent-vs-fact/arxiv:2609.04199v1/abstract,derived_from,1
intent-vs-fact/arxiv:2609.04270v1/summary,intent-vs-fact/arxiv:2609.04270v1/abstract,derived_from,1
intent-vs-fact/arxiv:2609.04280v2/summary,intent-vs-fact/arxiv:2609.04280v2/abstract,derived_from,1
intent-vs-fact/arxiv:2609.04303v1/summary,intent-vs-fact/arxiv:2609.04303v1/abstract,derived_from,1
intent-vs-fact/arxiv:2609.04394v1/summary,intent-vs-fact/arxiv:2609.04394v1/abstract,derived_from,1
intent-vs-fact/arxiv:2609.04564v1/summary,intent-vs-fact/arxiv:2609.04564v1/abstract,derived_from,1
intent-vs-fact/arxiv:2609.04894v1/summary,intent-vs-fact/arxiv:2609.04894v1/abstract,derived_from,1
intent-vs-fact/arxiv:2609.04962v1/summary,intent-vs-fact/arxiv:2609.04962v1/abstract,derived_from,1
intent-vs-fact/arxiv:2609.04971v1/summary,intent-vs-fact/arxiv:2609.04971v1/abstract,derived_from,1
intent-vs-fact/arxiv:2609.04983v1/summary,intent-vs-fact/arxiv:2609.04983v1/abstract,derived_from,1
intent-vs-fact/arxiv:2609.04999v1/summary,intent-vs-fact/arxiv:2609.04999v1/abstract,derived_from,1
intent-vs-fact/arxiv:2609.05018v3/summary,intent-vs-fact/arxiv:2609.05018v3/abstract,derived_from,1
intent-vs-fact/arxiv:2609.05022v1/summary,intent-vs-fact/arxiv:2609.05022v1/abstract,derived_from,1
intent-vs-fact/arxiv:2609.05025v1/summary,intent-vs-fact/arxiv:2609.05025v1/abstract,derived_from,1
intent-vs-fact/arxiv:2609.05036v1/summary,intent-vs-fact/arxiv:2609.05036v1/abstract,derived_from,1
intent-vs-fact/arxiv:2609.05037v1/summary,intent-vs-fact/arxiv:2609.05037v1/abstract,derived_from,1
intent-vs-fact/arxiv:2609.05043v1/summary,intent-vs-fact/arxiv:2609.05043v1/abstract,derived_from,1
intent-vs-fact/arxiv:2609.05059v2/summary,intent-vs-fact/arxiv:2609.05059v2/abstract,derived_from,1
intent-vs-fact/arxiv:2609.05069v1/summary,intent-vs-fact/arxiv:2609.05069v1/abstract,derived_from,1
intent-vs-fact/arxiv:2609.05074v1/summary,intent-vs-fact/arxiv:2609.05074v1/abstract,derived_from,1
intent-vs-fact/arxiv:2609.05079v2/summary,intent-vs-fact/arxiv:2609.05079v2/abstract,derived_from,1
intent-vs-fact/arxiv:2609.05088v1/summary,intent-vs-fact/arxiv:2609.05088v1/abstract,derived_from,1
intent-vs-fact/arxiv:2609.05099v1/summary,intent-vs-fact/arxiv:2609.05099v1/abstract,derived_from,1
intent-vs-fact/arxiv:2609.05139v1/summary,intent-vs-fact/arxiv:2609.05139v1/abstract,derived_from,1
intent-vs-fact/arxiv:2609.05143v1/summary,intent-vs-fact/arxiv:2609.05143v1/abstract,derived_from,1
intent-vs-fact/arxiv:2609.05149v1/summary,intent-vs-fact/arxiv:2609.05149v1/abstract,derived_from,1
intent-vs-fact/arxiv:2609.05151v1/summary,intent-vs-fact/arxiv:2609.05151v1/abstract,derived_from,1
intent-vs-fact/arxiv:2609.05152v1/summary,intent-vs-fact/arxiv:2609.05152v1/abstract,derived_from,1
intent-vs-fact/arxiv:2609.05175v1/summary,intent-vs-fact/arxiv:2609.05175v1/abstract,derived_from,1
intent-vs-fact/arxiv:2609.05189v2/summary,intent-vs-fact/arxiv:2609.05189v2/abstract,derived_from,1
intent-vs-fact/arxiv:2609.05221v1/summary,intent-vs-fact/arxiv:2609.05221v1/abstract,derived_from,1
intent-vs-fact/arxiv:2609.05257v1/summary,intent-vs-fact/arxiv:2609.05257v1/abstract,derived_from,1
intent-vs-fact/arxiv:2609.05258v2/summary,intent-vs-fact/arxiv:2609.05258v2/abstract,derived_from,1
intent-vs-fact/arxiv:2609.05261v1/summary,intent-vs-fact/arxiv:2609.05261v1/abstract,derived_from,1
intent-vs-fact/arxiv:2609.05262v1/summary,intent-vs-fact/arxiv:2609.05262v1/abstract,derived_from,1
intent-vs-fact/arxiv:2609.05269v1/summary,intent-vs-fact/arxiv:2609.05269v1/abstract,derived_from,1
intent-vs-fact/arxiv:2609.05270v1/summary,intent-vs-fact/arxiv:2609.05270v1/abstract,derived_from,1
intent-vs-fact/arxiv:2609.05275v1/summary,intent-vs-fact/arxiv:2609.05275v1/abstract,derived_from,1
intent-vs-fact/arxiv:2609.05279v1/summary,intent-vs-fact/arxiv:2609.05279v1/abstract,derived_from,1
intent-vs-fact/arxiv:2609.05284v1/summary,intent-vs-fact/arxiv:2609.05284v1/abstract,derived_from,1
intent-vs-fact/arxiv:2609.05289v1/summary,intent-vs-fact/arxiv:2609.05289v1/abstract,derived_from,1
intent-vs-fact/arxiv:2609.05295v1/summary,intent-vs-fact/arxiv:2609.05295v1/abstract,derived_from,1
intent-vs-fact/arxiv:2609.05296v1/summary,intent-vs-fact/arxiv:2609.05296v1/abstract,derived_from,1
intent-vs-fact/arxiv:2609.05298v1/summary,intent-vs-fact/arxiv:2609.05298v1/abstract,derived_from,1
intent-vs-fact/arxiv:2609.05309v1/summary,intent-vs-fact/arxiv:2609.05309v1/abstract,derived_from,1
intent-vs-fact/arxiv:2609.05314v1/summary,intent-vs-fact/arxiv:2609.05314v1/abstract,derived_from,1
intent-vs-fact/arxiv:2609.05324v1/summary,intent-vs-fact/arxiv:2609.05324v1/abstract,derived_from,1
intent-vs-fact/arxiv:2609.05327v1/summary,intent-vs-fact/arxiv:2609.05327v1/abstract,derived_from,1
intent-vs-fact/arxiv:2609.05333v1/summary,intent-vs-fact/arxiv:2609.05333v1/abstract,derived_from,1
intent-vs-fact/arxiv:2609.05334v1/summary,intent-vs-fact/arxiv:2609.05334v1/abstract,derived_from,1
intent-vs-fact/arxiv:2609.05335v1/summary,intent-vs-fact/arxiv:2609.05335v1/abstract,derived_from,1
intent-vs-fact/arxiv:2609.05339v1/summary,intent-vs-fact/arxiv:2609.05339v1/abstract,derived_from,1
intent-vs-fact/arxiv:2609.05340v1/summary,intent-vs-fact/arxiv:2609.05340v1/abstract,derived_from,1
intent-vs-fact/arxiv:2609.05342v1/summary,intent-vs-fact/arxiv:2609.05342v1/abstract,derived_from,1
intent-vs-fact/arxiv:2609.05346v1/summary,intent-vs-fact/arxiv:2609.05346v1/abstract,derived_from,1
intent-vs-fact/arxiv:2609.05364v1/summary,intent-vs-fact/arxiv:2609.05364v1/abstract,derived_from,1
intent-vs-fact/arxiv:2609.05370v1/summary,intent-vs-fact/arxiv:2609.05370v1/abstract,derived_from,1
intent-vs-fact/arxiv:2609.05374v1/summary,intent-vs-fact/arxiv:2609.05374v1/abstract,derived_from,1
intent-vs-fact/arxiv:2609.05376v1/summary,intent-vs-fact/arxiv:2609.05376v1/abstract,derived_from,1
intent-vs-fact/arxiv:2609.05381v1/summary,intent-vs-fact/arxiv:2609.05381v1/abstract,derived_from,1
intent-vs-fact/arxiv:2609.05382v1/summary,intent-vs-fact/arxiv:2609.05382v1/abstract,derived_from,1
intent-vs-fact/arxiv:2609.05385v2/summary,intent-vs-fact/arxiv:2609.05385v2/abstract,derived_from,1
intent-vs-fact/arxiv:2609.05395v1/summary,intent-vs-fact/arxiv:2609.05395v1/abstract,derived_from,1
intent-vs-fact/arxiv:2609.05396v1/summary,intent-vs-fact/arxiv:2609.05396v1/abstract,derived_from,1
intent-vs-fact/arxiv:2609.05401v1/summary,intent-vs-fact/arxiv:2609.05401v1/abstract,derived_from,1
intent-vs-fact/arxiv:2609.05403v1/summary,intent-vs-fact/arxiv:2609.05403v1/abstract,derived_from,1
intent-vs-fact/arxiv:2609.05404v1/summary,intent-vs-fact/arxiv:2609.05404v1/abstract,derived_from,1
intent-vs-fact/arxiv:2609.05405v1/summary,intent-vs-fact/arxiv:2609.05405v1/abstract,derived_from,1
intent-vs-fact/arxiv:2609.05663v1/summary,intent-vs-fact/arxiv:2609.05663v1/abstract,derived_from,1
intent-vs-fact/arxiv:2609.05708v1/summary,intent-vs-fact/arxiv:2609.05708v1/abstract,derived_from,1
intent-vs-fact/arxiv:2609.05739v1/summary,intent-vs-fact/arxiv:2609.05739v1/abstract,derived_from,1
intent-vs-fact/arxiv:2609.05740v1/summary,intent-vs-fact/arxiv:2609.05740v1/abstract,derived_from,1
intent-vs-fact/arxiv:2609.05741v1/summary,intent-vs-fact/arxiv:2609.05741v1/abstract,derived_from,1
intent-vs-fact/arxiv:2609.06140v1/summary,intent-vs-fact/arxiv:2609.06140v1/abstract,derived_from,1
intent-vs-fact/arxiv:2609.06273v1/summary,intent-vs-fact/arxiv:2609.06273v1/abstract,derived_from,1
intent-vs-fact/arxiv:2609.06355v1/summary,intent-vs-fact/arxiv:2609.06355v1/abstract,derived_from,1
intent-vs-fact/arxiv:2609.06500v1/summary,intent-vs-fact/arxiv:2609.06500v1/abstract,derived_from,1
intent-vs-fact/arxiv:2609.06586v2/summary,intent-vs-fact/arxiv:2609.06586v2/abstract,derived_from,1
intent-vs-fact/arxiv:2609.06983v2/summary,intent-vs-fact/arxiv:2609.06983v2/abstract,derived_from,1
intent-vs-fact/arxiv:2609.07328v1/summary,intent-vs-fact/arxiv:2609.07328v1/abstract,derived_from,1
intent-vs-fact/arxiv:2609.07350v1/summary,intent-vs-fact/arxiv:2609.07350v1/abstract,derived_from,1
intent-vs-fact/arxiv:2609.07397v1/summary,intent-vs-fact/arxiv:2609.07397v1/abstract,derived_from,1
intent-vs-fact/arxiv:2609.07479v1/summary,intent-vs-fact/arxiv:2609.07479v1/abstract,derived_from,1
intent-vs-fact/arxiv:2609.07618v1/summary,intent-vs-fact/arxiv:2609.07618v1/abstract,derived_from,1
intent-vs-fact/arxiv:2609.07680v1/summary,intent-vs-fact/arxiv:2609.07680v1/abstract,derived_from,1
intent-vs-fact/arxiv:2609.07689v1/summary,intent-vs-fact/arxiv:2609.07689v1/abstract,derived_from,1
intent-vs-fact/arxiv:2609.07720v1/summary,intent-vs-fact/arxiv:2609.07720v1/abstract,derived_from,1
intent-vs-fact/arxiv:2609.08033v1/summary,intent-vs-fact/arxiv:2609.08033v1/abstract,derived_from,1
intent-vs-fact/arxiv:2609.08358v1/summary,intent-vs-fact/arxiv:2609.08358v1/abstract,derived_from,1
intent-vs-fact/arxiv:2609.08366v1/summary,intent-vs-fact/arxiv:2609.08366v1/abstract,derived_from,1
intent-vs-fact/arxiv:2609.08472v2/summary,intent-vs-fact/arxiv:2609.08472v2/abstract,derived_from,1
intent-vs-fact/arxiv:2609.08677v1/summary,intent-vs-fact/arxiv:2609.08677v1/abstract,derived_from,1
intent-vs-fact/arxiv:2609.08696v1/summary,intent-vs-fact/arxiv:2609.08696v1/abstract,derived_from,1
intent-vs-fact/arxiv:2609.08779v1/summary,intent-vs-fact/arxiv:2609.08779v1/abstract,derived_from,1
intent-vs-fact/arxiv:2609.08797v2/summary,intent-vs-fact/arxiv:2609.08797v2/abstract,derived_from,1
intent-vs-fact/arxiv:2609.08798v1/summary,intent-vs-fact/arxiv:2609.08798v1/abstract,derived_from,1
intent-vs-fact/arxiv:2609.08826v1/summary,intent-vs-fact/arxiv:2609.08826v1/abstract,derived_from,1
intent-vs-fact/arxiv:2609.08887v1/summary,intent-vs-fact/arxiv:2609.08887v1/abstract,derived_from,1
intent-vs-fact/arxiv:2609.08896v1/summary,intent-vs-fact/arxiv:2609.08896v1/abstract,derived_from,1
intent-vs-fact/arxiv:2609.08899v4/summary,intent-vs-fact/arxiv:2609.08899v4/abstract,derived_from,1
intent-vs-fact/arxiv:2609.08919v1/summary,intent-vs-fact/arxiv:2609.08919v1/abstract,derived_from,1
intent-vs-fact/arxiv:2609.08934v1/summary,intent-vs-fact/arxiv:2609.08934v1/abstract,derived_from,1
intent-vs-fact/arxiv:2609.08936v1/summary,intent-vs-fact/arxiv:2609.08936v1/abstract,derived_from,1
intent-vs-fact/arxiv:2609.08943v1/summary,intent-vs-fact/arxiv:2609.08943v1/abstract,derived_from,1
intent-vs-fact/arxiv:2609.08950v1/summary,intent-vs-fact/arxiv:2609.08950v1/abstract,derived_from,1
intent-vs-fact/arxiv:2609.08965v1/summary,intent-vs-fact/arxiv:2609.08965v1/abstract,derived_from,1
intent-vs-fact/arxiv:2609.08966v1/summary,intent-vs-fact/arxiv:2609.08966v1/abstract,derived_from,1
intent-vs-fact/arxiv:2609.08970v1/summary,intent-vs-fact/arxiv:2609.08970v1/abstract,derived_from,1
intent-vs-fact/arxiv:2609.08977v3/summary,intent-vs-fact/arxiv:2609.08977v3/abstract,derived_from,1
intent-vs-fact/arxiv:2609.08981v2/summary,intent-vs-fact/arxiv:2609.08981v2/abstract,derived_from,1
intent-vs-fact/arxiv:2609.09001v1/summary,intent-vs-fact/arxiv:2609.09001v1/abstract,derived_from,1
intent-vs-fact/arxiv:2609.09004v1/summary,intent-vs-fact/arxiv:2609.09004v1/abstract,derived_from,1
intent-vs-fact/arxiv:2609.09009v1/summary,intent-vs-fact/arxiv:2609.09009v1/abstract,derived_from,1
intent-vs-fact/arxiv:2609.09022v1/summary,intent-vs-fact/arxiv:2609.09022v1/abstract,derived_from,1
intent-vs-fact/arxiv:2609.09030v1/summary,intent-vs-fact/arxiv:2609.09030v1/abstract,derived_from,1
intent-vs-fact/arxiv:2609.09048v1/summary,intent-vs-fact/arxiv:2609.09048v1/abstract,derived_from,1
intent-vs-fact/arxiv:2609.09054v1/summary,intent-vs-fact/arxiv:2609.09054v1/abstract,derived_from,1
intent-vs-fact/arxiv:2609.09056v1/summary,intent-vs-fact/arxiv:2609.09056v1/abstract,derived_from,1
intent-vs-fact/arxiv:2609.09070v1/summary,intent-vs-fact/arxiv:2609.09070v1/abstract,derived_from,1
intent-vs-fact/arxiv:2609.09072v1/summary,intent-vs-fact/arxiv:2609.09072v1/abstract,derived_from,1
intent-vs-fact/arxiv:2609.09075v2/summary,intent-vs-fact/arxiv:2609.09075v2/abstract,derived_from,1
intent-vs-fact/arxiv:2609.09076v1/summary,intent-vs-fact/arxiv:2609.09076v1/abstract,derived_from,1
intent-vs-fact/arxiv:2609.09081v1/summary,intent-vs-fact/arxiv:2609.09081v1/abstract,derived_from,1
intent-vs-fact/arxiv:2609.09082v1/summary,intent-vs-fact/arxiv:2609.09082v1/abstract,derived_from,1
intent-vs-fact/arxiv:2609.09085v1/summary,intent-vs-fact/arxiv:2609.09085v1/abstract,derived_from,1
intent-vs-fact/arxiv:2609.09090v1/summary,intent-vs-fact/arxiv:2609.09090v1/abstract,derived_from,1
intent-vs-fact/arxiv:2609.09094v1/summary,intent-vs-fact/arxiv:2609.09094v1/abstract,derived_from,1
intent-vs-fact/arxiv:2609.09113v2/summary,intent-vs-fact/arxiv:2609.09113v2/abstract,derived_from,1
intent-vs-fact/arxiv:2609.09115v1/summary,intent-vs-fact/arxiv:2609.09115v1/abstract,derived_from,1
intent-vs-fact/arxiv:2609.09119v1/summary,intent-vs-fact/arxiv:2609.09119v1/abstract,derived_from,1
intent-vs-fact/arxiv:2609.09124v1/summary,intent-vs-fact/arxiv:2609.09124v1/abstract,derived_from,1
intent-vs-fact/arxiv:2609.09126v1/summary,intent-vs-fact/arxiv:2609.09126v1/abstract,derived_from,1
intent-vs-fact/arxiv:2609.09133v1/summary,intent-vs-fact/arxiv:2609.09133v1/abstract,derived_from,1
intent-vs-fact/arxiv:2609.09134v1/summary,intent-vs-fact/arxiv:2609.09134v1/abstract,derived_from,1
intent-vs-fact/arxiv:2609.09135v1/summary,intent-vs-fact/arxiv:2609.09135v1/abstract,derived_from,1
intent-vs-fact/arxiv:2609.09137v1/summary,intent-vs-fact/arxiv:2609.09137v1/abstract,derived_from,1
intent-vs-fact/arxiv:2609.09140v1/summary,intent-vs-fact/arxiv:2609.09140v1/abstract,derived_from,1
intent-vs-fact/arxiv:2609.09143v1/summary,intent-vs-fact/arxiv:2609.09143v1/abstract,derived_from,1
intent-vs-fact/arxiv:2609.09150v2/summary,intent-vs-fact/arxiv:2609.09150v2/abstract,derived_from,1
intent-vs-fact/arxiv:2609.09153v1/summary,intent-vs-fact/arxiv:2609.09153v1/abstract,derived_from,1
intent-vs-fact/arxiv:2609.09156v1/summary,intent-vs-fact/arxiv:2609.09156v1/abstract,derived_from,1
intent-vs-fact/arxiv:2609.09157v1/summary,intent-vs-fact/arxiv:2609.09157v1/abstract,derived_from,1
intent-vs-fact/arxiv:2609.09158v1/summary,intent-vs-fact/arxiv:2609.09158v1/abstract,derived_from,1
intent-vs-fact/arxiv:2609.09219v1/summary,intent-vs-fact/arxiv:2609.09219v1/abstract,derived_from,1
intent-vs-fact/arxiv:2609.09348v1/summary,intent-vs-fact/arxiv:2609.09348v1/abstract,derived_from,1
intent-vs-fact/arxiv:2609.09384v1/summary,intent-vs-fact/arxiv:2609.09384v1/abstract,derived_from,1
intent-vs-fact/arxiv:2609.09503v1/summary,intent-vs-fact/arxiv:2609.09503v1/abstract,derived_from,1
intent-vs-fact/arxiv:2609.09628v1/summary,intent-vs-fact/arxiv:2609.09628v1/abstract,derived_from,1
intent-vs-fact/arxiv:2609.09815v1/summary,intent-vs-fact/arxiv:2609.09815v1/abstract,derived_from,1
intent-vs-fact/arxiv:2609.10092v1/summary,intent-vs-fact/arxiv:2609.10092v1/abstract,derived_from,1
intent-vs-fact/arxiv:2609.10113v1/summary,intent-vs-fact/arxiv:2609.10113v1/abstract,derived_from,1
intent-vs-fact/arxiv:2609.10122v1/summary,intent-vs-fact/arxiv:2609.10122v1/abstract,derived_from,1
intent-vs-fact/arxiv:2609.10123v1/summary,intent-vs-fact/arxiv:2609.10123v1/abstract,derived_from,1
intent-vs-fact/arxiv:2609.10142v1/summary,intent-vs-fact/arxiv:2609.10142v1/abstract,derived_from,1
intent-vs-fact/arxiv:2609.10144v1/summary,intent-vs-fact/arxiv:2609.10144v1/abstract,derived_from,1
intent-vs-fact/arxiv:2609.10153v1/summary,intent-vs-fact/arxiv:2609.10153v1/abstract,derived_from,1
intent-vs-fact/arxiv:2609.10155v1/summary,intent-vs-fact/arxiv:2609.10155v1/abstract,derived_from,1
intent-vs-fact/arxiv:2609.10177v1/summary,intent-vs-fact/arxiv:2609.10177v1/abstract,derived_from,1
intent-vs-fact/arxiv:2609.10181v2/summary,intent-vs-fact/arxiv:2609.10181v2/abstract,derived_from,1
intent-vs-fact/arxiv:2609.10192v1/summary,intent-vs-fact/arxiv:2609.10192v1/abstract,derived_from,1
intent-vs-fact/arxiv:2609.10198v1/summary,intent-vs-fact/arxiv:2609.10198v1/abstract,derived_from,1
intent-vs-fact/arxiv:2609.10210v1/summary,intent-vs-fact/arxiv:2609.10210v1/abstract,derived_from,1
intent-vs-fact/arxiv:2609.10221v2/summary,intent-vs-fact/arxiv:2609.10221v2/abstract,derived_from,1
intent-vs-fact/arxiv:2609.10225v1/summary,intent-vs-fact/arxiv:2609.10225v1/abstract,derived_from,1
intent-vs-fact/arxiv:2609.10226v1/summary,intent-vs-fact/arxiv:2609.10226v1/abstract,derived_from,1
intent-vs-fact/arxiv:2609.10237v1/summary,intent-vs-fact/arxiv:2609.10237v1/abstract,derived_from,1
intent-vs-fact/arxiv:2609.10239v1/summary,intent-vs-fact/arxiv:2609.10239v1/abstract,derived_from,1
intent-vs-fact/arxiv:2609.10244v1/summary,intent-vs-fact/arxiv:2609.10244v1/abstract,derived_from,1
intent-vs-fact/arxiv:2609.10248v1/summary,intent-vs-fact/arxiv:2609.10248v1/abstract,derived_from,1
intent-vs-fact/arxiv:2609.10253v1/summary,intent-vs-fact/arxiv:2609.10253v1/abstract,derived_from,1
intent-vs-fact/arxiv:2609.10263v1/summary,intent-vs-fact/arxiv:2609.10263v1/abstract,derived_from,1
intent-vs-fact/arxiv:2609.10266v1/summary,intent-vs-fact/arxiv:2609.10266v1/abstract,derived_from,1
intent-vs-fact/arxiv:2609.10277v1/summary,intent-vs-fact/arxiv:2609.10277v1/abstract,derived_from,1
intent-vs-fact/arxiv:2609.10293v1/summary,intent-vs-fact/arxiv:2609.10293v1/abstract,derived_from,1
intent-vs-fact/arxiv:2609.10296v1/summary,intent-vs-fact/arxiv:2609.10296v1/abstract,derived_from,1
intent-vs-fact/arxiv:2609.10298v1/summary,intent-vs-fact/arxiv:2609.10298v1/abstract,derived_from,1
intent-vs-fact/arxiv:2609.10305v1/summary,intent-vs-fact/arxiv:2609.10305v1/abstract,derived_from,1
intent-vs-fact/arxiv:2609.10311v1/summary,intent-vs-fact/arxiv:2609.10311v1/abstract,derived_from,1
intent-vs-fact/arxiv:2609.10315v1/summary,intent-vs-fact/arxiv:2609.10315v1/abstract,derived_from,1
intent-vs-fact/arxiv:2609.10321v1/summary,intent-vs-fact/arxiv:2609.10321v1/abstract,derived_from,1
intent-vs-fact/arxiv:2609.10335v1/summary,intent-vs-fact/arxiv:2609.10335v1/abstract,derived_from,1
intent-vs-fact/arxiv:2609.10346v1/summary,intent-vs-fact/arxiv:2609.10346v1/abstract,derived_from,1
intent-vs-fact/arxiv:2609.10350v1/summary,intent-vs-fact/arxiv:2609.10350v1/abstract,derived_from,1
intent-vs-fact/arxiv:2609.10355v1/summary,intent-vs-fact/arxiv:2609.10355v1/abstract,derived_from,1
intent-vs-fact/arxiv:2609.10364v1/summary,intent-vs-fact/arxiv:2609.10364v1/abstract,derived_from,1
intent-vs-fact/arxiv:2609.10372v2/summary,intent-vs-fact/arxiv:2609.10372v2/abstract,derived_from,1
intent-vs-fact/arxiv:2609.10385v1/summary,intent-vs-fact/arxiv:2609.10385v1/abstract,derived_from,1
intent-vs-fact/arxiv:2609.10395v1/summary,intent-vs-fact/arxiv:2609.10395v1/abstract,derived_from,1
intent-vs-fact/arxiv:2609.10397v1/summary,intent-vs-fact/arxiv:2609.10397v1/abstract,derived_from,1
intent-vs-fact/arxiv:2609.10400v1/summary,intent-vs-fact/arxiv:2609.10400v1/abstract,derived_from,1
intent-vs-fact/arxiv:2609.10410v2/summary,intent-vs-fact/arxiv:2609.10410v2/abstract,derived_from,1
intent-vs-fact/arxiv:2609.10413v1/summary,intent-vs-fact/arxiv:2609.10413v1/abstract,derived_from,1
intent-vs-fact/arxiv:2609.10421v1/summary,intent-vs-fact/arxiv:2609.10421v1/abstract,derived_from,1
intent-vs-fact/arxiv:2609.10430v1/summary,intent-vs-fact/arxiv:2609.10430v1/abstract,derived_from,1
intent-vs-fact/arxiv:2609.10434v1/summary,intent-vs-fact/arxiv:2609.10434v1/abstract,derived_from,1
intent-vs-fact/arxiv:2609.10439v1/summary,intent-vs-fact/arxiv:2609.10439v1/abstract,derived_from,1
intent-vs-fact/arxiv:2609.10441v1/summary,intent-vs-fact/arxiv:2609.10441v1/abstract,derived_from,1
intent-vs-fact/arxiv:2609.10445v1/summary,intent-vs-fact/arxiv:2609.10445v1/abstract,derived_from,1
intent-vs-fact/arxiv:2609.10451v1/summary,intent-vs-fact/arxiv:2609.10451v1/abstract,derived_from,1
intent-vs-fact/arxiv:2609.10464v1/summary,intent-vs-fact/arxiv:2609.10464v1/abstract,derived_from,1
intent-vs-fact/arxiv:2609.10494v1/summary,intent-vs-fact/arxiv:2609.10494v1/abstract,derived_from,1
intent-vs-fact/arxiv:2609.10509v1/summary,intent-vs-fact/arxiv:2609.10509v1/abstract,derived_from,1
intent-vs-fact/arxiv:2609.10522v1/summary,intent-vs-fact/arxiv:2609.10522v1/abstract,derived_from,1
intent-vs-fact/arxiv:2609.10539v1/summary,intent-vs-fact/arxiv:2609.10539v1/abstract,derived_from,1
intent-vs-fact/arxiv:2609.10724v1/summary,intent-vs-fact/arxiv:2609.10724v1/abstract,derived_from,1
intent-vs-fact/arxiv:2609.10817v1/summary,intent-vs-fact/arxiv:2609.10817v1/abstract,derived_from,1
intent-vs-fact/arxiv:2609.10939v1/summary,intent-vs-fact/arxiv:2609.10939v1/abstract,derived_from,1
intent-vs-fact/arxiv:2609.11018v1/summary,intent-vs-fact/arxiv:2609.11018v1/abstract,derived_from,1
intent-vs-fact/arxiv:2609.11108v1/summary,intent-vs-fact/arxiv:2609.11108v1/abstract,derived_from,1
intent-vs-fact/arxiv:2609.11460v1/summary,intent-vs-fact/arxiv:2609.11460v1/abstract,derived_from,1
intent-vs-fact/arxiv:2609.11493v2/summary,intent-vs-fact/arxiv:2609.11493v2/abstract,derived_from,1
intent-vs-fact/arxiv:2609.11505v1/summary,intent-vs-fact/arxiv:2609.11505v1/abstract,derived_from,1
intent-vs-fact/arxiv:2609.11545v1/summary,intent-vs-fact/arxiv:2609.11545v1/abstract,derived_from,1
intent-vs-fact/arxiv:2609.11620v2/summary,intent-vs-fact/arxiv:2609.11620v2/abstract,derived_from,1
intent-vs-fact/arxiv:2609.11677v2/summary,intent-vs-fact/arxiv:2609.11677v2/abstract,derived_from,1
intent-vs-fact/arxiv:2609.11682v1/summary,intent-vs-fact/arxiv:2609.11682v1/abstract,derived_from,1
intent-vs-fact/arxiv:2609.11687v1/summary,intent-vs-fact/arxiv:2609.11687v1/abstract,derived_from,1
intent-vs-fact/arxiv:2609.11697v2/summary,intent-vs-fact/arxiv:2609.11697v2/abstract,derived_from,1
intent-vs-fact/arxiv:2609.11699v1/summary,intent-vs-fact/arxiv:2609.11699v1/abstract,derived_from,1
intent-vs-fact/arxiv:2609.11708v1/summary,intent-vs-fact/arxiv:2609.11708v1/abstract,derived_from,1
intent-vs-fact/arxiv:2609.11709v1/summary,intent-vs-fact/arxiv:2609.11709v1/abstract,derived_from,1
intent-vs-fact/arxiv:2609.11713v1/summary,intent-vs-fact/arxiv:2609.11713v1/abstract,derived_from,1
intent-vs-fact/arxiv:2609.11716v1/summary,intent-vs-fact/arxiv:2609.11716v1/abstract,derived_from,1
intent-vs-fact/arxiv:2609.11724v1/summary,intent-vs-fact/arxiv:2609.11724v1/abstract,derived_from,1
intent-vs-fact/arxiv:2609.11725v1/summary,intent-vs-fact/arxiv:2609.11725v1/abstract,derived_from,1
intent-vs-fact/arxiv:2609.11737v2/summary,intent-vs-fact/arxiv:2609.11737v2/abstract,derived_from,1
intent-vs-fact/arxiv:2609.11739v1/summary,intent-vs-fact/arxiv:2609.11739v1/abstract,derived_from,1
intent-vs-fact/arxiv:2609.11752v1/summary,intent-vs-fact/arxiv:2609.11752v1/abstract,derived_from,1
intent-vs-fact/arxiv:2609.11758v1/summary,intent-vs-fact/arxiv:2609.11758v1/abstract,derived_from,1
intent-vs-fact/arxiv:2609.11762v1/summary,intent-vs-fact/arxiv:2609.11762v1/abstract,derived_from,1
intent-vs-fact/arxiv:2609.11768v1/summary,intent-vs-fact/arxiv:2609.11768v1/abstract,derived_from,1
intent-vs-fact/arxiv:2609.11769v1/summary,intent-vs-fact/arxiv:2609.11769v1/abstract,derived_from,1
intent-vs-fact/arxiv:2609.11770v1/summary,intent-vs-fact/arxiv:2609.11770v1/abstract,derived_from,1
intent-vs-fact/arxiv:2609.11772v1/summary,intent-vs-fact/arxiv:2609.11772v1/abstract,derived_from,1
intent-vs-fact/arxiv:2609.11786v1/summary,intent-vs-fact/arxiv:2609.11786v1/abstract,derived_from,1
intent-vs-fact/arxiv:2609.11799v1/summary,intent-vs-fact/arxiv:2609.11799v1/abstract,derived_from,1
intent-vs-fact/arxiv:2609.11801v1/summary,intent-vs-fact/arxiv:2609.11801v1/abstract,derived_from,1
intent-vs-fact/arxiv:2609.11804v1/summary,intent-vs-fact/arxiv:2609.11804v1/abstract,derived_from,1
intent-vs-fact/arxiv:2609.11805v1/summary,intent-vs-fact/arxiv:2609.11805v1/abstract,derived_from,1
intent-vs-fact/arxiv:2609.11838v1/summary,intent-vs-fact/arxiv:2609.11838v1/abstract,derived_from,1
intent-vs-fact/arxiv:2609.11842v1/summary,intent-vs-fact/arxiv:2609.11842v1/abstract,derived_from,1
intent-vs-fact/arxiv:2609.11851v1/summary,intent-vs-fact/arxiv:2609.11851v1/abstract,derived_from,1
intent-vs-fact/arxiv:2609.11859v1/summary,intent-vs-fact/arxiv:2609.11859v1/abstract,derived_from,1
intent-vs-fact/arxiv:2609.11860v1/summary,intent-vs-fact/arxiv:2609.11860v1/abstract,derived_from,1
intent-vs-fact/arxiv:2609.11863v1/summary,intent-vs-fact/arxiv:2609.11863v1/abstract,derived_from,1
intent-vs-fact/arxiv:2609.11864v1/summary,intent-vs-fact/arxiv:2609.11864v1/abstract,derived_from,1
intent-vs-fact/arxiv:2609.11865v1/summary,intent-vs-fact/arxiv:2609.11865v1/abstract,derived_from,1
intent-vs-fact/arxiv:2609.11870v2/summary,intent-vs-fact/arxiv:2609.11870v2/abstract,derived_from,1
intent-vs-fact/arxiv:2609.11873v3/summary,intent-vs-fact/arxiv:2609.11873v3/abstract,derived_from,1
intent-vs-fact/arxiv:2609.11876v1/summary,intent-vs-fact/arxiv:2609.11876v1/abstract,derived_from,1
intent-vs-fact/arxiv:2609.11877v1/summary,intent-vs-fact/arxiv:2609.11877v1/abstract,derived_from,1
intent-vs-fact/arxiv:2609.11878v1/summary,intent-vs-fact/arxiv:2609.11878v1/abstract,derived_from,1
intent-vs-fact/arxiv:2609.11892v1/summary,intent-vs-fact/arxiv:2609.11892v1/abstract,derived_from,1
intent-vs-fact/arxiv:2609.11900v1/summary,intent-vs-fact/arxiv:2609.11900v1/abstract,derived_from,1
intent-vs-fact/arxiv:2609.11911v1/summary,intent-vs-fact/arxiv:2609.11911v1/abstract,derived_from,1
intent-vs-fact/arxiv:2609.11913v1/summary,intent-vs-fact/arxiv:2609.11913v1/abstract,derived_from,1
intent-vs-fact/arxiv:2609.11915v1/summary,intent-vs-fact/arxiv:2609.11915v1/abstract,derived_from,1
intent-vs-fact/arxiv:2609.11916v1/summary,intent-vs-fact/arxiv:2609.11916v1/abstract,derived_from,1
intent-vs-fact/arxiv:2609.11917v1/summary,intent-vs-fact/arxiv:2609.11917v1/abstract,derived_from,1
intent-vs-fact/arxiv:2609.11918v1/summary,intent-vs-fact/arxiv:2609.11918v1/abstract,derived_from,1
intent-vs-fact/arxiv:2609.11923v1/summary,intent-vs-fact/arxiv:2609.11923v1/abstract,derived_from,1
intent-vs-fact/arxiv:2609.12077v1/summary,intent-vs-fact/arxiv:2609.12077v1/abstract,derived_from,1
intent-vs-fact/arxiv:2609.12170v1/summary,intent-vs-fact/arxiv:2609.12170v1/abstract,derived_from,1
intent-vs-fact/arxiv:2609.12422v1/summary,intent-vs-fact/arxiv:2609.12422v1/abstract,derived_from,1
intent-vs-fact/arxiv:2609.12489v1/summary,intent-vs-fact/arxiv:2609.12489v1/abstract,derived_from,1
intent-vs-fact/arxiv:2609.12495v1/summary,intent-vs-fact/arxiv:2609.12495v1/abstract,derived_from,1
intent-vs-fact/arxiv:2609.12533v1/summary,intent-vs-fact/arxiv:2609.12533v1/abstract,derived_from,1
intent-vs-fact/arxiv:2609.12537v1/summary,intent-vs-fact/arxiv:2609.12537v1/abstract,derived_from,1
intent-vs-fact/arxiv:2609.12541v2/summary,intent-vs-fact/arxiv:2609.12541v2/abstract,derived_from,1
intent-vs-fact/arxiv:2609.12544v1/summary,intent-vs-fact/arxiv:2609.12544v1/abstract,derived_from,1
intent-vs-fact/arxiv:2609.12575v1/summary,intent-vs-fact/arxiv:2609.12575v1/abstract,derived_from,1
intent-vs-fact/arxiv:2609.12623v1/summary,intent-vs-fact/arxiv:2609.12623v1/abstract,derived_from,1
intent-vs-fact/arxiv:2609.12653v1/summary,intent-vs-fact/arxiv:2609.12653v1/abstract,derived_from,1
intent-vs-fact/arxiv:2609.12655v1/summary,intent-vs-fact/arxiv:2609.12655v1/abstract,derived_from,1
intent-vs-fact/arxiv:2609.12674v1/summary,intent-vs-fact/arxiv:2609.12674v1/abstract,derived_from,1
intent-vs-fact/arxiv:2609.12686v1/summary,intent-vs-fact/arxiv:2609.12686v1/abstract,derived_from,1
intent-vs-fact/arxiv:2609.12746v1/summary,intent-vs-fact/arxiv:2609.12746v1/abstract,derived_from,1
intent-vs-fact/arxiv:2609.12748v2/summary,intent-vs-fact/arxiv:2609.12748v2/abstract,derived_from,1
intent-vs-fact/arxiv:2609.12791v1/summary,intent-vs-fact/arxiv:2609.12791v1/abstract,derived_from,1
intent-vs-fact/arxiv:2609.12872v2/summary,intent-vs-fact/arxiv:2609.12872v2/abstract,derived_from,1
intent-vs-fact/arxiv:2609.12884v1/summary,intent-vs-fact/arxiv:2609.12884v1/abstract,derived_from,1
intent-vs-fact/arxiv:2609.12890v2/summary,intent-vs-fact/arxiv:2609.12890v2/abstract,derived_from,1
intent-vs-fact/arxiv:2609.12896v1/summary,intent-vs-fact/arxiv:2609.12896v1/abstract,derived_from,1
intent-vs-fact/arxiv:2609.12897v1/summary,intent-vs-fact/arxiv:2609.12897v1/abstract,derived_from,1
intent-vs-fact/arxiv:2609.12898v1/summary,intent-vs-fact/arxiv:2609.12898v1/abstract,derived_from,1
intent-vs-fact/arxiv:2609.12913v2/summary,intent-vs-fact/arxiv:2609.12913v2/abstract,derived_from,1
intent-vs-fact/arxiv:2609.12915v1/summary,intent-vs-fact/arxiv:2609.12915v1/abstract,derived_from,1
intent-vs-fact/arxiv:2609.12917v1/summary,intent-vs-fact/arxiv:2609.12917v1/abstract,derived_from,1
intent-vs-fact/arxiv:2609.12929v1/summary,intent-vs-fact/arxiv:2609.12929v1/abstract,derived_from,1
intent-vs-fact/arxiv:2609.12949v1/summary,intent-vs-fact/arxiv:2609.12949v1/abstract,derived_from,1
intent-vs-fact/arxiv:2609.12960v1/summary,intent-vs-fact/arxiv:2609.12960v1/abstract,derived_from,1
intent-vs-fact/arxiv:2609.12965v1/summary,intent-vs-fact/arxiv:2609.12965v1/abstract,derived_from,1
intent-vs-fact/arxiv:2609.12978v1/summary,intent-vs-fact/arxiv:2609.12978v1/abstract,derived_from,1
intent-vs-fact/arxiv:2609.12993v1/summary,intent-vs-fact/arxiv:2609.12993v1/abstract,derived_from,1
intent-vs-fact/arxiv:2609.13003v1/summary,intent-vs-fact/arxiv:2609.13003v1/abstract,derived_from,1
intent-vs-fact/arxiv:2609.13005v1/summary,intent-vs-fact/arxiv:2609.13005v1/abstract,derived_from,1
intent-vs-fact/arxiv:2609.13009v1/summary,intent-vs-fact/arxiv:2609.13009v1/abstract,derived_from,1
intent-vs-fact/arxiv:2609.13011v1/summary,intent-vs-fact/arxiv:2609.13011v1/abstract,derived_from,1
intent-vs-fact/arxiv:2609.13013v1/summary,intent-vs-fact/arxiv:2609.13013v1/abstract,derived_from,1
intent-vs-fact/arxiv:2609.13024v1/summary,intent-vs-fact/arxiv:2609.13024v1/abstract,derived_from,1
intent-vs-fact/arxiv:2609.13031v1/summary,intent-vs-fact/arxiv:2609.13031v1/abstract,derived_from,1
intent-vs-fact/arxiv:2609.13035v1/summary,intent-vs-fact/arxiv:2609.13035v1/abstract,derived_from,1
intent-vs-fact/arxiv:2609.13042v1/summary,intent-vs-fact/arxiv:2609.13042v1/abstract,derived_from,1
intent-vs-fact/arxiv:2609.13043v1/summary,intent-vs-fact/arxiv:2609.13043v1/abstract,derived_from,1
intent-vs-fact/arxiv:2609.13045v1/summary,intent-vs-fact/arxiv:2609.13045v1/abstract,derived_from,1
intent-vs-fact/arxiv:2609.13047v2/summary,intent-vs-fact/arxiv:2609.13047v2/abstract,derived_from,1
intent-vs-fact/arxiv:2609.13053v1/summary,intent-vs-fact/arxiv:2609.13053v1/abstract,derived_from,1
intent-vs-fact/arxiv:2609.13058v1/summary,intent-vs-fact/arxiv:2609.13058v1/abstract,derived_from,1
intent-vs-fact/arxiv:2609.13062v1/summary,intent-vs-fact/arxiv:2609.13062v1/abstract,derived_from,1
intent-vs-fact/arxiv:2609.13071v1/summary,intent-vs-fact/arxiv:2609.13071v1/abstract,derived_from,1
intent-vs-fact/arxiv:2609.13072v1/summary,intent-vs-fact/arxiv:2609.13072v1/abstract,derived_from,1
intent-vs-fact/arxiv:2609.13073v1/summary,intent-vs-fact/arxiv:2609.13073v1/abstract,derived_from,1
intent-vs-fact/arxiv:2609.13076v1/summary,intent-vs-fact/arxiv:2609.13076v1/abstract,derived_from,1
intent-vs-fact/arxiv:2609.13082v1/summary,intent-vs-fact/arxiv:2609.13082v1/abstract,derived_from,1
intent-vs-fact/arxiv:2609.13083v3/summary,intent-vs-fact/arxiv:2609.13083v3/abstract,derived_from,1
intent-vs-fact/arxiv:2609.13117v1/summary,intent-vs-fact/arxiv:2609.13117v1/abstract,derived_from,1
intent-vs-fact/arxiv:2609.13118v1/summary,intent-vs-fact/arxiv:2609.13118v1/abstract,derived_from,1
intent-vs-fact/arxiv:2609.13125v1/summary,intent-vs-fact/arxiv:2609.13125v1/abstract,derived_from,1
intent-vs-fact/arxiv:2609.13134v1/summary,intent-vs-fact/arxiv:2609.13134v1/abstract,derived_from,1
intent-vs-fact/arxiv:2609.13141v1/summary,intent-vs-fact/arxiv:2609.13141v1/abstract,derived_from,1
intent-vs-fact/arxiv:2609.13144v1/summary,intent-vs-fact/arxiv:2609.13144v1/abstract,derived_from,1
intent-vs-fact/arxiv:2609.13334v1/summary,intent-vs-fact/arxiv:2609.13334v1/abstract,derived_from,1
intent-vs-fact/arxiv:2609.13422v2/summary,intent-vs-fact/arxiv:2609.13422v2/abstract,derived_from,1
intent-vs-fact/arxiv:2609.13561v1/summary,intent-vs-fact/arxiv:2609.13561v1/abstract,derived_from,1
intent-vs-fact/arxiv:2609.13577v1/summary,intent-vs-fact/arxiv:2609.13577v1/abstract,derived_from,1
intent-vs-fact/arxiv:2609.13637v1/summary,intent-vs-fact/arxiv:2609.13637v1/abstract,derived_from,1
intent-vs-fact/arxiv:2609.13890v1/summary,intent-vs-fact/arxiv:2609.13890v1/abstract,derived_from,1
intent-vs-fact/arxiv:2609.13986v1/summary,intent-vs-fact/arxiv:2609.13986v1/abstract,derived_from,1
intent-vs-fact/arxiv:2609.14072v1/summary,intent-vs-fact/arxiv:2609.14072v1/abstract,derived_from,1
intent-vs-fact/arxiv:2609.14227v1/summary,intent-vs-fact/arxiv:2609.14227v1/abstract,derived_from,1
intent-vs-fact/arxiv:2609.14413v1/summary,intent-vs-fact/arxiv:2609.14413v1/abstract,derived_from,1
intent-vs-fact/arxiv:2609.14438v1/summary,intent-vs-fact/arxiv:2609.14438v1/abstract,derived_from,1
intent-vs-fact/arxiv:2609.14767v1/summary,intent-vs-fact/arxiv:2609.14767v1/abstract,derived_from,1
intent-vs-fact/arxiv:2609.14818v1/summary,intent-vs-fact/arxiv:2609.14818v1/abstract,derived_from,1
intent-vs-fact/arxiv:2609.14896v1/summary,intent-vs-fact/arxiv:2609.14896v1/abstract,derived_from,1
intent-vs-fact/arxiv:2609.14935v1/summary,intent-vs-fact/arxiv:2609.14935v1/abstract,derived_from,1
intent-vs-fact/arxiv:2609.14959v1/summary,intent-vs-fact/arxiv:2609.14959v1/abstract,derived_from,1
intent-vs-fact/arxiv:2609.15079v1/summary,intent-vs-fact/arxiv:2609.15079v1/abstract,derived_from,1
intent-vs-fact/arxiv:2609.15314v1/summary,intent-vs-fact/arxiv:2609.15314v1/abstract,derived_from,1
intent-vs-fact/arxiv:2609.15361v1/summary,intent-vs-fact/arxiv:2609.15361v1/abstract,derived_from,1
intent-vs-fact/arxiv:2609.15522v1/summary,intent-vs-fact/arxiv:2609.15522v1/abstract,derived_from,1
intent-vs-fact/arxiv:2609.15528v1/summary,intent-vs-fact/arxiv:2609.15528v1/abstract,derived_from,1
intent-vs-fact/arxiv:2609.15530v1/summary,intent-vs-fact/arxiv:2609.15530v1/abstract,derived_from,1
intent-vs-fact/arxiv:2609.15559v1/summary,intent-vs-fact/arxiv:2609.15559v1/abstract,derived_from,1
intent-vs-fact/arxiv:2609.15561v1/summary,intent-vs-fact/arxiv:2609.15561v1/abstract,derived_from,1
intent-vs-fact/arxiv:2609.15608v1/summary,intent-vs-fact/arxiv:2609.15608v1/abstract,derived_from,1
intent-vs-fact/arxiv:2609.15618v1/summary,intent-vs-fact/arxiv:2609.15618v1/abstract,derived_from,1
intent-vs-fact/arxiv:2609.15640v1/summary,intent-vs-fact/arxiv:2609.15640v1/abstract,derived_from,1
intent-vs-fact/arxiv:2609.15654v1/summary,intent-vs-fact/arxiv:2609.15654v1/abstract,derived_from,1
intent-vs-fact/arxiv:2609.15660v1/summary,intent-vs-fact/arxiv:2609.15660v1/abstract,derived_from,1
intent-vs-fact/arxiv:2609.15684v1/summary,intent-vs-fact/arxiv:2609.15684v1/abstract,derived_from,1
intent-vs-fact/arxiv:2609.15722v1/summary,intent-vs-fact/arxiv:2609.15722v1/abstract,derived_from,1
intent-vs-fact/arxiv:2609.15740v1/summary,intent-vs-fact/arxiv:2609.15740v1/abstract,derived_from,1
intent-vs-fact/arxiv:2609.15743v1/summary,intent-vs-fact/arxiv:2609.15743v1/abstract,derived_from,1
intent-vs-fact/arxiv:2609.15744v1/summary,intent-vs-fact/arxiv:2609.15744v1/abstract,derived_from,1
intent-vs-fact/arxiv:2609.15745v1/summary,intent-vs-fact/arxiv:2609.15745v1/abstract,derived_from,1
intent-vs-fact/arxiv:2609.15758v1/summary,intent-vs-fact/arxiv:2609.15758v1/abstract,derived_from,1
intent-vs-fact/arxiv:2609.15759v1/summary,intent-vs-fact/arxiv:2609.15759v1/abstract,derived_from,1
intent-vs-fact/arxiv:2609.15763v1/summary,intent-vs-fact/arxiv:2609.15763v1/abstract,derived_from,1
intent-vs-fact/arxiv:2609.15772v1/summary,intent-vs-fact/arxiv:2609.15772v1/abstract,derived_from,1
intent-vs-fact/arxiv:2609.15773v1/summary,intent-vs-fact/arxiv:2609.15773v1/abstract,derived_from,1
intent-vs-fact/arxiv:2609.15779v1/summary,intent-vs-fact/arxiv:2609.15779v1/abstract,derived_from,1
intent-vs-fact/arxiv:2609.15781v1/summary,intent-vs-fact/arxiv:2609.15781v1/abstract,derived_from,1
intent-vs-fact/arxiv:2609.15794v1/summary,intent-vs-fact/arxiv:2609.15794v1/abstract,derived_from,1
intent-vs-fact/arxiv:2609.15800v1/summary,intent-vs-fact/arxiv:2609.15800v1/abstract,derived_from,1
intent-vs-fact/arxiv:2609.15801v1/summary,intent-vs-fact/arxiv:2609.15801v1/abstract,derived_from,1
intent-vs-fact/arxiv:2609.15803v1/summary,intent-vs-fact/arxiv:2609.15803v1/abstract,derived_from,1
intent-vs-fact/arxiv:2609.15818v2/summary,intent-vs-fact/arxiv:2609.15818v2/abstract,derived_from,1
intent-vs-fact/arxiv:2609.15820v1/summary,intent-vs-fact/arxiv:2609.15820v1/abstract,derived_from,1
intent-vs-fact/arxiv:2609.15830v1/summary,intent-vs-fact/arxiv:2609.15830v1/abstract,derived_from,1
intent-vs-fact/arxiv:2609.15838v1/summary,intent-vs-fact/arxiv:2609.15838v1/abstract,derived_from,1
intent-vs-fact/arxiv:2609.15849v1/summary,intent-vs-fact/arxiv:2609.15849v1/abstract,derived_from,1
intent-vs-fact/arxiv:2609.15851v1/summary,intent-vs-fact/arxiv:2609.15851v1/abstract,derived_from,1
intent-vs-fact/arxiv:2609.15855v2/summary,intent-vs-fact/arxiv:2609.15855v2/abstract,derived_from,1
intent-vs-fact/arxiv:2609.15859v1/summary,intent-vs-fact/arxiv:2609.15859v1/abstract,derived_from,1
intent-vs-fact/arxiv:2609.15871v1/summary,intent-vs-fact/arxiv:2609.15871v1/abstract,derived_from,1
intent-vs-fact/arxiv:2609.15883v1/summary,intent-vs-fact/arxiv:2609.15883v1/abstract,derived_from,1
intent-vs-fact/arxiv:2609.15885v1/summary,intent-vs-fact/arxiv:2609.15885v1/abstract,derived_from,1
intent-vs-fact/arxiv:2609.15886v1/summary,intent-vs-fact/arxiv:2609.15886v1/abstract,derived_from,1
intent-vs-fact/arxiv:2609.15888v1/summary,intent-vs-fact/arxiv:2609.15888v1/abstract,derived_from,1
intent-vs-fact/arxiv:2609.15910v1/summary,intent-vs-fact/arxiv:2609.15910v1/abstract,derived_from,1
intent-vs-fact/arxiv:2609.15919v1/summary,intent-vs-fact/arxiv:2609.15919v1/abstract,derived_from,1
intent-vs-fact/arxiv:2609.15932v1/summary,intent-vs-fact/arxiv:2609.15932v1/abstract,derived_from,1
intent-vs-fact/arxiv:2609.15938v1/summary,intent-vs-fact/arxiv:2609.15938v1/abstract,derived_from,1
intent-vs-fact/arxiv:2609.15939v1/summary,intent-vs-fact/arxiv:2609.15939v1/abstract,derived_from,1
intent-vs-fact/arxiv:2609.15964v2/summary,intent-vs-fact/arxiv:2609.15964v2/abstract,derived_from,1
intent-vs-fact/arxiv:2609.15972v1/summary,intent-vs-fact/arxiv:2609.15972v1/abstract,derived_from,1
intent-vs-fact/arxiv:2609.15973v1/summary,intent-vs-fact/arxiv:2609.15973v1/abstract,derived_from,1
intent-vs-fact/arxiv:2609.15975v1/summary,intent-vs-fact/arxiv:2609.15975v1/abstract,derived_from,1
intent-vs-fact/arxiv:2609.15982v1/summary,intent-vs-fact/arxiv:2609.15982v1/abstract,derived_from,1
intent-vs-fact/arxiv:2609.15983v2/summary,intent-vs-fact/arxiv:2609.15983v2/abstract,derived_from,1
intent-vs-fact/arxiv:2609.15987v1/summary,intent-vs-fact/arxiv:2609.15987v1/abstract,derived_from,1
intent-vs-fact/arxiv:2609.15989v1/summary,intent-vs-fact/arxiv:2609.15989v1/abstract,derived_from,1
intent-vs-fact/arxiv:2609.16158v1/summary,intent-vs-fact/arxiv:2609.16158v1/abstract,derived_from,1
intent-vs-fact/arxiv:2609.16163v1/summary,intent-vs-fact/arxiv:2609.16163v1/abstract,derived_from,1
intent-vs-fact/arxiv:2609.16270v1/summary,intent-vs-fact/arxiv:2609.16270v1/abstract,derived_from,1
intent-vs-fact/arxiv:2609.16305v1/summary,intent-vs-fact/arxiv:2609.16305v1/abstract,derived_from,1
intent-vs-fact/arxiv:2609.16346v1/summary,intent-vs-fact/arxiv:2609.16346v1/abstract,derived_from,1
intent-vs-fact/arxiv:2609.16487v1/summary,intent-vs-fact/arxiv:2609.16487v1/abstract,derived_from,1
intent-vs-fact/arxiv:2609.16673v1/summary,intent-vs-fact/arxiv:2609.16673v1/abstract,derived_from,1
intent-vs-fact/arxiv:2609.16917v1/summary,intent-vs-fact/arxiv:2609.16917v1/abstract,derived_from,1
intent-vs-fact/arxiv:2609.16986v1/summary,intent-vs-fact/arxiv:2609.16986v1/abstract,derived_from,1
intent-vs-fact/arxiv:2609.16995v1/summary,intent-vs-fact/arxiv:2609.16995v1/abstract,derived_from,1
intent-vs-fact/arxiv:2609.16997v1/summary,intent-vs-fact/arxiv:2609.16997v1/abstract,derived_from,1
intent-vs-fact/arxiv:2609.17010v1/summary,intent-vs-fact/arxiv:2609.17010v1/abstract,derived_from,1
intent-vs-fact/arxiv:2609.17017v1/summary,intent-vs-fact/arxiv:2609.17017v1/abstract,derived_from,1
intent-vs-fact/arxiv:2609.17043v1/summary,intent-vs-fact/arxiv:2609.17043v1/abstract,derived_from,1
intent-vs-fact/arxiv:2609.17056v1/summary,intent-vs-fact/arxiv:2609.17056v1/abstract,derived_from,1
intent-vs-fact/arxiv:2609.17081v1/summary,intent-vs-fact/arxiv:2609.17081v1/abstract,derived_from,1
intent-vs-fact/arxiv:2609.17088v1/summary,intent-vs-fact/arxiv:2609.17088v1/abstract,derived_from,1
intent-vs-fact/arxiv:2609.17109v1/summary,intent-vs-fact/arxiv:2609.17109v1/abstract,derived_from,1
intent-vs-fact/arxiv:2609.17119v1/summary,intent-vs-fact/arxiv:2609.17119v1/abstract,derived_from,1
intent-vs-fact/arxiv:2609.17146v1/summary,intent-vs-fact/arxiv:2609.17146v1/abstract,derived_from,1
intent-vs-fact/arxiv:2609.17184v1/summary,intent-vs-fact/arxiv:2609.17184v1/abstract,derived_from,1
intent-vs-fact/arxiv:2609.17210v1/summary,intent-vs-fact/arxiv:2609.17210v1/abstract,derived_from,1
intent-vs-fact/arxiv:2609.17221v1/summary,intent-vs-fact/arxiv:2609.17221v1/abstract,derived_from,1
intent-vs-fact/arxiv:2609.17225v1/summary,intent-vs-fact/arxiv:2609.17225v1/abstract,derived_from,1
intent-vs-fact/arxiv:2609.17226v1/summary,intent-vs-fact/arxiv:2609.17226v1/abstract,derived_from,1
intent-vs-fact/arxiv:2609.17227v1/summary,intent-vs-fact/arxiv:2609.17227v1/abstract,derived_from,1
intent-vs-fact/arxiv:2609.17235v1/summary,intent-vs-fact/arxiv:2609.17235v1/abstract,derived_from,1
intent-vs-fact/arxiv:2609.17241v1/summary,intent-vs-fact/arxiv:2609.17241v1/abstract,derived_from,1
intent-vs-fact/arxiv:2609.17251v1/summary,intent-vs-fact/arxiv:2609.17251v1/abstract,derived_from,1
intent-vs-fact/arxiv:2609.17260v1/summary,intent-vs-fact/arxiv:2609.17260v1/abstract,derived_from,1
intent-vs-fact/arxiv:2609.17265v1/summary,intent-vs-fact/arxiv:2609.17265v1/abstract,derived_from,1
intent-vs-fact/arxiv:2609.17274v2/summary,intent-vs-fact/arxiv:2609.17274v2/abstract,derived_from,1
intent-vs-fact/arxiv:2609.17291v1/summary,intent-vs-fact/arxiv:2609.17291v1/abstract,derived_from,1
intent-vs-fact/arxiv:2609.17306v1/summary,intent-vs-fact/arxiv:2609.17306v1/abstract,derived_from,1
intent-vs-fact/arxiv:2609.17310v2/summary,intent-vs-fact/arxiv:2609.17310v2/abstract,derived_from,1
intent-vs-fact/arxiv:2609.17317v1/summary,intent-vs-fact/arxiv:2609.17317v1/abstract,derived_from,1
intent-vs-fact/arxiv:2609.17320v1/summary,intent-vs-fact/arxiv:2609.17320v1/abstract,derived_from,1
intent-vs-fact/arxiv:2609.17325v1/summary,intent-vs-fact/arxiv:2609.17325v1/abstract,derived_from,1
intent-vs-fact/arxiv:2609.17326v1/summary,intent-vs-fact/arxiv:2609.17326v1/abstract,derived_from,1
intent-vs-fact/arxiv:2609.17327v2/summary,intent-vs-fact/arxiv:2609.17327v2/abstract,derived_from,1
intent-vs-fact/arxiv:2609.17331v1/summary,intent-vs-fact/arxiv:2609.17331v1/abstract,derived_from,1
intent-vs-fact/arxiv:2609.17346v1/summary,intent-vs-fact/arxiv:2609.17346v1/abstract,derived_from,1
intent-vs-fact/arxiv:2609.17360v2/summary,intent-vs-fact/arxiv:2609.17360v2/abstract,derived_from,1
intent-vs-fact/arxiv:2609.17376v1/summary,intent-vs-fact/arxiv:2609.17376v1/abstract,derived_from,1
intent-vs-fact/arxiv:2609.17384v1/summary,intent-vs-fact/arxiv:2609.17384v1/abstract,derived_from,1
intent-vs-fact/arxiv:2609.17391v1/summary,intent-vs-fact/arxiv:2609.17391v1/abstract,derived_from,1
intent-vs-fact/arxiv:2609.17394v1/summary,intent-vs-fact/arxiv:2609.17394v1/abstract,derived_from,1
intent-vs-fact/arxiv:2609.17398v1/summary,intent-vs-fact/arxiv:2609.17398v1/abstract,derived_from,1
intent-vs-fact/arxiv:2609.17427v1/summary,intent-vs-fact/arxiv:2609.17427v1/abstract,derived_from,1
intent-vs-fact/arxiv:2609.17429v1/summary,intent-vs-fact/arxiv:2609.17429v1/abstract,derived_from,1
intent-vs-fact/arxiv:2609.17434v1/summary,intent-vs-fact/arxiv:2609.17434v1/abstract,derived_from,1
intent-vs-fact/arxiv:2609.17435v1/summary,intent-vs-fact/arxiv:2609.17435v1/abstract,derived_from,1
intent-vs-fact/arxiv:2609.17439v1/summary,intent-vs-fact/arxiv:2609.17439v1/abstract,derived_from,1
intent-vs-fact/arxiv:2609.17464v1/summary,intent-vs-fact/arxiv:2609.17464v1/abstract,derived_from,1
intent-vs-fact/arxiv:2609.17474v1/summary,intent-vs-fact/arxiv:2609.17474v1/abstract,derived_from,1
intent-vs-fact/arxiv:2609.17475v2/summary,intent-vs-fact/arxiv:2609.17475v2/abstract,derived_from,1
intent-vs-fact/arxiv:2609.17479v1/summary,intent-vs-fact/arxiv:2609.17479v1/abstract,derived_from,1
intent-vs-fact/arxiv:2609.17488v1/summary,intent-vs-fact/arxiv:2609.17488v1/abstract,derived_from,1
intent-vs-fact/arxiv:2609.17496v1/summary,intent-vs-fact/arxiv:2609.17496v1/abstract,derived_from,1
intent-vs-fact/arxiv:2609.17499v1/summary,intent-vs-fact/arxiv:2609.17499v1/abstract,derived_from,1
intent-vs-fact/arxiv:2609.17509v1/summary,intent-vs-fact/arxiv:2609.17509v1/abstract,derived_from,1
intent-vs-fact/arxiv:2609.17515v1/summary,intent-vs-fact/arxiv:2609.17515v1/abstract,derived_from,1
intent-vs-fact/arxiv:2609.17516v1/summary,intent-vs-fact/arxiv:2609.17516v1/abstract,derived_from,1
intent-vs-fact/arxiv:2609.17521v2/summary,intent-vs-fact/arxiv:2609.17521v2/abstract,derived_from,1
intent-vs-fact/arxiv:2609.17523v1/summary,intent-vs-fact/arxiv:2609.17523v1/abstract,derived_from,1
intent-vs-fact/arxiv:2609.17527v1/summary,intent-vs-fact/arxiv:2609.17527v1/abstract,derived_from,1
intent-vs-fact/arxiv:2609.17797v1/summary,intent-vs-fact/arxiv:2609.17797v1/abstract,derived_from,1
intent-vs-fact/arxiv:2609.17856v1/summary,intent-vs-fact/arxiv:2609.17856v1/abstract,derived_from,1
intent-vs-fact/arxiv:2609.17885v2/summary,intent-vs-fact/arxiv:2609.17885v2/abstract,derived_from,1
intent-vs-fact/arxiv:2609.18223v1/summary,intent-vs-fact/arxiv:2609.18223v1/abstract,derived_from,1
intent-vs-fact/arxiv:2609.18283v1/summary,intent-vs-fact/arxiv:2609.18283v1/abstract,derived_from,1
intent-vs-fact/arxiv:2609.18649v1/summary,intent-vs-fact/arxiv:2609.18649v1/abstract,derived_from,1
intent-vs-fact/arxiv:2609.18672v1/summary,intent-vs-fact/arxiv:2609.18672v1/abstract,derived_from,1
intent-vs-fact/arxiv:2609.18677v1/summary,intent-vs-fact/arxiv:2609.18677v1/abstract,derived_from,1
intent-vs-fact/arxiv:2609.18680v2/summary,intent-vs-fact/arxiv:2609.18680v2/abstract,derived_from,1
intent-vs-fact/arxiv:2609.18690v1/summary,intent-vs-fact/arxiv:2609.18690v1/abstract,derived_from,1
intent-vs-fact/arxiv:2609.18697v1/summary,intent-vs-fact/arxiv:2609.18697v1/abstract,derived_from,1
intent-vs-fact/arxiv:2609.18720v1/summary,intent-vs-fact/arxiv:2609.18720v1/abstract,derived_from,1
intent-vs-fact/arxiv:2609.18729v1/summary,intent-vs-fact/arxiv:2609.18729v1/abstract,derived_from,1
intent-vs-fact/arxiv:2609.18736v1/summary,intent-vs-fact/arxiv:2609.18736v1/abstract,derived_from,1
intent-vs-fact/arxiv:2609.18739v1/summary,intent-vs-fact/arxiv:2609.18739v1/abstract,derived_from,1
intent-vs-fact/arxiv:2609.18748v2/summary,intent-vs-fact/arxiv:2609.18748v2/abstract,derived_from,1
intent-vs-fact/arxiv:2609.18766v3/summary,intent-vs-fact/arxiv:2609.18766v3/abstract,derived_from,1
intent-vs-fact/arxiv:2609.18769v1/summary,intent-vs-fact/arxiv:2609.18769v1/abstract,derived_from,1
intent-vs-fact/arxiv:2609.18772v1/summary,intent-vs-fact/arxiv:2609.18772v1/abstract,derived_from,1
intent-vs-fact/arxiv:2609.18779v1/summary,intent-vs-fact/arxiv:2609.18779v1/abstract,derived_from,1
intent-vs-fact/arxiv:2609.18804v1/summary,intent-vs-fact/arxiv:2609.18804v1/abstract,derived_from,1
intent-vs-fact/arxiv:2609.18805v1/summary,intent-vs-fact/arxiv:2609.18805v1/abstract,derived_from,1
intent-vs-fact/arxiv:2609.18820v2/summary,intent-vs-fact/arxiv:2609.18820v2/abstract,derived_from,1
intent-vs-fact/arxiv:2609.18823v1/summary,intent-vs-fact/arxiv:2609.18823v1/abstract,derived_from,1
intent-vs-fact/arxiv:2609.18842v2/summary,intent-vs-fact/arxiv:2609.18842v2/abstract,derived_from,1
intent-vs-fact/arxiv:2609.18844v1/summary,intent-vs-fact/arxiv:2609.18844v1/abstract,derived_from,1
intent-vs-fact/arxiv:2609.18849v1/summary,intent-vs-fact/arxiv:2609.18849v1/abstract,derived_from,1
intent-vs-fact/arxiv:2609.18852v1/summary,intent-vs-fact/arxiv:2609.18852v1/abstract,derived_from,1
intent-vs-fact/arxiv:2609.18856v1/summary,intent-vs-fact/arxiv:2609.18856v1/abstract,derived_from,1
intent-vs-fact/arxiv:2609.18857v1/summary,intent-vs-fact/arxiv:2609.18857v1/abstract,derived_from,1
intent-vs-fact/arxiv:2609.18860v1/summary,intent-vs-fact/arxiv:2609.18860v1/abstract,derived_from,1
intent-vs-fact/arxiv:2609.18861v1/summary,intent-vs-fact/arxiv:2609.18861v1/abstract,derived_from,1
intent-vs-fact/arxiv:2609.18864v2/summary,intent-vs-fact/arxiv:2609.18864v2/abstract,derived_from,1
intent-vs-fact/arxiv:2609.18905v1/summary,intent-vs-fact/arxiv:2609.18905v1/abstract,derived_from,1
intent-vs-fact/arxiv:2609.18908v1/summary,intent-vs-fact/arxiv:2609.18908v1/abstract,derived_from,1
intent-vs-fact/arxiv:2609.18909v1/summary,intent-vs-fact/arxiv:2609.18909v1/abstract,derived_from,1
intent-vs-fact/arxiv:2609.18916v2/summary,intent-vs-fact/arxiv:2609.18916v2/abstract,derived_from,1
intent-vs-fact/arxiv:2609.18929v1/summary,intent-vs-fact/arxiv:2609.18929v1/abstract,derived_from,1
intent-vs-fact/arxiv:2609.18935v1/summary,intent-vs-fact/arxiv:2609.18935v1/abstract,derived_from,1
intent-vs-fact/arxiv:2609.19074v1/summary,intent-vs-fact/arxiv:2609.19074v1/abstract,derived_from,1
intent-vs-fact/arxiv:2609.19076v2/summary,intent-vs-fact/arxiv:2609.19076v2/abstract,derived_from,1
intent-vs-fact/arxiv:2609.19077v1/summary,intent-vs-fact/arxiv:2609.19077v1/abstract,derived_from,1
intent-vs-fact/arxiv:2609.19088v1/summary,intent-vs-fact/arxiv:2609.19088v1/abstract,derived_from,1
intent-vs-fact/arxiv:2609.19090v1/summary,intent-vs-fact/arxiv:2609.19090v1/abstract,derived_from,1
intent-vs-fact/arxiv:2609.19093v1/summary,intent-vs-fact/arxiv:2609.19093v1/abstract,derived_from,1
intent-vs-fact/arxiv:2609.19096v1/summary,intent-vs-fact/arxiv:2609.19096v1/abstract,derived_from,1
intent-vs-fact/arxiv:2609.19101v1/summary,intent-vs-fact/arxiv:2609.19101v1/abstract,derived_from,1
intent-vs-fact/arxiv:2609.19104v1/summary,intent-vs-fact/arxiv:2609.19104v1/abstract,derived_from,1
intent-vs-fact/arxiv:2609.19113v3/summary,intent-vs-fact/arxiv:2609.19113v3/abstract,derived_from,1
intent-vs-fact/arxiv:2609.19124v1/summary,intent-vs-fact/arxiv:2609.19124v1/abstract,derived_from,1
intent-vs-fact/arxiv:2609.19125v1/summary,intent-vs-fact/arxiv:2609.19125v1/abstract,derived_from,1
intent-vs-fact/arxiv:2609.19128v1/summary,intent-vs-fact/arxiv:2609.19128v1/abstract,derived_from,1
intent-vs-fact/arxiv:2609.19134v1/summary,intent-vs-fact/arxiv:2609.19134v1/abstract,derived_from,1
intent-vs-fact/arxiv:2609.19137v2/summary,intent-vs-fact/arxiv:2609.19137v2/abstract,derived_from,1
intent-vs-fact/arxiv:2609.19143v1/summary,intent-vs-fact/arxiv:2609.19143v1/abstract,derived_from,1
intent-vs-fact/arxiv:2609.19144v1/summary,intent-vs-fact/arxiv:2609.19144v1/abstract,derived_from,1
intent-vs-fact/arxiv:2609.19145v1/summary,intent-vs-fact/arxiv:2609.19145v1/abstract,derived_from,1
intent-vs-fact/arxiv:2609.19183v1/summary,intent-vs-fact/arxiv:2609.19183v1/abstract,derived_from,1
intent-vs-fact/arxiv:2609.19203v1/summary,intent-vs-fact/arxiv:2609.19203v1/abstract,derived_from,1
intent-vs-fact/arxiv:2609.19208v1/summary,intent-vs-fact/arxiv:2609.19208v1/abstract,derived_from,1
intent-vs-fact/arxiv:2609.19234v1/summary,intent-vs-fact/arxiv:2609.19234v1/abstract,derived_from,1
intent-vs-fact/arxiv:2609.19502v1/summary,intent-vs-fact/arxiv:2609.19502v1/abstract,derived_from,1
intent-vs-fact/arxiv:2609.19538v1/summary,intent-vs-fact/arxiv:2609.19538v1/abstract,derived_from,1
intent-vs-fact/arxiv:2609.19654v1/summary,intent-vs-fact/arxiv:2609.19654v1/abstract,derived_from,1
intent-vs-fact/arxiv:2609.19680v1/summary,intent-vs-fact/arxiv:2609.19680v1/abstract,derived_from,1
intent-vs-fact/arxiv:2609.19705v1/summary,intent-vs-fact/arxiv:2609.19705v1/abstract,derived_from,1
intent-vs-fact/arxiv:2609.19721v1/summary,intent-vs-fact/arxiv:2609.19721v1/abstract,derived_from,1
intent-vs-fact/arxiv:2609.19989v1/summary,intent-vs-fact/arxiv:2609.19989v1/abstract,derived_from,1
intent-vs-fact/arxiv:2609.20080v1/summary,intent-vs-fact/arxiv:2609.20080v1/abstract,derived_from,1
intent-vs-fact/arxiv:2609.20104v1/summary,intent-vs-fact/arxiv:2609.20104v1/abstract,derived_from,1
intent-vs-fact/arxiv:2609.20131v1/summary,intent-vs-fact/arxiv:2609.20131v1/abstract,derived_from,1
intent-vs-fact/arxiv:2609.20186v1/summary,intent-vs-fact/arxiv:2609.20186v1/abstract,derived_from,1
intent-vs-fact/arxiv:2609.20398v1/summary,intent-vs-fact/arxiv:2609.20398v1/abstract,derived_from,1
intent-vs-fact/arxiv:2609.20408v2/summary,intent-vs-fact/arxiv:2609.20408v2/abstract,derived_from,1
intent-vs-fact/arxiv:2609.20412v1/summary,intent-vs-fact/arxiv:2609.20412v1/abstract,derived_from,1
intent-vs-fact/arxiv:2609.20484v1/summary,intent-vs-fact/arxiv:2609.20484v1/abstract,derived_from,1
intent-vs-fact/arxiv:2609.20504v1/summary,intent-vs-fact/arxiv:2609.20504v1/abstract,derived_from,1
intent-vs-fact/arxiv:2609.20519v1/summary,intent-vs-fact/arxiv:2609.20519v1/abstract,derived_from,1
intent-vs-fact/arxiv:2609.20530v1/summary,intent-vs-fact/arxiv:2609.20530v1/abstract,derived_from,1
intent-vs-fact/arxiv:2609.20535v1/summary,intent-vs-fact/arxiv:2609.20535v1/abstract,derived_from,1
intent-vs-fact/arxiv:2609.20538v1/summary,intent-vs-fact/arxiv:2609.20538v1/abstract,derived_from,1
intent-vs-fact/arxiv:2609.20541v1/summary,intent-vs-fact/arxiv:2609.20541v1/abstract,derived_from,1
intent-vs-fact/arxiv:2609.20543v1/summary,intent-vs-fact/arxiv:2609.20543v1/abstract,derived_from,1
intent-vs-fact/arxiv:2609.20548v1/summary,intent-vs-fact/arxiv:2609.20548v1/abstract,derived_from,1
intent-vs-fact/arxiv:2609.20565v1/summary,intent-vs-fact/arxiv:2609.20565v1/abstract,derived_from,1
intent-vs-fact/arxiv:2609.20569v1/summary,intent-vs-fact/arxiv:2609.20569v1/abstract,derived_from,1
intent-vs-fact/arxiv:2609.20575v1/summary,intent-vs-fact/arxiv:2609.20575v1/abstract,derived_from,1
intent-vs-fact/arxiv:2609.20578v1/summary,intent-vs-fact/arxiv:2609.20578v1/abstract,derived_from,1
intent-vs-fact/arxiv:2609.20581v2/summary,intent-vs-fact/arxiv:2609.20581v2/abstract,derived_from,1
intent-vs-fact/arxiv:2609.20584v1/summary,intent-vs-fact/arxiv:2609.20584v1/abstract,derived_from,1
intent-vs-fact/arxiv:2609.20593v1/summary,intent-vs-fact/arxiv:2609.20593v1/abstract,derived_from,1
intent-vs-fact/arxiv:2609.20598v1/summary,intent-vs-fact/arxiv:2609.20598v1/abstract,derived_from,1
intent-vs-fact/arxiv:2609.20612v2/summary,intent-vs-fact/arxiv:2609.20612v2/abstract,derived_from,1
intent-vs-fact/arxiv:2609.20614v1/summary,intent-vs-fact/arxiv:2609.20614v1/abstract,derived_from,1
intent-vs-fact/arxiv:2609.20620v1/summary,intent-vs-fact/arxiv:2609.20620v1/abstract,derived_from,1
intent-vs-fact/arxiv:2609.20625v1/summary,intent-vs-fact/arxiv:2609.20625v1/abstract,derived_from,1
intent-vs-fact/arxiv:2609.20630v2/summary,intent-vs-fact/arxiv:2609.20630v2/abstract,derived_from,1
intent-vs-fact/arxiv:2609.20634v1/summary,intent-vs-fact/arxiv:2609.20634v1/abstract,derived_from,1
intent-vs-fact/arxiv:2609.20658v1/summary,intent-vs-fact/arxiv:2609.20658v1/abstract,derived_from,1
intent-vs-fact/arxiv:2609.20659v1/summary,intent-vs-fact/arxiv:2609.20659v1/abstract,derived_from,1
intent-vs-fact/arxiv:2609.20684v1/summary,intent-vs-fact/arxiv:2609.20684v1/abstract,derived_from,1
intent-vs-fact/arxiv:2609.20712v1/summary,intent-vs-fact/arxiv:2609.20712v1/abstract,derived_from,1
intent-vs-fact/arxiv:2609.20715v1/summary,intent-vs-fact/arxiv:2609.20715v1/abstract,derived_from,1
intent-vs-fact/arxiv:2609.20722v1/summary,intent-vs-fact/arxiv:2609.20722v1/abstract,derived_from,1
intent-vs-fact/arxiv:2609.20732v1/summary,intent-vs-fact/arxiv:2609.20732v1/abstract,derived_from,1
intent-vs-fact/arxiv:2609.20734v1/summary,intent-vs-fact/arxiv:2609.20734v1/abstract,derived_from,1
intent-vs-fact/arxiv:2609.20751v1/summary,intent-vs-fact/arxiv:2609.20751v1/abstract,derived_from,1
intent-vs-fact/arxiv:2609.20752v1/summary,intent-vs-fact/arxiv:2609.20752v1/abstract,derived_from,1
intent-vs-fact/arxiv:2609.20754v1/summary,intent-vs-fact/arxiv:2609.20754v1/abstract,derived_from,1
intent-vs-fact/arxiv:2609.20758v1/summary,intent-vs-fact/arxiv:2609.20758v1/abstract,derived_from,1
intent-vs-fact/arxiv:2609.20768v1/summary,intent-vs-fact/arxiv:2609.20768v1/abstract,derived_from,1
intent-vs-fact/arxiv:2609.20776v1/summary,intent-vs-fact/arxiv:2609.20776v1/abstract,derived_from,1
intent-vs-fact/arxiv:2609.20779v1/summary,intent-vs-fact/arxiv:2609.20779v1/abstract,derived_from,1
intent-vs-fact/arxiv:2609.20784v1/summary,intent-vs-fact/arxiv:2609.20784v1/abstract,derived_from,1
intent-vs-fact/arxiv:2609.20800v1/summary,intent-vs-fact/arxiv:2609.20800v1/abstract,derived_from,1
intent-vs-fact/arxiv:2609.20804v1/summary,intent-vs-fact/arxiv:2609.20804v1/abstract,derived_from,1
intent-vs-fact/arxiv:2609.20808v1/summary,intent-vs-fact/arxiv:2609.20808v1/abstract,derived_from,1
intent-vs-fact/arxiv:2609.20812v3/summary,intent-vs-fact/arxiv:2609.20812v3/abstract,derived_from,1
intent-vs-fact/arxiv:2609.20815v1/summary,intent-vs-fact/arxiv:2609.20815v1/abstract,derived_from,1
intent-vs-fact/arxiv:2609.20816v2/summary,intent-vs-fact/arxiv:2609.20816v2/abstract,derived_from,1
intent-vs-fact/arxiv:2609.20817v1/summary,intent-vs-fact/arxiv:2609.20817v1/abstract,derived_from,1
intent-vs-fact/arxiv:2609.20820v1/summary,intent-vs-fact/arxiv:2609.20820v1/abstract,derived_from,1
intent-vs-fact/arxiv:2609.20821v1/summary,intent-vs-fact/arxiv:2609.20821v1/abstract,derived_from,1
intent-vs-fact/arxiv:2609.20822v1/summary,intent-vs-fact/arxiv:2609.20822v1/abstract,derived_from,1
intent-vs-fact/arxiv:2609.20887v1/summary,intent-vs-fact/arxiv:2609.20887v1/abstract,derived_from,1
intent-vs-fact/arxiv:2609.20889v1/summary,intent-vs-fact/arxiv:2609.20889v1/abstract,derived_from,1
intent-vs-fact/arxiv:2609.21081v1/summary,intent-vs-fact/arxiv:2609.21081v1/abstract,derived_from,1
intent-vs-fact/arxiv:2609.21192v1/summary,intent-vs-fact/arxiv:2609.21192v1/abstract,derived_from,1
intent-vs-fact/arxiv:2609.21562v2/summary,intent-vs-fact/arxiv:2609.21562v2/abstract,derived_from,1
intent-vs-fact/arxiv:2609.21570v1/summary,intent-vs-fact/arxiv:2609.21570v1/abstract,derived_from,1
intent-vs-fact/arxiv:2609.21595v1/summary,intent-vs-fact/arxiv:2609.21595v1/abstract,derived_from,1
intent-vs-fact/arxiv:2609.21636v1/summary,intent-vs-fact/arxiv:2609.21636v1/abstract,derived_from,1
intent-vs-fact/arxiv:2609.21637v1/summary,intent-vs-fact/arxiv:2609.21637v1/abstract,derived_from,1
intent-vs-fact/arxiv:2609.21651v2/summary,intent-vs-fact/arxiv:2609.21651v2/abstract,derived_from,1
intent-vs-fact/arxiv:2609.21655v1/summary,intent-vs-fact/arxiv:2609.21655v1/abstract,derived_from,1
intent-vs-fact/arxiv:2609.21662v1/summary,intent-vs-fact/arxiv:2609.21662v1/abstract,derived_from,1
intent-vs-fact/arxiv:2609.21663v2/summary,intent-vs-fact/arxiv:2609.21663v2/abstract,derived_from,1
intent-vs-fact/arxiv:2609.21672v1/summary,intent-vs-fact/arxiv:2609.21672v1/abstract,derived_from,1
intent-vs-fact/arxiv:2609.21673v1/summary,intent-vs-fact/arxiv:2609.21673v1/abstract,derived_from,1
intent-vs-fact/arxiv:2609.21676v1/summary,intent-vs-fact/arxiv:2609.21676v1/abstract,derived_from,1
intent-vs-fact/arxiv:2609.21683v1/summary,intent-vs-fact/arxiv:2609.21683v1/abstract,derived_from,1
intent-vs-fact/arxiv:2609.21713v1/summary,intent-vs-fact/arxiv:2609.21713v1/abstract,derived_from,1
intent-vs-fact/arxiv:2609.21722v1/summary,intent-vs-fact/arxiv:2609.21722v1/abstract,derived_from,1
intent-vs-fact/arxiv:2609.21743v1/summary,intent-vs-fact/arxiv:2609.21743v1/abstract,derived_from,1
intent-vs-fact/arxiv:2609.21748v1/summary,intent-vs-fact/arxiv:2609.21748v1/abstract,derived_from,1
intent-vs-fact/arxiv:2609.21751v1/summary,intent-vs-fact/arxiv:2609.21751v1/abstract,derived_from,1
intent-vs-fact/arxiv:2609.21755v1/summary,intent-vs-fact/arxiv:2609.21755v1/abstract,derived_from,1
intent-vs-fact/arxiv:2609.21789v2/summary,intent-vs-fact/arxiv:2609.21789v2/abstract,derived_from,1
intent-vs-fact/arxiv:2609.21793v1/summary,intent-vs-fact/arxiv:2609.21793v1/abstract,derived_from,1
intent-vs-fact/arxiv:2609.21801v1/summary,intent-vs-fact/arxiv:2609.21801v1/abstract,derived_from,1
intent-vs-fact/arxiv:2609.21805v1/summary,intent-vs-fact/arxiv:2609.21805v1/abstract,derived_from,1
intent-vs-fact/arxiv:2609.21811v1/summary,intent-vs-fact/arxiv:2609.21811v1/abstract,derived_from,1
intent-vs-fact/arxiv:2609.21815v2/summary,intent-vs-fact/arxiv:2609.21815v2/abstract,derived_from,1
intent-vs-fact/arxiv:2609.21827v1/summary,intent-vs-fact/arxiv:2609.21827v1/abstract,derived_from,1
intent-vs-fact/arxiv:2609.21828v1/summary,intent-vs-fact/arxiv:2609.21828v1/abstract,derived_from,1
intent-vs-fact/arxiv:2609.21829v1/summary,intent-vs-fact/arxiv:2609.21829v1/abstract,derived_from,1
intent-vs-fact/arxiv:2609.21841v1/summary,intent-vs-fact/arxiv:2609.21841v1/abstract,derived_from,1
intent-vs-fact/arxiv:2609.21844v1/summary,intent-vs-fact/arxiv:2609.21844v1/abstract,derived_from,1
intent-vs-fact/arxiv:2609.21857v1/summary,intent-vs-fact/arxiv:2609.21857v1/abstract,derived_from,1
intent-vs-fact/arxiv:2609.21859v1/summary,intent-vs-fact/arxiv:2609.21859v1/abstract,derived_from,1
intent-vs-fact/arxiv:2609.21863v1/summary,intent-vs-fact/arxiv:2609.21863v1/abstract,derived_from,1
intent-vs-fact/arxiv:2609.21870v1/summary,intent-vs-fact/arxiv:2609.21870v1/abstract,derived_from,1
intent-vs-fact/arxiv:2609.21879v1/summary,intent-vs-fact/arxiv:2609.21879v1/abstract,derived_from,1
intent-vs-fact/arxiv:2609.21888v1/summary,intent-vs-fact/arxiv:2609.21888v1/abstract,derived_from,1
intent-vs-fact/arxiv:2609.21924v1/summary,intent-vs-fact/arxiv:2609.21924v1/abstract,derived_from,1
intent-vs-fact/arxiv:2609.21940v1/summary,intent-vs-fact/arxiv:2609.21940v1/abstract,derived_from,1
intent-vs-fact/arxiv:2609.21942v1/summary,intent-vs-fact/arxiv:2609.21942v1/abstract,derived_from,1
intent-vs-fact/arxiv:2609.21944v1/summary,intent-vs-fact/arxiv:2609.21944v1/abstract,derived_from,1
intent-vs-fact/arxiv:2609.21962v1/summary,intent-vs-fact/arxiv:2609.21962v1/abstract,derived_from,1
intent-vs-fact/arxiv:2609.21967v1/summary,intent-vs-fact/arxiv:2609.21967v1/abstract,derived_from,1
intent-vs-fact/arxiv:2609.21992v1/summary,intent-vs-fact/arxiv:2609.21992v1/abstract,derived_from,1
intent-vs-fact/arxiv:2609.21996v2/summary,intent-vs-fact/arxiv:2609.21996v2/abstract,derived_from,1
intent-vs-fact/arxiv:2609.21997v2/summary,intent-vs-fact/arxiv:2609.21997v2/abstract,derived_from,1
intent-vs-fact/arxiv:2609.22000v2/summary,intent-vs-fact/arxiv:2609.22000v2/abstract,derived_from,1
intent-vs-fact/arxiv:2609.22005v1/summary,intent-vs-fact/arxiv:2609.22005v1/abstract,derived_from,1
intent-vs-fact/arxiv:2609.22008v1/summary,intent-vs-fact/arxiv:2609.22008v1/abstract,derived_from,1
intent-vs-fact/arxiv:2609.22038v1/summary,intent-vs-fact/arxiv:2609.22038v1/abstract,derived_from,1
intent-vs-fact/arxiv:2609.22039v1/summary,intent-vs-fact/arxiv:2609.22039v1/abstract,derived_from,1
intent-vs-fact/arxiv:2609.22043v1/summary,intent-vs-fact/arxiv:2609.22043v1/abstract,derived_from,1
intent-vs-fact/arxiv:2609.22056v1/summary,intent-vs-fact/arxiv:2609.22056v1/abstract,derived_from,1
intent-vs-fact/arxiv:2609.22067v1/summary,intent-vs-fact/arxiv:2609.22067v1/abstract,derived_from,1
intent-vs-fact/arxiv:2609.22068v1/summary,intent-vs-fact/arxiv:2609.22068v1/abstract,derived_from,1
intent-vs-fact/arxiv:2609.22081v2/summary,intent-vs-fact/arxiv:2609.22081v2/abstract,derived_from,1
intent-vs-fact/arxiv:2609.22086v1/summary,intent-vs-fact/arxiv:2609.22086v1/abstract,derived_from,1
intent-vs-fact/arxiv:2609.22592v1/summary,intent-vs-fact/arxiv:2609.22592v1/abstract,derived_from,1
intent-vs-fact/arxiv:2609.22600v1/summary,intent-vs-fact/arxiv:2609.22600v1/abstract,derived_from,1
intent-vs-fact/arxiv:2609.22668v1/summary,intent-vs-fact/arxiv:2609.22668v1/abstract,derived_from,1
intent-vs-fact/arxiv:2609.22678v1/summary,intent-vs-fact/arxiv:2609.22678v1/abstract,derived_from,1
intent-vs-fact/arxiv:2609.22682v1/summary,intent-vs-fact/arxiv:2609.22682v1/abstract,derived_from,1
intent-vs-fact/arxiv:2609.22726v1/summary,intent-vs-fact/arxiv:2609.22726v1/abstract,derived_from,1
intent-vs-fact/arxiv:2609.22833v1/summary,intent-vs-fact/arxiv:2609.22833v1/abstract,derived_from,1
intent-vs-fact/arxiv:2609.22944v1/summary,intent-vs-fact/arxiv:2609.22944v1/abstract,derived_from,1
intent-vs-fact/arxiv:2609.22949v1/summary,intent-vs-fact/arxiv:2609.22949v1/abstract,derived_from,1
intent-vs-fact/arxiv:2609.22951v1/summary,intent-vs-fact/arxiv:2609.22951v1/abstract,derived_from,1
intent-vs-fact/arxiv:2609.22993v1/summary,intent-vs-fact/arxiv:2609.22993v1/abstract,derived_from,1
intent-vs-fact/arxiv:2609.23137v1/summary,intent-vs-fact/arxiv:2609.23137v1/abstract,derived_from,1
intent-vs-fact/arxiv:2609.23269v1/summary,intent-vs-fact/arxiv:2609.23269v1/abstract,derived_from,1
intent-vs-fact/arxiv:2609.23310v1/summary,intent-vs-fact/arxiv:2609.23310v1/abstract,derived_from,1
intent-vs-fact/arxiv:2609.23454v1/summary,intent-vs-fact/arxiv:2609.23454v1/abstract,derived_from,1
intent-vs-fact/arxiv:2609.23790v1/summary,intent-vs-fact/arxiv:2609.23790v1/abstract,derived_from,1
intent-vs-fact/arxiv:2609.23875v1/summary,intent-vs-fact/arxiv:2609.23875v1/abstract,derived_from,1
intent-vs-fact/arxiv:2609.23928v1/summary,intent-vs-fact/arxiv:2609.23928v1/abstract,derived_from,1
intent-vs-fact/arxiv:2609.24006v1/summary,intent-vs-fact/arxiv:2609.24006v1/abstract,derived_from,1
intent-vs-fact/arxiv:2609.24012v2/summary,intent-vs-fact/arxiv:2609.24012v2/abstract,derived_from,1
intent-vs-fact/arxiv:2609.24107v1/summary,intent-vs-fact/arxiv:2609.24107v1/abstract,derived_from,1
intent-vs-fact/arxiv:2609.24474v1/summary,intent-vs-fact/arxiv:2609.24474v1/abstract,derived_from,1
intent-vs-fact/arxiv:2609.24516v1/summary,intent-vs-fact/arxiv:2609.24516v1/abstract,derived_from,1
intent-vs-fact/arxiv:2609.24538v1/summary,intent-vs-fact/arxiv:2609.24538v1/abstract,derived_from,1
intent-vs-fact/arxiv:2609.24554v1/summary,intent-vs-fact/arxiv:2609.24554v1/abstract,derived_from,1
intent-vs-fact/arxiv:2609.24574v2/summary,intent-vs-fact/arxiv:2609.24574v2/abstract,derived_from,1
intent-vs-fact/arxiv:2609.24613v1/summary,intent-vs-fact/arxiv:2609.24613v1/abstract,derived_from,1
intent-vs-fact/arxiv:2609.24625v1/summary,intent-vs-fact/arxiv:2609.24625v1/abstract,derived_from,1
intent-vs-fact/arxiv:2609.24635v1/summary,intent-vs-fact/arxiv:2609.24635v1/abstract,derived_from,1
intent-vs-fact/arxiv:2609.24650v1/summary,intent-vs-fact/arxiv:2609.24650v1/abstract,derived_from,1
intent-vs-fact/arxiv:2609.24657v1/summary,intent-vs-fact/arxiv:2609.24657v1/abstract,derived_from,1
intent-vs-fact/arxiv:2609.24678v1/summary,intent-vs-fact/arxiv:2609.24678v1/abstract,derived_from,1
intent-vs-fact/arxiv:2609.24698v1/summary,intent-vs-fact/arxiv:2609.24698v1/abstract,derived_from,1
intent-vs-fact/arxiv:2609.24784v1/summary,intent-vs-fact/arxiv:2609.24784v1/abstract,derived_from,1
intent-vs-fact/arxiv:2609.24799v1/summary,intent-vs-fact/arxiv:2609.24799v1/abstract,derived_from,1
intent-vs-fact/arxiv:2609.24801v1/summary,intent-vs-fact/arxiv:2609.24801v1/abstract,derived_from,1
intent-vs-fact/arxiv:2609.24812v1/summary,intent-vs-fact/arxiv:2609.24812v1/abstract,derived_from,1
intent-vs-fact/arxiv:2609.24814v2/summary,intent-vs-fact/arxiv:2609.24814v2/abstract,derived_from,1
intent-vs-fact/arxiv:2609.24815v3/summary,intent-vs-fact/arxiv:2609.24815v3/abstract,derived_from,1
intent-vs-fact/arxiv:2609.24821v1/summary,intent-vs-fact/arxiv:2609.24821v1/abstract,derived_from,1
intent-vs-fact/arxiv:2609.24831v1/summary,intent-vs-fact/arxiv:2609.24831v1/abstract,derived_from,1
intent-vs-fact/arxiv:2609.24838v1/summary,intent-vs-fact/arxiv:2609.24838v1/abstract,derived_from,1
intent-vs-fact/arxiv:2609.24847v1/summary,intent-vs-fact/arxiv:2609.24847v1/abstract,derived_from,1
intent-vs-fact/arxiv:2609.24855v1/summary,intent-vs-fact/arxiv:2609.24855v1/abstract,derived_from,1
intent-vs-fact/arxiv:2609.24859v1/summary,intent-vs-fact/arxiv:2609.24859v1/abstract,derived_from,1
intent-vs-fact/arxiv:2609.24862v1/summary,intent-vs-fact/arxiv:2609.24862v1/abstract,derived_from,1
intent-vs-fact/arxiv:2609.24864v1/summary,intent-vs-fact/arxiv:2609.24864v1/abstract,derived_from,1
intent-vs-fact/arxiv:2609.24876v1/summary,intent-vs-fact/arxiv:2609.24876v1/abstract,derived_from,1
intent-vs-fact/arxiv:2609.24877v1/summary,intent-vs-fact/arxiv:2609.24877v1/abstract,derived_from,1
intent-vs-fact/arxiv:2609.24881v2/summary,intent-vs-fact/arxiv:2609.24881v2/abstract,derived_from,1
intent-vs-fact/arxiv:2609.24883v1/summary,intent-vs-fact/arxiv:2609.24883v1/abstract,derived_from,1
intent-vs-fact/arxiv:2609.24885v1/summary,intent-vs-fact/arxiv:2609.24885v1/abstract,derived_from,1
intent-vs-fact/arxiv:2609.24890v1/summary,intent-vs-fact/arxiv:2609.24890v1/abstract,derived_from,1
intent-vs-fact/arxiv:2609.24894v1/summary,intent-vs-fact/arxiv:2609.24894v1/abstract,derived_from,1
intent-vs-fact/arxiv:2609.24895v1/summary,intent-vs-fact/arxiv:2609.24895v1/abstract,derived_from,1
intent-vs-fact/arxiv:2609.24903v1/summary,intent-vs-fact/arxiv:2609.24903v1/abstract,derived_from,1
intent-vs-fact/arxiv:2609.24906v1/summary,intent-vs-fact/arxiv:2609.24906v1/abstract,derived_from,1
intent-vs-fact/arxiv:2609.24911v1/summary,intent-vs-fact/arxiv:2609.24911v1/abstract,derived_from,1
intent-vs-fact/arxiv:2609.24921v1/summary,intent-vs-fact/arxiv:2609.24921v1/abstract,derived_from,1
intent-vs-fact/arxiv:2609.24927v1/summary,intent-vs-fact/arxiv:2609.24927v1/abstract,derived_from,1
intent-vs-fact/arxiv:2609.24932v1/summary,intent-vs-fact/arxiv:2609.24932v1/abstract,derived_from,1
intent-vs-fact/arxiv:2609.24942v1/summary,intent-vs-fact/arxiv:2609.24942v1/abstract,derived_from,1
intent-vs-fact/arxiv:2609.24955v1/summary,intent-vs-fact/arxiv:2609.24955v1/abstract,derived_from,1
intent-vs-fact/arxiv:2609.24964v1/summary,intent-vs-fact/arxiv:2609.24964v1/abstract,derived_from,1
intent-vs-fact/arxiv:2609.24965v2/summary,intent-vs-fact/arxiv:2609.24965v2/abstract,derived_from,1
intent-vs-fact/arxiv:2609.24967v1/summary,intent-vs-fact/arxiv:2609.24967v1/abstract,derived_from,1
intent-vs-fact/arxiv:2609.24969v1/summary,intent-vs-fact/arxiv:2609.24969v1/abstract,derived_from,1
intent-vs-fact/arxiv:2609.24971v2/summary,intent-vs-fact/arxiv:2609.24971v2/abstract,derived_from,1
intent-vs-fact/arxiv:2609.24972v2/summary,intent-vs-fact/arxiv:2609.24972v2/abstract,derived_from,1
intent-vs-fact/arxiv:2609.24974v1/summary,intent-vs-fact/arxiv:2609.24974v1/abstract,derived_from,1
intent-vs-fact/arxiv:2609.24976v1/summary,intent-vs-fact/arxiv:2609.24976v1/abstract,derived_from,1
intent-vs-fact/arxiv:2609.24983v1/summary,intent-vs-fact/arxiv:2609.24983v1/abstract,derived_from,1
intent-vs-fact/arxiv:2609.24984v1/summary,intent-vs-fact/arxiv:2609.24984v1/abstract,derived_from,1
intent-vs-fact/arxiv:2609.24985v1/summary,intent-vs-fact/arxiv:2609.24985v1/abstract,derived_from,1
intent-vs-fact/arxiv:2609.25001v1/summary,intent-vs-fact/arxiv:2609.25001v1/abstract,derived_from,1
intent-vs-fact/arxiv:2609.25194v1/summary,intent-vs-fact/arxiv:2609.25194v1/abstract,derived_from,1
intent-vs-fact/arxiv:2609.25195v1/summary,intent-vs-fact/arxiv:2609.25195v1/abstract,derived_from,1
intent-vs-fact/arxiv:2609.25432v1/summary,intent-vs-fact/arxiv:2609.25432v1/abstract,derived_from,1
intent-vs-fact/arxiv:2609.25701v1/summary,intent-vs-fact/arxiv:2609.25701v1/abstract,derived_from,1
intent-vs-fact/arxiv:2609.25913v1/summary,intent-vs-fact/arxiv:2609.25913v1/abstract,derived_from,1
intent-vs-fact/arxiv:2609.25956v1/summary,intent-vs-fact/arxiv:2609.25956v1/abstract,derived_from,1
intent-vs-fact/arxiv:2609.25959v1/summary,intent-vs-fact/arxiv:2609.25959v1/abstract,derived_from,1
intent-vs-fact/arxiv:2609.26010v1/summary,intent-vs-fact/arxiv:2609.26010v1/abstract,derived_from,1
intent-vs-fact/arxiv:2609.26048v1/summary,intent-vs-fact/arxiv:2609.26048v1/abstract,derived_from,1
intent-vs-fact/arxiv:2609.26306v1/summary,intent-vs-fact/arxiv:2609.26306v1/abstract,derived_from,1
intent-vs-fact/arxiv:2609.26338v1/summary,intent-vs-fact/arxiv:2609.26338v1/abstract,derived_from,1
intent-vs-fact/arxiv:2609.26346v1/summary,intent-vs-fact/arxiv:2609.26346v1/abstract,derived_from,1
intent-vs-fact/arxiv:2609.26347v2/summary,intent-vs-fact/arxiv:2609.26347v2/abstract,derived_from,1
intent-vs-fact/arxiv:2609.26368v1/summary,intent-vs-fact/arxiv:2609.26368v1/abstract,derived_from,1
intent-vs-fact/arxiv:2609.26381v1/summary,intent-vs-fact/arxiv:2609.26381v1/abstract,derived_from,1
intent-vs-fact/arxiv:2609.26388v1/summary,intent-vs-fact/arxiv:2609.26388v1/abstract,derived_from,1
intent-vs-fact/arxiv:2609.26399v1/summary,intent-vs-fact/arxiv:2609.26399v1/abstract,derived_from,1
intent-vs-fact/arxiv:2609.26422v1/summary,intent-vs-fact/arxiv:2609.26422v1/abstract,derived_from,1
intent-vs-fact/arxiv:2609.26468v1/summary,intent-vs-fact/arxiv:2609.26468v1/abstract,derived_from,1
intent-vs-fact/arxiv:2609.26481v1/summary,intent-vs-fact/arxiv:2609.26481v1/abstract,derived_from,1
intent-vs-fact/arxiv:2609.26488v1/summary,intent-vs-fact/arxiv:2609.26488v1/abstract,derived_from,1
intent-vs-fact/arxiv:2609.26489v1/summary,intent-vs-fact/arxiv:2609.26489v1/abstract,derived_from,1
intent-vs-fact/arxiv:2609.26507v1/summary,intent-vs-fact/arxiv:2609.26507v1/abstract,derived_from,1
intent-vs-fact/arxiv:2609.26512v1/summary,intent-vs-fact/arxiv:2609.26512v1/abstract,derived_from,1
intent-vs-fact/arxiv:2609.26527v1/summary,intent-vs-fact/arxiv:2609.26527v1/abstract,derived_from,1
intent-vs-fact/arxiv:2609.26532v1/summary,intent-vs-fact/arxiv:2609.26532v1/abstract,derived_from,1
intent-vs-fact/arxiv:2609.26536v1/summary,intent-vs-fact/arxiv:2609.26536v1/abstract,derived_from,1
intent-vs-fact/arxiv:2609.26539v1/summary,intent-vs-fact/arxiv:2609.26539v1/abstract,derived_from,1
intent-vs-fact/arxiv:2609.26547v1/summary,intent-vs-fact/arxiv:2609.26547v1/abstract,derived_from,1
intent-vs-fact/arxiv:2609.26550v1/summary,intent-vs-fact/arxiv:2609.26550v1/abstract,derived_from,1
intent-vs-fact/arxiv:2609.26556v1/summary,intent-vs-fact/arxiv:2609.26556v1/abstract,derived_from,1
intent-vs-fact/arxiv:2609.26562v1/summary,intent-vs-fact/arxiv:2609.26562v1/abstract,derived_from,1
intent-vs-fact/arxiv:2609.26579v1/summary,intent-vs-fact/arxiv:2609.26579v1/abstract,derived_from,1
intent-vs-fact/arxiv:2609.26603v2/summary,intent-vs-fact/arxiv:2609.26603v2/abstract,derived_from,1
intent-vs-fact/arxiv:2609.26610v1/summary,intent-vs-fact/arxiv:2609.26610v1/abstract,derived_from,1
intent-vs-fact/arxiv:2609.26621v1/summary,intent-vs-fact/arxiv:2609.26621v1/abstract,derived_from,1
intent-vs-fact/arxiv:2609.26629v1/summary,intent-vs-fact/arxiv:2609.26629v1/abstract,derived_from,1
intent-vs-fact/arxiv:2609.26634v1/summary,intent-vs-fact/arxiv:2609.26634v1/abstract,derived_from,1
intent-vs-fact/arxiv:2609.26637v1/summary,intent-vs-fact/arxiv:2609.26637v1/abstract,derived_from,1
intent-vs-fact/arxiv:2609.26638v1/summary,intent-vs-fact/arxiv:2609.26638v1/abstract,derived_from,1
intent-vs-fact/arxiv:2609.26642v1/summary,intent-vs-fact/arxiv:2609.26642v1/abstract,derived_from,1
intent-vs-fact/arxiv:2609.26658v1/summary,intent-vs-fact/arxiv:2609.26658v1/abstract,derived_from,1
intent-vs-fact/arxiv:2609.26679v1/summary,intent-vs-fact/arxiv:2609.26679v1/abstract,derived_from,1
intent-vs-fact/arxiv:2609.26682v1/summary,intent-vs-fact/arxiv:2609.26682v1/abstract,derived_from,1
intent-vs-fact/arxiv:2609.26687v1/summary,intent-vs-fact/arxiv:2609.26687v1/abstract,derived_from,1
intent-vs-fact/arxiv:2609.26693v1/summary,intent-vs-fact/arxiv:2609.26693v1/abstract,derived_from,1
intent-vs-fact/arxiv:2609.26704v1/summary,intent-vs-fact/arxiv:2609.26704v1/abstract,derived_from,1
intent-vs-fact/arxiv:2609.26708v1/summary,intent-vs-fact/arxiv:2609.26708v1/abstract,derived_from,1
intent-vs-fact/arxiv:2609.26711v1/summary,intent-vs-fact/arxiv:2609.26711v1/abstract,derived_from,1
intent-vs-fact/arxiv:2609.26718v1/summary,intent-vs-fact/arxiv:2609.26718v1/abstract,derived_from,1
intent-vs-fact/arxiv:2609.26725v1/summary,intent-vs-fact/arxiv:2609.26725v1/abstract,derived_from,1
intent-vs-fact/arxiv:2609.26749v1/summary,intent-vs-fact/arxiv:2609.26749v1/abstract,derived_from,1
intent-vs-fact/arxiv:2609.26756v2/summary,intent-vs-fact/arxiv:2609.26756v2/abstract,derived_from,1
intent-vs-fact/arxiv:2609.26758v2/summary,intent-vs-fact/arxiv:2609.26758v2/abstract,derived_from,1
intent-vs-fact/arxiv:2609.26760v2/summary,intent-vs-fact/arxiv:2609.26760v2/abstract,derived_from,1
intent-vs-fact/arxiv:2609.26761v1/summary,intent-vs-fact/arxiv:2609.26761v1/abstract,derived_from,1
intent-vs-fact/arxiv:2609.26777v1/summary,intent-vs-fact/arxiv:2609.26777v1/abstract,derived_from,1
intent-vs-fact/arxiv:2609.26779v1/summary,intent-vs-fact/arxiv:2609.26779v1/abstract,derived_from,1
intent-vs-fact/arxiv:2609.26780v2/summary,intent-vs-fact/arxiv:2609.26780v2/abstract,derived_from,1
intent-vs-fact/arxiv:2609.26781v1/summary,intent-vs-fact/arxiv:2609.26781v1/abstract,derived_from,1
intent-vs-fact/arxiv:2609.26796v1/summary,intent-vs-fact/arxiv:2609.26796v1/abstract,derived_from,1
intent-vs-fact/arxiv:2609.26863v1/summary,intent-vs-fact/arxiv:2609.26863v1/abstract,derived_from,1
intent-vs-fact/arxiv:2609.26906v1/summary,intent-vs-fact/arxiv:2609.26906v1/abstract,derived_from,1
intent-vs-fact/arxiv:2609.26927v1/summary,intent-vs-fact/arxiv:2609.26927v1/abstract,derived_from,1
intent-vs-fact/arxiv:2609.26952v1/summary,intent-vs-fact/arxiv:2609.26952v1/abstract,derived_from,1
intent-vs-fact/arxiv:2609.27175v1/summary,intent-vs-fact/arxiv:2609.27175v1/abstract,derived_from,1
intent-vs-fact/arxiv:2609.27296v1/summary,intent-vs-fact/arxiv:2609.27296v1/abstract,derived_from,1
intent-vs-fact/arxiv:2609.27365v1/summary,intent-vs-fact/arxiv:2609.27365v1/abstract,derived_from,1
intent-vs-fact/arxiv:2609.27386v1/summary,intent-vs-fact/arxiv:2609.27386v1/abstract,derived_from,1
intent-vs-fact/arxiv:2609.27499v1/summary,intent-vs-fact/arxiv:2609.27499v1/abstract,derived_from,1
intent-vs-fact/arxiv:2609.27535v1/summary,intent-vs-fact/arxiv:2609.27535v1/abstract,derived_from,1
intent-vs-fact/arxiv:2609.27573v1/summary,intent-vs-fact/arxiv:2609.27573v1/abstract,derived_from,1
intent-vs-fact/arxiv:2609.27624v1/summary,intent-vs-fact/arxiv:2609.27624v1/abstract,derived_from,1
intent-vs-fact/arxiv:2609.27636v1/summary,intent-vs-fact/arxiv:2609.27636v1/abstract,derived_from,1
intent-vs-fact/arxiv:2609.27639v1/summary,intent-vs-fact/arxiv:2609.27639v1/abstract,derived_from,1
intent-vs-fact/arxiv:2609.27727v2/summary,intent-vs-fact/arxiv:2609.27727v2/abstract,derived_from,1
intent-vs-fact/arxiv:2609.27980v1/summary,intent-vs-fact/arxiv:2609.27980v1/abstract,derived_from,1
intent-vs-fact/arxiv:2609.27981v1/summary,intent-vs-fact/arxiv:2609.27981v1/abstract,derived_from,1
intent-vs-fact/arxiv:2609.27994v1/summary,intent-vs-fact/arxiv:2609.27994v1/abstract,derived_from,1
intent-vs-fact/arxiv:2609.28004v1/summary,intent-vs-fact/arxiv:2609.28004v1/abstract,derived_from,1
intent-vs-fact/arxiv:2609.28007v1/summary,intent-vs-fact/arxiv:2609.28007v1/abstract,derived_from,1
intent-vs-fact/arxiv:2609.28026v1/summary,intent-vs-fact/arxiv:2609.28026v1/abstract,derived_from,1
intent-vs-fact/arxiv:2609.28029v1/summary,intent-vs-fact/arxiv:2609.28029v1/abstract,derived_from,1
intent-vs-fact/arxiv:2609.28041v1/summary,intent-vs-fact/arxiv:2609.28041v1/abstract,derived_from,1
intent-vs-fact/arxiv:2609.28048v1/summary,intent-vs-fact/arxiv:2609.28048v1/abstract,derived_from,1
intent-vs-fact/arxiv:2609.28053v1/summary,intent-vs-fact/arxiv:2609.28053v1/abstract,derived_from,1
intent-vs-fact/arxiv:2609.28060v1/summary,intent-vs-fact/arxiv:2609.28060v1/abstract,derived_from,1
intent-vs-fact/arxiv:2609.28080v1/summary,intent-vs-fact/arxiv:2609.28080v1/abstract,derived_from,1
intent-vs-fact/arxiv:2609.28085v1/summary,intent-vs-fact/arxiv:2609.28085v1/abstract,derived_from,1
intent-vs-fact/arxiv:2609.28086v2/summary,intent-vs-fact/arxiv:2609.28086v2/abstract,derived_from,1
intent-vs-fact/arxiv:2609.28087v1/summary,intent-vs-fact/arxiv:2609.28087v1/abstract,derived_from,1
intent-vs-fact/arxiv:2609.28090v1/summary,intent-vs-fact/arxiv:2609.28090v1/abstract,derived_from,1
intent-vs-fact/arxiv:2609.28105v1/summary,intent-vs-fact/arxiv:2609.28105v1/abstract,derived_from,1
intent-vs-fact/arxiv:2609.28107v2/summary,intent-vs-fact/arxiv:2609.28107v2/abstract,derived_from,1
intent-vs-fact/arxiv:2609.28110v1/summary,intent-vs-fact/arxiv:2609.28110v1/abstract,derived_from,1
intent-vs-fact/arxiv:2609.28117v1/summary,intent-vs-fact/arxiv:2609.28117v1/abstract,derived_from,1
intent-vs-fact/arxiv:2609.28137v1/summary,intent-vs-fact/arxiv:2609.28137v1/abstract,derived_from,1
intent-vs-fact/arxiv:2609.28150v1/summary,intent-vs-fact/arxiv:2609.28150v1/abstract,derived_from,1
intent-vs-fact/arxiv:2609.28182v1/summary,intent-vs-fact/arxiv:2609.28182v1/abstract,derived_from,1
intent-vs-fact/arxiv:2609.28190v1/summary,intent-vs-fact/arxiv:2609.28190v1/abstract,derived_from,1
intent-vs-fact/arxiv:2609.28197v1/summary,intent-vs-fact/arxiv:2609.28197v1/abstract,derived_from,1
intent-vs-fact/arxiv:2609.28212v1/summary,intent-vs-fact/arxiv:2609.28212v1/abstract,derived_from,1
intent-vs-fact/arxiv:2609.28216v1/summary,intent-vs-fact/arxiv:2609.28216v1/abstract,derived_from,1
intent-vs-fact/arxiv:2609.28231v1/summary,intent-vs-fact/arxiv:2609.28231v1/abstract,derived_from,1
intent-vs-fact/arxiv:2609.28245v1/summary,intent-vs-fact/arxiv:2609.28245v1/abstract,derived_from,1
intent-vs-fact/arxiv:2609.28247v1/summary,intent-vs-fact/arxiv:2609.28247v1/abstract,derived_from,1
intent-vs-fact/arxiv:2609.28250v1/summary,intent-vs-fact/arxiv:2609.28250v1/abstract,derived_from,1
intent-vs-fact/arxiv:2609.28256v1/summary,intent-vs-fact/arxiv:2609.28256v1/abstract,derived_from,1
intent-vs-fact/arxiv:2609.28270v1/summary,intent-vs-fact/arxiv:2609.28270v1/abstract,derived_from,1
intent-vs-fact/arxiv:2609.28272v1/summary,intent-vs-fact/arxiv:2609.28272v1/abstract,derived_from,1
intent-vs-fact/arxiv:2609.28274v1/summary,intent-vs-fact/arxiv:2609.28274v1/abstract,derived_from,1
intent-vs-fact/arxiv:2609.28290v1/summary,intent-vs-fact/arxiv:2609.28290v1/abstract,derived_from,1
intent-vs-fact/arxiv:2609.28322v2/summary,intent-vs-fact/arxiv:2609.28322v2/abstract,derived_from,1
intent-vs-fact/arxiv:2609.28335v1/summary,intent-vs-fact/arxiv:2609.28335v1/abstract,derived_from,1
intent-vs-fact/arxiv:2609.28344v1/summary,intent-vs-fact/arxiv:2609.28344v1/abstract,derived_from,1
intent-vs-fact/arxiv:2609.28352v1/summary,intent-vs-fact/arxiv:2609.28352v1/abstract,derived_from,1
intent-vs-fact/arxiv:2609.28358v1/summary,intent-vs-fact/arxiv:2609.28358v1/abstract,derived_from,1
intent-vs-fact/arxiv:2609.28366v1/summary,intent-vs-fact/arxiv:2609.28366v1/abstract,derived_from,1
intent-vs-fact/arxiv:2609.28372v1/summary,intent-vs-fact/arxiv:2609.28372v1/abstract,derived_from,1
intent-vs-fact/arxiv:2609.28385v1/summary,intent-vs-fact/arxiv:2609.28385v1/abstract,derived_from,1
intent-vs-fact/arxiv:2609.28395v1/summary,intent-vs-fact/arxiv:2609.28395v1/abstract,derived_from,1
intent-vs-fact/arxiv:2609.28409v1/summary,intent-vs-fact/arxiv:2609.28409v1/abstract,derived_from,1
intent-vs-fact/arxiv:2609.28414v1/summary,intent-vs-fact/arxiv:2609.28414v1/abstract,derived_from,1
intent-vs-fact/arxiv:2609.28416v1/summary,intent-vs-fact/arxiv:2609.28416v1/abstract,derived_from,1
intent-vs-fact/arxiv:2609.28430v1/summary,intent-vs-fact/arxiv:2609.28430v1/abstract,derived_from,1
intent-vs-fact/arxiv:2609.28442v1/summary,intent-vs-fact/arxiv:2609.28442v1/abstract,derived_from,1
intent-vs-fact/arxiv:2609.28449v1/summary,intent-vs-fact/arxiv:2609.28449v1/abstract,derived_from,1
intent-vs-fact/arxiv:2609.28467v1/summary,intent-vs-fact/arxiv:2609.28467v1/abstract,derived_from,1
intent-vs-fact/arxiv:2609.28470v1/summary,intent-vs-fact/arxiv:2609.28470v1/abstract,derived_from,1
intent-vs-fact/arxiv:2609.28471v1/summary,intent-vs-fact/arxiv:2609.28471v1/abstract,derived_from,1
intent-vs-fact/arxiv:2609.28547v1/summary,intent-vs-fact/arxiv:2609.28547v1/abstract,derived_from,1
intent-vs-fact/arxiv:2609.28693v1/summary,intent-vs-fact/arxiv:2609.28693v1/abstract,derived_from,1
intent-vs-fact/arxiv:2609.28900v1/summary,intent-vs-fact/arxiv:2609.28900v1/abstract,derived_from,1
intent-vs-fact/arxiv:2609.29014v1/summary,intent-vs-fact/arxiv:2609.29014v1/abstract,derived_from,1
intent-vs-fact/arxiv:2609.29143v1/summary,intent-vs-fact/arxiv:2609.29143v1/abstract,derived_from,1
intent-vs-fact/arxiv:2609.29423v1/summary,intent-vs-fact/arxiv:2609.29423v1/abstract,derived_from,1
intent-vs-fact/arxiv:2609.29804v1/summary,intent-vs-fact/arxiv:2609.29804v1/abstract,derived_from,1
intent-vs-fact/arxiv:2609.29869v1/summary,intent-vs-fact/arxiv:2609.29869v1/abstract,derived_from,1
intent-vs-fact/arxiv:2609.29913v1/summary,intent-vs-fact/arxiv:2609.29913v1/abstract,derived_from,1
intent-vs-fact/arxiv:2609.29921v1/summary,intent-vs-fact/arxiv:2609.29921v1/abstract,derived_from,1
intent-vs-fact/arxiv:2609.29928v1/summary,intent-vs-fact/arxiv:2609.29928v1/abstract,derived_from,1
intent-vs-fact/arxiv:2609.29929v1/summary,intent-vs-fact/arxiv:2609.29929v1/abstract,derived_from,1
intent-vs-fact/arxiv:2609.29933v1/summary,intent-vs-fact/arxiv:2609.29933v1/abstract,derived_from,1
intent-vs-fact/arxiv:2609.29952v1/summary,intent-vs-fact/arxiv:2609.29952v1/abstract,derived_from,1
intent-vs-fact/arxiv:2609.29958v1/summary,intent-vs-fact/arxiv:2609.29958v1/abstract,derived_from,1
intent-vs-fact/arxiv:2609.30005v1/summary,intent-vs-fact/arxiv:2609.30005v1/abstract,derived_from,1
intent-vs-fact/arxiv:2609.30009v1/summary,intent-vs-fact/arxiv:2609.30009v1/abstract,derived_from,1
intent-vs-fact/arxiv:2609.30012v1/summary,intent-vs-fact/arxiv:2609.30012v1/abstract,derived_from,1
intent-vs-fact/arxiv:2609.30030v1/summary,intent-vs-fact/arxiv:2609.30030v1/abstract,derived_from,1
intent-vs-fact/arxiv:2609.30048v1/summary,intent-vs-fact/arxiv:2609.30048v1/abstract,derived_from,1
intent-vs-fact/arxiv:2609.30059v1/summary,intent-vs-fact/arxiv:2609.30059v1/abstract,derived_from,1
intent-vs-fact/arxiv:2609.30063v1/summary,intent-vs-fact/arxiv:2609.30063v1/abstract,derived_from,1
intent-vs-fact/arxiv:2609.30071v1/summary,intent-vs-fact/arxiv:2609.30071v1/abstract,derived_from,1
intent-vs-fact/arxiv:2609.30074v1/summary,intent-vs-fact/arxiv:2609.30074v1/abstract,derived_from,1
intent-vs-fact/arxiv:2609.30075v1/summary,intent-vs-fact/arxiv:2609.30075v1/abstract,derived_from,1
intent-vs-fact/arxiv:2609.30079v1/summary,intent-vs-fact/arxiv:2609.30079v1/abstract,derived_from,1
intent-vs-fact/arxiv:2609.30087v1/summary,intent-vs-fact/arxiv:2609.30087v1/abstract,derived_from,1
intent-vs-fact/arxiv:2609.30088v1/summary,intent-vs-fact/arxiv:2609.30088v1/abstract,derived_from,1
intent-vs-fact/arxiv:2609.30094v2/summary,intent-vs-fact/arxiv:2609.30094v2/abstract,derived_from,1
intent-vs-fact/arxiv:2609.30096v1/summary,intent-vs-fact/arxiv:2609.30096v1/abstract,derived_from,1
intent-vs-fact/arxiv:2609.30100v1/summary,intent-vs-fact/arxiv:2609.30100v1/abstract,derived_from,1
intent-vs-fact/arxiv:2609.30121v1/summary,intent-vs-fact/arxiv:2609.30121v1/abstract,derived_from,1
intent-vs-fact/arxiv:2609.30123v1/summary,intent-vs-fact/arxiv:2609.30123v1/abstract,derived_from,1
intent-vs-fact/arxiv:2609.30130v1/summary,intent-vs-fact/arxiv:2609.30130v1/abstract,derived_from,1
intent-vs-fact/arxiv:2609.30137v1/summary,intent-vs-fact/arxiv:2609.30137v1/abstract,derived_from,1
intent-vs-fact/arxiv:2609.30144v1/summary,intent-vs-fact/arxiv:2609.30144v1/abstract,derived_from,1
intent-vs-fact/arxiv:2609.30147v1/summary,intent-vs-fact/arxiv:2609.30147v1/abstract,derived_from,1
intent-vs-fact/arxiv:2609.30151v1/summary,intent-vs-fact/arxiv:2609.30151v1/abstract,derived_from,1
intent-vs-fact/arxiv:2609.30160v1/summary,intent-vs-fact/arxiv:2609.30160v1/abstract,derived_from,1
intent-vs-fact/arxiv:2609.30167v1/summary,intent-vs-fact/arxiv:2609.30167v1/abstract,derived_from,1
intent-vs-fact/arxiv:2609.30177v1/summary,intent-vs-fact/arxiv:2609.30177v1/abstract,derived_from,1
intent-vs-fact/arxiv:2609.30184v1/summary,intent-vs-fact/arxiv:2609.30184v1/abstract,derived_from,1
intent-vs-fact/arxiv:2609.30186v1/summary,intent-vs-fact/arxiv:2609.30186v1/abstract,derived_from,1
intent-vs-fact/arxiv:2609.30192v1/summary,intent-vs-fact/arxiv:2609.30192v1/abstract,derived_from,1
intent-vs-fact/arxiv:2609.30199v1/summary,intent-vs-fact/arxiv:2609.30199v1/abstract,derived_from,1
intent-vs-fact/arxiv:2609.30205v1/summary,intent-vs-fact/arxiv:2609.30205v1/abstract,derived_from,1
intent-vs-fact/arxiv:2609.30214v1/summary,intent-vs-fact/arxiv:2609.30214v1/abstract,derived_from,1
intent-vs-fact/arxiv:2609.30217v1/summary,intent-vs-fact/arxiv:2609.30217v1/abstract,derived_from,1
intent-vs-fact/arxiv:2609.30218v1/summary,intent-vs-fact/arxiv:2609.30218v1/abstract,derived_from,1
intent-vs-fact/arxiv:2609.30219v1/summary,intent-vs-fact/arxiv:2609.30219v1/abstract,derived_from,1
intent-vs-fact/arxiv:2609.30222v1/summary,intent-vs-fact/arxiv:2609.30222v1/abstract,derived_from,1
intent-vs-fact/arxiv:2609.30226v1/summary,intent-vs-fact/arxiv:2609.30226v1/abstract,derived_from,1
intent-vs-fact/arxiv:2609.30227v1/summary,intent-vs-fact/arxiv:2609.30227v1/abstract,derived_from,1
intent-vs-fact/arxiv:2609.30233v1/summary,intent-vs-fact/arxiv:2609.30233v1/abstract,derived_from,1
intent-vs-fact/arxiv:2609.30238v1/summary,intent-vs-fact/arxiv:2609.30238v1/abstract,derived_from,1
intent-vs-fact/arxiv:2609.30243v1/summary,intent-vs-fact/arxiv:2609.30243v1/abstract,derived_from,1
intent-vs-fact/arxiv:2609.30247v1/summary,intent-vs-fact/arxiv:2609.30247v1/abstract,derived_from,1
intent-vs-fact/arxiv:2609.30249v1/summary,intent-vs-fact/arxiv:2609.30249v1/abstract,derived_from,1
intent-vs-fact/arxiv:2609.30250v1/summary,intent-vs-fact/arxiv:2609.30250v1/abstract,derived_from,1
intent-vs-fact/arxiv:2609.30264v2/summary,intent-vs-fact/arxiv:2609.30264v2/abstract,derived_from,1
intent-vs-fact/arxiv:2609.30266v1/summary,intent-vs-fact/arxiv:2609.30266v1/abstract,derived_from,1
