document_id,corpus,source,paper,kind,lang,uri,sha256,chars
intent-vs-fact/arxiv:2607.26722v2/abstract,intent-vs-fact,arxiv-abstracts,arxiv:2607.26722v2,abstract,en,https://arxiv.org/abs/2607.26722v2,436b2ad3d4e9ebb66e6d0fe9a073ab1825b46b7ea4328c82e9a00a09b34ee313,1512
intent-vs-fact/arxiv:2607.26917v1/abstract,intent-vs-fact,arxiv-abstracts,arxiv:2607.26917v1,abstract,en,https://arxiv.org/abs/2607.26917v1,9ae7c826c6e24cceb73351f20f4be3af1dfa3ffeac0ef9075afb3654a20f7c26,1497
intent-vs-fact/arxiv:2607.27177v1/abstract,intent-vs-fact,arxiv-abstracts,arxiv:2607.27177v1,abstract,en,https://arxiv.org/abs/2607.27177v1,950e4d3ed8e88147944e1367de722f868640638718d6dea5978e2d322d215f42,1788
intent-vs-fact/arxiv:2607.27429v1/abstract,intent-vs-fact,arxiv-abstracts,arxiv:2607.27429v1,abstract,en,https://arxiv.org/abs/2607.27429v1,e28c89ce813717b2dff8cfca52cdee6629f4c80e1fbd5a00550b431cfc7dba92,1871
intent-vs-fact/arxiv:2607.27484v1/abstract,intent-vs-fact,arxiv-abstracts,arxiv:2607.27484v1,abstract,en,https://arxiv.org/abs/2607.27484v1,dd0dd579447ac811092a05ab031e25baa0aa7be0c20e43275770993473c78d95,1763
intent-vs-fact/arxiv:2607.27512v1/abstract,intent-vs-fact,arxiv-abstracts,arxiv:2607.27512v1,abstract,en,https://arxiv.org/abs/2607.27512v1,164e07283b9433d85208630a49a13350a704bebac17c9e60844d4bb3333f813f,1517
intent-vs-fact/arxiv:2607.27536v1/abstract,intent-vs-fact,arxiv-abstracts,arxiv:2607.27536v1,abstract,en,https://arxiv.org/abs/2607.27536v1,a0f48fc6af8fb1e902e6f73458c9002d2b14da03b8db529b8bc5a2be130fdf68,1229
intent-vs-fact/arxiv:2607.27556v1/abstract,intent-vs-fact,arxiv-abstracts,arxiv:2607.27556v1,abstract,en,https://arxiv.org/abs/2607.27556v1,79353c13df4e1a8957516a2e5f17e73c94a8fd1e462750d2970f28ba08886c6f,1505
intent-vs-fact/arxiv:2607.27574v1/abstract,intent-vs-fact,arxiv-abstracts,arxiv:2607.27574v1,abstract,en,https://arxiv.org/abs/2607.27574v1,23209db37faa0db688fb283ed0421186ef5c2980508fe6b58f122900d442d1ae,1147
intent-vs-fact/arxiv:2607.27677v1/abstract,intent-vs-fact,arxiv-abstracts,arxiv:2607.27677v1,abstract,en,https://arxiv.org/abs/2607.27677v1,e214ef549aa2473efce457c70486355d10adec37c48244c96b462b5d8678fcab,1481
intent-vs-fact/arxiv:2607.27942v1/abstract,intent-vs-fact,arxiv-abstracts,arxiv:2607.27942v1,abstract,en,https://arxiv.org/abs/2607.27942v1,68028ae02e9038bf4079df0ae7c0d708cf49c5888ef22c4d5cc621972eafa714,1544
intent-vs-fact/arxiv:2607.27946v1/abstract,intent-vs-fact,arxiv-abstracts,arxiv:2607.27946v1,abstract,en,https://arxiv.org/abs/2607.27946v1,ad09bc7bafb2860abe3c39f5e4ac8ca4bdaa13d2d9924ca402a063eaead61361,1606
intent-vs-fact/arxiv:2607.27958v1/abstract,intent-vs-fact,arxiv-abstracts,arxiv:2607.27958v1,abstract,en,https://arxiv.org/abs/2607.27958v1,953cabe37ba0f5fb53d1fbca9b8fcfb4cc72cfdc66511c64009d1f3f92d848e5,1533
intent-vs-fact/arxiv:2607.28242v1/abstract,intent-vs-fact,arxiv-abstracts,arxiv:2607.28242v1,abstract,en,https://arxiv.org/abs/2607.28242v1,386cc9675011d28e29b6539d0e4477526ff29a576a466cd79127ab181f37cef8,1761
intent-vs-fact/arxiv:2607.28430v1/abstract,intent-vs-fact,arxiv-abstracts,arxiv:2607.28430v1,abstract,en,https://arxiv.org/abs/2607.28430v1,48d0a6b4dfb301f6f38ad87ccf874d7e483b4b5fd232b55e02699f387b78abdf,1692
intent-vs-fact/arxiv:2607.28520v1/abstract,intent-vs-fact,arxiv-abstracts,arxiv:2607.28520v1,abstract,en,https://arxiv.org/abs/2607.28520v1,0ed0a08a5b9adc017c56949cfe8f1832a8e71c81d6e1ccdb6534f6127667bcff,1737
intent-vs-fact/arxiv:2607.28553v1/abstract,intent-vs-fact,arxiv-abstracts,arxiv:2607.28553v1,abstract,en,https://arxiv.org/abs/2607.28553v1,e0ac27d66d20ee2569b57df82db4325f2452bcc5b7a901d14d94ec35f7fec244,1541
intent-vs-fact/arxiv:2607.28575v1/abstract,intent-vs-fact,arxiv-abstracts,arxiv:2607.28575v1,abstract,en,https://arxiv.org/abs/2607.28575v1,7f15036e78d5ac5f01ade94795f14d012cadf853d437dd379308c69b5eff1aba,1492
intent-vs-fact/arxiv:2607.28601v1/abstract,intent-vs-fact,arxiv-abstracts,arxiv:2607.28601v1,abstract,en,https://arxiv.org/abs/2607.28601v1,5f8098a1bb3e25afea307ccff0e74a6aee4d97610125f1493259e0c290ee4246,929
intent-vs-fact/arxiv:2607.28679v1/abstract,intent-vs-fact,arxiv-abstracts,arxiv:2607.28679v1,abstract,en,https://arxiv.org/abs/2607.28679v1,bc3a0952f559c2157fc7497caaf20625c2cd9aa07c9b6ab5af8e30cce05f778e,1575
intent-vs-fact/arxiv:2607.28836v1/abstract,intent-vs-fact,arxiv-abstracts,arxiv:2607.28836v1,abstract,en,https://arxiv.org/abs/2607.28836v1,8d7cdab9f31514b1a095e788c37937a34a31c767117c532a6c420a607a92347a,1773
intent-vs-fact/arxiv:2607.28841v1/abstract,intent-vs-fact,arxiv-abstracts,arxiv:2607.28841v1,abstract,en,https://arxiv.org/abs/2607.28841v1,607a40170656aa388b3ca6942374b2c2615768f079404718373bce0c93670de2,1757
intent-vs-fact/arxiv:2607.28957v1/abstract,intent-vs-fact,arxiv-abstracts,arxiv:2607.28957v1,abstract,en,https://arxiv.org/abs/2607.28957v1,ee91a64c9ad5fec0e333294b6e46286c788e380fd7ff275d271da5aaa9aacbd1,1278
intent-vs-fact/arxiv:2607.28986v1/abstract,intent-vs-fact,arxiv-abstracts,arxiv:2607.28986v1,abstract,en,https://arxiv.org/abs/2607.28986v1,ffd6eb4674238f7d1afcf2a30e719ed4394cd220d1b616aebd566adf57a8ee26,1895
intent-vs-fact/arxiv:2607.29032v1/abstract,intent-vs-fact,arxiv-abstracts,arxiv:2607.29032v1,abstract,en,https://arxiv.org/abs/2607.29032v1,fde87ea3822247ea492deae381cb8645dc03d7d7eac5ca17b1ec6a8a7f2deb97,1517
intent-vs-fact/arxiv:2607.29055v1/abstract,intent-vs-fact,arxiv-abstracts,arxiv:2607.29055v1,abstract,en,https://arxiv.org/abs/2607.29055v1,2c120c3dc2f14eca9e59984275a1df8264a60f61a7e1279769e15beceec9c50d,1420
intent-vs-fact/arxiv:2607.29065v1/abstract,intent-vs-fact,arxiv-abstracts,arxiv:2607.29065v1,abstract,en,https://arxiv.org/abs/2607.29065v1,3b5727f343d421177aa40428aed5ac1257fb1eb468487d621684106b082de6ef,1016
intent-vs-fact/arxiv:2607.29066v1/abstract,intent-vs-fact,arxiv-abstracts,arxiv:2607.29066v1,abstract,en,https://arxiv.org/abs/2607.29066v1,e0666659ae029b946d06dfb5afc04f285d929289e1d2224340ccc64d08fbd0d4,1015
intent-vs-fact/arxiv:2607.29079v1/abstract,intent-vs-fact,arxiv-abstracts,arxiv:2607.29079v1,abstract,en,https://arxiv.org/abs/2607.29079v1,95106f889f027ee7f3264826c0ed0b7675feff72d657127e29d4d468591b0838,1605
intent-vs-fact/arxiv:2607.29082v1/abstract,intent-vs-fact,arxiv-abstracts,arxiv:2607.29082v1,abstract,en,https://arxiv.org/abs/2607.29082v1,7eb22089acdcf03def198866b6a8f6e4a0ce220f987154da5a0a796cd5584644,1471
intent-vs-fact/arxiv:2607.29125v1/abstract,intent-vs-fact,arxiv-abstracts,arxiv:2607.29125v1,abstract,en,https://arxiv.org/abs/2607.29125v1,da9be22f65efc8cf52184c44f8ec2017c04aa09e989c2a7646be7c6293a54799,928
intent-vs-fact/arxiv:2607.29168v2/abstract,intent-vs-fact,arxiv-abstracts,arxiv:2607.29168v2,abstract,en,https://arxiv.org/abs/2607.29168v2,f3c20ac275189d0f405b1391f5b5632f87275a17c777a182a348f2b720511e78,1408
intent-vs-fact/arxiv:2607.29185v1/abstract,intent-vs-fact,arxiv-abstracts,arxiv:2607.29185v1,abstract,en,https://arxiv.org/abs/2607.29185v1,2e1fb07e8d8b21c9c021f9b280ff0a204c173aa7760612990dff9b0ae1416504,1378
intent-vs-fact/arxiv:2607.29188v1/abstract,intent-vs-fact,arxiv-abstracts,arxiv:2607.29188v1,abstract,en,https://arxiv.org/abs/2607.29188v1,78a2c7e11ab5049e5c8501d805a9b784fceb6ea7f43c7c4b6bc94822e4e1be6d,1452
intent-vs-fact/arxiv:2607.29196v2/abstract,intent-vs-fact,arxiv-abstracts,arxiv:2607.29196v2,abstract,en,https://arxiv.org/abs/2607.29196v2,23b4ec6bc4a49ee26d738659bdbc95b80f317f837fd121c646b98dae7491cf5c,1323
intent-vs-fact/arxiv:2607.29211v1/abstract,intent-vs-fact,arxiv-abstracts,arxiv:2607.29211v1,abstract,en,https://arxiv.org/abs/2607.29211v1,07f9d05fecd5a3285808e5753d4774a5f112e5e128dcb273e5929cdddaf5b837,1133
intent-vs-fact/arxiv:2607.29238v2/abstract,intent-vs-fact,arxiv-abstracts,arxiv:2607.29238v2,abstract,en,https://arxiv.org/abs/2607.29238v2,1c1ed743ca059a868dd202a30fee87f9894310099f514a7da92901df38c5f3fa,1500
intent-vs-fact/arxiv:2607.29241v1/abstract,intent-vs-fact,arxiv-abstracts,arxiv:2607.29241v1,abstract,en,https://arxiv.org/abs/2607.29241v1,417d5ca61e6ae37db742372db4653370a5a3dbd287b543dbbae1e41a54986d17,1352
intent-vs-fact/arxiv:2607.29250v1/abstract,intent-vs-fact,arxiv-abstracts,arxiv:2607.29250v1,abstract,en,https://arxiv.org/abs/2607.29250v1,9c858714498b966357570899dc2befeaece03352ab8251b4d82505cf3489cf0f,1666
intent-vs-fact/arxiv:2607.29252v1/abstract,intent-vs-fact,arxiv-abstracts,arxiv:2607.29252v1,abstract,en,https://arxiv.org/abs/2607.29252v1,789d7fe63842dacf6940243eb47256155d72fcca42bf97041fdcc071ecbf5e93,1398
intent-vs-fact/arxiv:2607.29274v1/abstract,intent-vs-fact,arxiv-abstracts,arxiv:2607.29274v1,abstract,en,https://arxiv.org/abs/2607.29274v1,c2a956e1edf3b9d717eba275f2b458637851832679cfc88222e146fdc9332c6e,1882
intent-vs-fact/arxiv:2607.29287v1/abstract,intent-vs-fact,arxiv-abstracts,arxiv:2607.29287v1,abstract,en,https://arxiv.org/abs/2607.29287v1,6cbe33eded1a1cfe99741589ed0d23d0276027ac498765ba8ff01c0c35c332a1,1135
intent-vs-fact/arxiv:2607.29347v1/abstract,intent-vs-fact,arxiv-abstracts,arxiv:2607.29347v1,abstract,en,https://arxiv.org/abs/2607.29347v1,9dfb52d72f8d4553eff97bcc775f2def76243295438d815fef974973b8f7c152,1311
intent-vs-fact/arxiv:2607.29353v1/abstract,intent-vs-fact,arxiv-abstracts,arxiv:2607.29353v1,abstract,en,https://arxiv.org/abs/2607.29353v1,b217c24dc1ada4ec8a30d32dc422c27475dd339cdd32230c0663cc293a86c720,1813
intent-vs-fact/arxiv:2607.29355v1/abstract,intent-vs-fact,arxiv-abstracts,arxiv:2607.29355v1,abstract,en,https://arxiv.org/abs/2607.29355v1,9934298c2085b969197ab2f4f68b4905e88ec97c3dba9d721d3119f077d2a877,995
intent-vs-fact/arxiv:2607.29363v1/abstract,intent-vs-fact,arxiv-abstracts,arxiv:2607.29363v1,abstract,en,https://arxiv.org/abs/2607.29363v1,9fafdf4680fc483860369c869cea47920ee3088b2380048ff115f21d599e45cd,1871
intent-vs-fact/arxiv:2607.29377v1/abstract,intent-vs-fact,arxiv-abstracts,arxiv:2607.29377v1,abstract,en,https://arxiv.org/abs/2607.29377v1,05d4b6d7c3809f6aecd62b2852051b722b8e313d112ada38ce2bd6b6d2f5374b,1833
intent-vs-fact/arxiv:2607.29378v1/abstract,intent-vs-fact,arxiv-abstracts,arxiv:2607.29378v1,abstract,en,https://arxiv.org/abs/2607.29378v1,e45b6bfda5f3e5994f7f344e3afe4e68efef77d0062280717f3550bf60a4f2a4,1411
intent-vs-fact/arxiv:2607.29394v1/abstract,intent-vs-fact,arxiv-abstracts,arxiv:2607.29394v1,abstract,en,https://arxiv.org/abs/2607.29394v1,42b66a394c08bb48f28c727f5e1ba847925b50811b2af5534bae809fef5e36a6,1918
intent-vs-fact/arxiv:2607.29397v3/abstract,intent-vs-fact,arxiv-abstracts,arxiv:2607.29397v3,abstract,en,https://arxiv.org/abs/2607.29397v3,a790a538d5e2e357b2eb0e67e118efe2be67402d2d8a252853694d3a610f3d16,1450
intent-vs-fact/arxiv:2607.29402v1/abstract,intent-vs-fact,arxiv-abstracts,arxiv:2607.29402v1,abstract,en,https://arxiv.org/abs/2607.29402v1,45465d96cd23948491f99caa759c8ae5d0e75194aff785d0ab63de969f8755e7,1359
intent-vs-fact/arxiv:2607.29405v1/abstract,intent-vs-fact,arxiv-abstracts,arxiv:2607.29405v1,abstract,en,https://arxiv.org/abs/2607.29405v1,1973e1446547b236025fd64e8723d90289700ea162e51d04ded8d75eb305e968,1642
intent-vs-fact/arxiv:2607.29419v1/abstract,intent-vs-fact,arxiv-abstracts,arxiv:2607.29419v1,abstract,en,https://arxiv.org/abs/2607.29419v1,9b5de5fbacc99ee6dfe4bfd8142974805e8abe49c34ecc52fa4c112b375c9d27,950
intent-vs-fact/arxiv:2607.29422v1/abstract,intent-vs-fact,arxiv-abstracts,arxiv:2607.29422v1,abstract,en,https://arxiv.org/abs/2607.29422v1,87aea70e5edd3a005fa45fcda4279dbd722483c0a06cb701742e8ef27ee27968,1558
intent-vs-fact/arxiv:2607.29431v1/abstract,intent-vs-fact,arxiv-abstracts,arxiv:2607.29431v1,abstract,en,https://arxiv.org/abs/2607.29431v1,00c8a0b3345c2547dc822d27bc879c4f2c23b543ce0aba085fa6807ba7867f8d,1842
intent-vs-fact/arxiv:2607.29433v1/abstract,intent-vs-fact,arxiv-abstracts,arxiv:2607.29433v1,abstract,en,https://arxiv.org/abs/2607.29433v1,e1f2f8474931cde6cc1e10af8b25f26445e71e2c81ff1f4445022713680b1e55,1162
intent-vs-fact/arxiv:2607.29440v2/abstract,intent-vs-fact,arxiv-abstracts,arxiv:2607.29440v2,abstract,en,https://arxiv.org/abs/2607.29440v2,040f9421e4ff28549138f6146e65966c2e86156346752019f394938ed5161247,1256
intent-vs-fact/arxiv:2607.29445v1/abstract,intent-vs-fact,arxiv-abstracts,arxiv:2607.29445v1,abstract,en,https://arxiv.org/abs/2607.29445v1,2791647d81ed5c6d67c83058db70c9c8b527ebbc4a33fb6c67b16721431cffa2,1571
intent-vs-fact/arxiv:2607.29459v1/abstract,intent-vs-fact,arxiv-abstracts,arxiv:2607.29459v1,abstract,en,https://arxiv.org/abs/2607.29459v1,d5969b05fbd376b32f8a687dab2ca1fa38591972ce12d63a44ab8a3dae6775b1,1246
intent-vs-fact/arxiv:2607.29468v1/abstract,intent-vs-fact,arxiv-abstracts,arxiv:2607.29468v1,abstract,en,https://arxiv.org/abs/2607.29468v1,2a27a997d7e5631c194121deb4037513aab9207e08690b4612498f8fdf627793,1822
intent-vs-fact/arxiv:2607.29484v1/abstract,intent-vs-fact,arxiv-abstracts,arxiv:2607.29484v1,abstract,en,https://arxiv.org/abs/2607.29484v1,f67a08d7cd1b4f7a01b2ebdfe4ead5d4948be0f1c7aa7282e03ca10a3efdc426,1877
intent-vs-fact/arxiv:2607.29491v2/abstract,intent-vs-fact,arxiv-abstracts,arxiv:2607.29491v2,abstract,en,https://arxiv.org/abs/2607.29491v2,d195258d84cf80a801f5c75903257d9ce1759d69f6e36fe17e0c31652273333d,1433
intent-vs-fact/arxiv:2607.29496v1/abstract,intent-vs-fact,arxiv-abstracts,arxiv:2607.29496v1,abstract,en,https://arxiv.org/abs/2607.29496v1,275e4f72726b68aa9ef02386d0c1804e2aa79eec490c445191205e45803c47d6,1585
intent-vs-fact/arxiv:2607.29516v2/abstract,intent-vs-fact,arxiv-abstracts,arxiv:2607.29516v2,abstract,en,https://arxiv.org/abs/2607.29516v2,107d058b095b88a4d2a337cbbd46e3c299f9ceaecffbaa681801075f89fb9863,1307
intent-vs-fact/arxiv:2607.29527v1/abstract,intent-vs-fact,arxiv-abstracts,arxiv:2607.29527v1,abstract,en,https://arxiv.org/abs/2607.29527v1,8fe48031c4e16d29f5b104e09d852755b5d083db3735951d07e9fc7d4b9864fe,1472
intent-vs-fact/arxiv:2607.29539v1/abstract,intent-vs-fact,arxiv-abstracts,arxiv:2607.29539v1,abstract,en,https://arxiv.org/abs/2607.29539v1,11e52f993171b4f3ec95028568a09b227be23e2b6a028acb6534f2221f84a2e6,1660
intent-vs-fact/arxiv:2607.29549v1/abstract,intent-vs-fact,arxiv-abstracts,arxiv:2607.29549v1,abstract,en,https://arxiv.org/abs/2607.29549v1,20f5aca1192c9e7824d2d80440e37852aa381d9bb0edc608bc980424db4e3a6e,1648
intent-vs-fact/arxiv:2607.29553v1/abstract,intent-vs-fact,arxiv-abstracts,arxiv:2607.29553v1,abstract,en,https://arxiv.org/abs/2607.29553v1,fd8a58f958fceff049078d1025cda8409219104387f5505f137fd766a9cbb733,1338
intent-vs-fact/arxiv:2607.29559v1/abstract,intent-vs-fact,arxiv-abstracts,arxiv:2607.29559v1,abstract,en,https://arxiv.org/abs/2607.29559v1,920f9b93a31b11e6ba2b390fe360bf9e3b03ef0444db3577afc6bddc58055575,1539
intent-vs-fact/arxiv:2607.29561v1/abstract,intent-vs-fact,arxiv-abstracts,arxiv:2607.29561v1,abstract,en,https://arxiv.org/abs/2607.29561v1,7470943e08353353d0757daeeb6603f6cab012cf4ff981c76511582e09b2ac95,1920
intent-vs-fact/arxiv:2607.29577v1/abstract,intent-vs-fact,arxiv-abstracts,arxiv:2607.29577v1,abstract,en,https://arxiv.org/abs/2607.29577v1,a616d40ab110f984b53989950dd1c2a4db524b42dabade40c041e22b35dc175b,1760
intent-vs-fact/arxiv:2607.29585v1/abstract,intent-vs-fact,arxiv-abstracts,arxiv:2607.29585v1,abstract,en,https://arxiv.org/abs/2607.29585v1,9cdf99c005489034c0b93eff257e750bbe2ddd1ab0b3b3a28c746b693716383a,1550
intent-vs-fact/arxiv:2607.29586v1/abstract,intent-vs-fact,arxiv-abstracts,arxiv:2607.29586v1,abstract,en,https://arxiv.org/abs/2607.29586v1,f4536f87f6a02822599776ecbc4c4379b90e92e34d239e685f0fc6be2a15d619,1234
intent-vs-fact/arxiv:2607.29591v1/abstract,intent-vs-fact,arxiv-abstracts,arxiv:2607.29591v1,abstract,en,https://arxiv.org/abs/2607.29591v1,ed489c6b0e6688c984dd69b1fa5864dd7cb655091b1daf52e28c79ae7794dd1a,1438
intent-vs-fact/arxiv:2607.29602v2/abstract,intent-vs-fact,arxiv-abstracts,arxiv:2607.29602v2,abstract,en,https://arxiv.org/abs/2607.29602v2,26c445eb988ba8c9c7146fe30cffb9d54b1436aa12c886b4505909b8b28dd932,922
intent-vs-fact/arxiv:2607.29613v1/abstract,intent-vs-fact,arxiv-abstracts,arxiv:2607.29613v1,abstract,en,https://arxiv.org/abs/2607.29613v1,524351dec3eace044546ed8d3c88382692ec591b67315d2ebf6f91758ddfc954,1722
intent-vs-fact/arxiv:2607.29614v1/abstract,intent-vs-fact,arxiv-abstracts,arxiv:2607.29614v1,abstract,en,https://arxiv.org/abs/2607.29614v1,debaee78ab565bea5394c808e9372e8541fc391a0b289c50f1d29cad573e56c2,1000
intent-vs-fact/arxiv:2607.29617v1/abstract,intent-vs-fact,arxiv-abstracts,arxiv:2607.29617v1,abstract,en,https://arxiv.org/abs/2607.29617v1,a3fbbf934c3b8a31743dd71ef40017c6f5999685cf2c4c55e34d6bcd5533310a,1757
intent-vs-fact/arxiv:2607.29621v1/abstract,intent-vs-fact,arxiv-abstracts,arxiv:2607.29621v1,abstract,en,https://arxiv.org/abs/2607.29621v1,e0e458d0ccf058c27aebfdc990d83d7f8e8de0591c029575696be1a6f4aa7cba,1704
intent-vs-fact/arxiv:2607.29624v1/abstract,intent-vs-fact,arxiv-abstracts,arxiv:2607.29624v1,abstract,en,https://arxiv.org/abs/2607.29624v1,58121415cfb80117c0a47f727665ff35480fdc03574b8c99c0a3a3b7056008c1,992
intent-vs-fact/arxiv:2607.29626v1/abstract,intent-vs-fact,arxiv-abstracts,arxiv:2607.29626v1,abstract,en,https://arxiv.org/abs/2607.29626v1,e1490e8fb7400e049dbb6f250e6cb53f2254f589061c9764f7a94c716ee4914f,1154
intent-vs-fact/arxiv:2607.29642v1/abstract,intent-vs-fact,arxiv-abstracts,arxiv:2607.29642v1,abstract,en,https://arxiv.org/abs/2607.29642v1,f135b4a8aed0c5b11915c1185865245ad4d923d25205df441787007076434e31,1369
intent-vs-fact/arxiv:2607.29657v1/abstract,intent-vs-fact,arxiv-abstracts,arxiv:2607.29657v1,abstract,en,https://arxiv.org/abs/2607.29657v1,910dee80fa1fb063f4484697a20d4e6d1bbdea7760984dcb5fce4db85cc45e2e,1757
intent-vs-fact/arxiv:2607.29677v2/abstract,intent-vs-fact,arxiv-abstracts,arxiv:2607.29677v2,abstract,en,https://arxiv.org/abs/2607.29677v2,c2cf16320ebc57f2ac23080013cade42be9d8c9aa4faf3101d2971238408ddff,1399
intent-vs-fact/arxiv:2607.29678v3/abstract,intent-vs-fact,arxiv-abstracts,arxiv:2607.29678v3,abstract,en,https://arxiv.org/abs/2607.29678v3,8cd90f289ac24de8610b8d671e6344aeb354ca04b85c4b62b859f49bf579100a,1906
intent-vs-fact/arxiv:2608.00261v1/abstract,intent-vs-fact,arxiv-abstracts,arxiv:2608.00261v1,abstract,en,https://arxiv.org/abs/2608.00261v1,5fd5bf851ef1532f6b02b293891b420ab6e495d6741f8319a70728e4f81aead9,1236
intent-vs-fact/arxiv:2608.00320v2/abstract,intent-vs-fact,arxiv-abstracts,arxiv:2608.00320v2,abstract,en,https://arxiv.org/abs/2608.00320v2,7383f6831e587e0ff48266b7f24215993591b391ebb1617a6ab3ce891759d3f9,1236
intent-vs-fact/arxiv:2608.00426v1/abstract,intent-vs-fact,arxiv-abstracts,arxiv:2608.00426v1,abstract,en,https://arxiv.org/abs/2608.00426v1,4a0c1a3434ae80ccd1f568c1b17f314d3e1eac3c0bcbed5ef5de0eabc6e13559,1590
intent-vs-fact/arxiv:2608.00458v1/abstract,intent-vs-fact,arxiv-abstracts,arxiv:2608.00458v1,abstract,en,https://arxiv.org/abs/2608.00458v1,2cbe7e9cfcd0111e97a5783433650ccf9ab5540ded372b579ad1de75f8a887ce,1507
intent-vs-fact/arxiv:2608.00648v1/abstract,intent-vs-fact,arxiv-abstracts,arxiv:2608.00648v1,abstract,en,https://arxiv.org/abs/2608.00648v1,cfe26c1cd8cdbcc84538aac736dcab7aee9bb34ad1b7b0775e0e06cd8ca965ae,1413
intent-vs-fact/arxiv:2608.00679v1/abstract,intent-vs-fact,arxiv-abstracts,arxiv:2608.00679v1,abstract,en,https://arxiv.org/abs/2608.00679v1,780d1588113baeb6df6aa12ad8766fcd8454e8a0712f36b73e4b21b60e33bbe2,1592
intent-vs-fact/arxiv:2608.00718v1/abstract,intent-vs-fact,arxiv-abstracts,arxiv:2608.00718v1,abstract,en,https://arxiv.org/abs/2608.00718v1,c5342efe0734dc16ef9c8d74903b86b9f4936a90a7cfc65a52f45bf1ae3c8000,1485
intent-vs-fact/arxiv:2608.00747v2/abstract,intent-vs-fact,arxiv-abstracts,arxiv:2608.00747v2,abstract,en,https://arxiv.org/abs/2608.00747v2,c1b65fad207e2d04089c291a343821128ddf48077ad14400ca31a88bc06393fc,1194
intent-vs-fact/arxiv:2608.00785v1/abstract,intent-vs-fact,arxiv-abstracts,arxiv:2608.00785v1,abstract,en,https://arxiv.org/abs/2608.00785v1,945d5b138643e11a9b26986ba8b20cedfd8a28d62718f533ca1e082e197fcc07,1287
intent-vs-fact/arxiv:2608.00937v1/abstract,intent-vs-fact,arxiv-abstracts,arxiv:2608.00937v1,abstract,en,https://arxiv.org/abs/2608.00937v1,4c542805f56d24563e3bad132e85c5af77472a41376671513e94f993428896a1,1486
intent-vs-fact/arxiv:2608.01024v1/abstract,intent-vs-fact,arxiv-abstracts,arxiv:2608.01024v1,abstract,en,https://arxiv.org/abs/2608.01024v1,4ad781b3edc141d750640763bd324bb7eb76ace0c2d1d6587afdc1fd052bc58c,1506
intent-vs-fact/arxiv:2608.01085v1/abstract,intent-vs-fact,arxiv-abstracts,arxiv:2608.01085v1,abstract,en,https://arxiv.org/abs/2608.01085v1,8d833f446a4f566b4838b937c793d84e281530fe6d7e9195999ea18943ed276f,1044
intent-vs-fact/arxiv:2608.01183v1/abstract,intent-vs-fact,arxiv-abstracts,arxiv:2608.01183v1,abstract,en,https://arxiv.org/abs/2608.01183v1,dcd06066f565db6c11671987a5779a049376c2e9aa0bf6d2022b3b819c18a3dc,1685
intent-vs-fact/arxiv:2608.01193v1/abstract,intent-vs-fact,arxiv-abstracts,arxiv:2608.01193v1,abstract,en,https://arxiv.org/abs/2608.01193v1,d0b5f6d9927149ee13df13143850ba0cec4cd8437a6739f89e4cd8600c1fb49a,1625
intent-vs-fact/arxiv:2608.01222v1/abstract,intent-vs-fact,arxiv-abstracts,arxiv:2608.01222v1,abstract,en,https://arxiv.org/abs/2608.01222v1,863ba2e43f4cadc853a364f14ee9efb8529c854502277a24f70bf846d05ff276,1763
intent-vs-fact/arxiv:2608.01366v2/abstract,intent-vs-fact,arxiv-abstracts,arxiv:2608.01366v2,abstract,en,https://arxiv.org/abs/2608.01366v2,a7d3dbf09fc58a79d3e341fa3b594455c915ff8aff3229b750ad9b76cea9f62e,1471
intent-vs-fact/arxiv:2608.01367v1/abstract,intent-vs-fact,arxiv-abstracts,arxiv:2608.01367v1,abstract,en,https://arxiv.org/abs/2608.01367v1,4920b9dbefd9a45c1332f2fb8b96c7b5dfaa286d1ad7a0baee085568e7c4fbce,1206
intent-vs-fact/arxiv:2608.01369v1/abstract,intent-vs-fact,arxiv-abstracts,arxiv:2608.01369v1,abstract,en,https://arxiv.org/abs/2608.01369v1,4d82f44d43a7adbc63bdb746c6943ebab620ffae2a1a133d905105d289ab9131,1904
intent-vs-fact/arxiv:2608.01425v1/abstract,intent-vs-fact,arxiv-abstracts,arxiv:2608.01425v1,abstract,en,https://arxiv.org/abs/2608.01425v1,6e22113ba9bad2f6f83bc21ec80070716ba9cfc5f14d50575bafe53c17d6360e,1635
intent-vs-fact/arxiv:2608.01463v2/abstract,intent-vs-fact,arxiv-abstracts,arxiv:2608.01463v2,abstract,en,https://arxiv.org/abs/2608.01463v2,7776e2cf14ff0a2ffa087391218b14b3f36bcf9a93867413ea47c8da0504c259,741
intent-vs-fact/arxiv:2608.01499v2/abstract,intent-vs-fact,arxiv-abstracts,arxiv:2608.01499v2,abstract,en,https://arxiv.org/abs/2608.01499v2,6af6d5b8e869a7f8cccd4d5871be5150ca5c469e7cfff7ddd4868a0d729f48fb,1835
intent-vs-fact/arxiv:2608.01507v1/abstract,intent-vs-fact,arxiv-abstracts,arxiv:2608.01507v1,abstract,en,https://arxiv.org/abs/2608.01507v1,bf690c58d1637d172773781153eba4fc4f1d975bbed9992b823ca88b1974b247,1793
intent-vs-fact/arxiv:2608.01558v1/abstract,intent-vs-fact,arxiv-abstracts,arxiv:2608.01558v1,abstract,en,https://arxiv.org/abs/2608.01558v1,18da57a45bc86076c30349134138e8d76a11a6e846e1107c5ffb4a07d4a910d5,1695
intent-vs-fact/arxiv:2608.01868v1/abstract,intent-vs-fact,arxiv-abstracts,arxiv:2608.01868v1,abstract,en,https://arxiv.org/abs/2608.01868v1,f7f9169572f87777dcbdadb9a58d07788832839798ea9231f35ce718d89e420b,1301
intent-vs-fact/arxiv:2608.02101v1/abstract,intent-vs-fact,arxiv-abstracts,arxiv:2608.02101v1,abstract,en,https://arxiv.org/abs/2608.02101v1,459c838e5275600bcc5c00d6f66fa1be33c9e7a7b5811a2db58332e1eee87f8f,1436
intent-vs-fact/arxiv:2608.02110v1/abstract,intent-vs-fact,arxiv-abstracts,arxiv:2608.02110v1,abstract,en,https://arxiv.org/abs/2608.02110v1,4625bc6c2b37f62699af92b3714ab3b42ab0e87ce301e250ace19881ab1cbf1f,1312
intent-vs-fact/arxiv:2608.02123v1/abstract,intent-vs-fact,arxiv-abstracts,arxiv:2608.02123v1,abstract,en,https://arxiv.org/abs/2608.02123v1,4777889d9295238bca7e725a65f4dd4f421d0b22b20680e0ebce379745fc04bf,1437
intent-vs-fact/arxiv:2608.02124v1/abstract,intent-vs-fact,arxiv-abstracts,arxiv:2608.02124v1,abstract,en,https://arxiv.org/abs/2608.02124v1,56b3af813d28698650b170dab62c13792a384af61619a6d1053ddfbbd39595f1,1505
intent-vs-fact/arxiv:2608.02138v1/abstract,intent-vs-fact,arxiv-abstracts,arxiv:2608.02138v1,abstract,en,https://arxiv.org/abs/2608.02138v1,015d8e156c06b8dacdc61a60f4f178c9eb6b57e53a952610648e459cd6225242,833
intent-vs-fact/arxiv:2608.02139v2/abstract,intent-vs-fact,arxiv-abstracts,arxiv:2608.02139v2,abstract,en,https://arxiv.org/abs/2608.02139v2,bffc58a34aca330e67473622341300c67ace5958268d6c78a515c63b5f5dd08a,1859
intent-vs-fact/arxiv:2608.02148v3/abstract,intent-vs-fact,arxiv-abstracts,arxiv:2608.02148v3,abstract,en,https://arxiv.org/abs/2608.02148v3,8652416721055f9325f174af04847c4c581b1a63c84ad5de4aa9d2c43548fdc2,1917
intent-vs-fact/arxiv:2608.02178v1/abstract,intent-vs-fact,arxiv-abstracts,arxiv:2608.02178v1,abstract,en,https://arxiv.org/abs/2608.02178v1,c6611b40097e20fa132ecff5f75e7644f83f87d47cfce405d6179ae55ae2e0d6,1493
intent-vs-fact/arxiv:2608.02189v1/abstract,intent-vs-fact,arxiv-abstracts,arxiv:2608.02189v1,abstract,en,https://arxiv.org/abs/2608.02189v1,3babf47ba509d50067e95447567c4c8dea989b266b7e1384f03ad42effe3697f,1549
intent-vs-fact/arxiv:2608.02235v1/abstract,intent-vs-fact,arxiv-abstracts,arxiv:2608.02235v1,abstract,en,https://arxiv.org/abs/2608.02235v1,66f1181cbf1e4985dbaacdf9378371b81815f14eabafbbfb4130b3297754d21d,1692
intent-vs-fact/arxiv:2608.02310v1/abstract,intent-vs-fact,arxiv-abstracts,arxiv:2608.02310v1,abstract,en,https://arxiv.org/abs/2608.02310v1,6fb63000992fe6c0f83607aab617b8e8b8eafcb6bff6a48224caea023a1bfcb1,1851
intent-vs-fact/arxiv:2608.02345v3/abstract,intent-vs-fact,arxiv-abstracts,arxiv:2608.02345v3,abstract,en,https://arxiv.org/abs/2608.02345v3,e8648e70d876eb8b423c5777dae189c97b724dc89f516c6b71c883a36e40de4d,1377
intent-vs-fact/arxiv:2608.02352v1/abstract,intent-vs-fact,arxiv-abstracts,arxiv:2608.02352v1,abstract,en,https://arxiv.org/abs/2608.02352v1,26a61ccfdddb5cdc2da2b14d29ae8d4098544fea4e9458126f2a49c28418c4f0,1810
intent-vs-fact/arxiv:2608.02353v1/abstract,intent-vs-fact,arxiv-abstracts,arxiv:2608.02353v1,abstract,en,https://arxiv.org/abs/2608.02353v1,670100aabe4a0c75b71932d442a4faf5b3ff88e3f24e7a321b38beb023159684,1494
intent-vs-fact/arxiv:2608.02358v1/abstract,intent-vs-fact,arxiv-abstracts,arxiv:2608.02358v1,abstract,en,https://arxiv.org/abs/2608.02358v1,645dda21111b088c70caadac3a2aa4d6a202bbbf83a12a679a81b4ca9a5dba12,1532
intent-vs-fact/arxiv:2608.02359v1/abstract,intent-vs-fact,arxiv-abstracts,arxiv:2608.02359v1,abstract,en,https://arxiv.org/abs/2608.02359v1,fc0eda1edc14e246b1b1f6cf45e84570996653cbb63f24e41596c4f44a414e0e,1382
intent-vs-fact/arxiv:2608.02372v1/abstract,intent-vs-fact,arxiv-abstracts,arxiv:2608.02372v1,abstract,en,https://arxiv.org/abs/2608.02372v1,4915f7cd4024b7810bf36105371b47ed8a7aabf246b00fb5e24c929e05b4b8b7,1776
intent-vs-fact/arxiv:2608.02376v2/abstract,intent-vs-fact,arxiv-abstracts,arxiv:2608.02376v2,abstract,en,https://arxiv.org/abs/2608.02376v2,b55854c096faf9eaabdadbb7ca69e92708225d792095d3bd5a76252b9774b36a,1390
intent-vs-fact/arxiv:2608.02397v1/abstract,intent-vs-fact,arxiv-abstracts,arxiv:2608.02397v1,abstract,en,https://arxiv.org/abs/2608.02397v1,d2ff2e37e5b55dfe91697cdf78f5d77c6ec8480439baa4a4470cc81c6b8f0702,1636
intent-vs-fact/arxiv:2608.02402v1/abstract,intent-vs-fact,arxiv-abstracts,arxiv:2608.02402v1,abstract,en,https://arxiv.org/abs/2608.02402v1,53a55b61548d3c40a1ba160c4d1718cef5426497bef48b31086e839f9296d8ff,1548
intent-vs-fact/arxiv:2608.02407v1/abstract,intent-vs-fact,arxiv-abstracts,arxiv:2608.02407v1,abstract,en,https://arxiv.org/abs/2608.02407v1,27a8753cd24b4f1c2bf6869fc821d77c486d6143db40051fe4ca8ff24433dd39,939
intent-vs-fact/arxiv:2608.02409v1/abstract,intent-vs-fact,arxiv-abstracts,arxiv:2608.02409v1,abstract,en,https://arxiv.org/abs/2608.02409v1,401c22fedadd37ce6f28d5ab1af451b434ef591fdc8eec5f0a50b7fee9a53e58,1529
intent-vs-fact/arxiv:2608.02411v1/abstract,intent-vs-fact,arxiv-abstracts,arxiv:2608.02411v1,abstract,en,https://arxiv.org/abs/2608.02411v1,288f55354e290a2ee256e0486d0ee41cbe5f63dc241e9ec215f2385406f58308,1680
intent-vs-fact/arxiv:2608.02415v1/abstract,intent-vs-fact,arxiv-abstracts,arxiv:2608.02415v1,abstract,en,https://arxiv.org/abs/2608.02415v1,18040fdc3c38bf9d11c5c86614f8c48ba192b02ffdf121eee3957b8e25daa26f,1077
intent-vs-fact/arxiv:2608.02422v1/abstract,intent-vs-fact,arxiv-abstracts,arxiv:2608.02422v1,abstract,en,https://arxiv.org/abs/2608.02422v1,151b53393c5702b222c34f4f32518d2dbe217dbe405d235e4b6bea81f775d5a5,1628
intent-vs-fact/arxiv:2608.02438v1/abstract,intent-vs-fact,arxiv-abstracts,arxiv:2608.02438v1,abstract,en,https://arxiv.org/abs/2608.02438v1,5b4a5bd759d3d9d679fe9f6b49fecf1fbb33f2b19753a8b8f3946826da716c87,1349
intent-vs-fact/arxiv:2608.02441v1/abstract,intent-vs-fact,arxiv-abstracts,arxiv:2608.02441v1,abstract,en,https://arxiv.org/abs/2608.02441v1,bddd290ee74e9e3257b12f03575097dd70155df588359e4276a684a9d8769ded,1223
intent-vs-fact/arxiv:2608.02442v1/abstract,intent-vs-fact,arxiv-abstracts,arxiv:2608.02442v1,abstract,en,https://arxiv.org/abs/2608.02442v1,95f4068af7041082ae827ae6c02494a9a89c3edbcf40b82b215d0bdd15316891,1232
intent-vs-fact/arxiv:2608.02444v1/abstract,intent-vs-fact,arxiv-abstracts,arxiv:2608.02444v1,abstract,en,https://arxiv.org/abs/2608.02444v1,6ff03d7eec605b964f55c5b650771405907014f64bf56d8e6782d6ae9b59fc9a,1466
intent-vs-fact/arxiv:2608.02454v1/abstract,intent-vs-fact,arxiv-abstracts,arxiv:2608.02454v1,abstract,en,https://arxiv.org/abs/2608.02454v1,2144222925839e3914bb8e6a4ad594299f27d6bba3dc322591250a9916c9afd1,1464
intent-vs-fact/arxiv:2608.02457v1/abstract,intent-vs-fact,arxiv-abstracts,arxiv:2608.02457v1,abstract,en,https://arxiv.org/abs/2608.02457v1,ea5caafd534381f01864b6f1d81f5f546d4432fba01583932a76a597a5c1370c,1250
intent-vs-fact/arxiv:2608.02464v1/abstract,intent-vs-fact,arxiv-abstracts,arxiv:2608.02464v1,abstract,en,https://arxiv.org/abs/2608.02464v1,2c9859d3124c709b16f72b9364f1a6515153459111add887326aaa598821ccbf,1901
intent-vs-fact/arxiv:2608.02470v1/abstract,intent-vs-fact,arxiv-abstracts,arxiv:2608.02470v1,abstract,en,https://arxiv.org/abs/2608.02470v1,5c8ec2b3d0a232e842cc2faec42a843968b34cf00e3ae17e0becb3690089c0f3,1812
intent-vs-fact/arxiv:2608.02471v2/abstract,intent-vs-fact,arxiv-abstracts,arxiv:2608.02471v2,abstract,en,https://arxiv.org/abs/2608.02471v2,496f97b9beedc89c33bd2cfed5bce25c7e93ccbec0929e53ad4290ed15cd6b80,1420
intent-vs-fact/arxiv:2608.02472v1/abstract,intent-vs-fact,arxiv-abstracts,arxiv:2608.02472v1,abstract,en,https://arxiv.org/abs/2608.02472v1,a954ed727f288b400b0a454bd408f39f386159e9497ad537b2a51e53c04472aa,1832
intent-vs-fact/arxiv:2608.02486v1/abstract,intent-vs-fact,arxiv-abstracts,arxiv:2608.02486v1,abstract,en,https://arxiv.org/abs/2608.02486v1,e1efc078147f3ad121022a642db7d5c8a05851ef67865f77ef16afc5fe22e903,1122
intent-vs-fact/arxiv:2608.02491v2/abstract,intent-vs-fact,arxiv-abstracts,arxiv:2608.02491v2,abstract,en,https://arxiv.org/abs/2608.02491v2,fc5527c741d6dfd3302e33331be280dba65ba8310808decb9b8ed722e977aecc,1278
intent-vs-fact/arxiv:2608.02495v1/abstract,intent-vs-fact,arxiv-abstracts,arxiv:2608.02495v1,abstract,en,https://arxiv.org/abs/2608.02495v1,b75cebca4bbc24d266f2f84c4f3542d5b142f5d3821b3fad5ec917f2539e42eb,1551
intent-vs-fact/arxiv:2608.02499v1/abstract,intent-vs-fact,arxiv-abstracts,arxiv:2608.02499v1,abstract,en,https://arxiv.org/abs/2608.02499v1,fbb2623bc0429fbb6594fc1e8b47bf853cb31247cc439767d17c90fbdb48e223,1636
intent-vs-fact/arxiv:2608.02502v1/abstract,intent-vs-fact,arxiv-abstracts,arxiv:2608.02502v1,abstract,en,https://arxiv.org/abs/2608.02502v1,6ddcea5a65bfef5e4dd5c88ad5bd4d8eb0708e871a3a0d9f5a30089a19daefd2,1179
intent-vs-fact/arxiv:2608.02505v1/abstract,intent-vs-fact,arxiv-abstracts,arxiv:2608.02505v1,abstract,en,https://arxiv.org/abs/2608.02505v1,f51b8ab3cb8a137880e23fb68bc8a97e525d0df4d8c33b7d1fa5c9bcf0be7654,1901
intent-vs-fact/arxiv:2608.02508v3/abstract,intent-vs-fact,arxiv-abstracts,arxiv:2608.02508v3,abstract,en,https://arxiv.org/abs/2608.02508v3,bd0173a00366d37ed20d8b6bea4b6dadc61089d5a234617cad49b96ba3f30c4c,1587
intent-vs-fact/arxiv:2608.02509v1/abstract,intent-vs-fact,arxiv-abstracts,arxiv:2608.02509v1,abstract,en,https://arxiv.org/abs/2608.02509v1,886b795280ae9bba7af34f6b11710ae305d5acb97697f6ef262a1fc77267ea56,1380
intent-vs-fact/arxiv:2608.02515v2/abstract,intent-vs-fact,arxiv-abstracts,arxiv:2608.02515v2,abstract,en,https://arxiv.org/abs/2608.02515v2,466d4af9670a0f0daddd4408b0ccae6dd16a49029c38bbbda469254c177fd66a,1466
intent-vs-fact/arxiv:2608.02518v1/abstract,intent-vs-fact,arxiv-abstracts,arxiv:2608.02518v1,abstract,en,https://arxiv.org/abs/2608.02518v1,78bba603fdadc4f0aa4f589457b87510c4cbe0325e84f78c8dacdcd4ad050f50,1915
intent-vs-fact/arxiv:2608.02519v1/abstract,intent-vs-fact,arxiv-abstracts,arxiv:2608.02519v1,abstract,en,https://arxiv.org/abs/2608.02519v1,d1675f6f9296a2f6ddde3424d369d70ee11e51bd838df48d8878e11bd29ef405,1381
intent-vs-fact/arxiv:2608.02520v1/abstract,intent-vs-fact,arxiv-abstracts,arxiv:2608.02520v1,abstract,en,https://arxiv.org/abs/2608.02520v1,22307838001c3f7232bbbbb711f3aaab2cf75173a42cb599c5fa758d0a13ec4e,1256
intent-vs-fact/arxiv:2608.02551v2/abstract,intent-vs-fact,arxiv-abstracts,arxiv:2608.02551v2,abstract,en,https://arxiv.org/abs/2608.02551v2,f77a6e414599385451f643e984fae68b40e105e209236788dceb4a979cf50ef4,1695
intent-vs-fact/arxiv:2608.02553v1/abstract,intent-vs-fact,arxiv-abstracts,arxiv:2608.02553v1,abstract,en,https://arxiv.org/abs/2608.02553v1,0fe1543d7cba5642a6b4ed4e8a6a8ce02edf823fcf546fa8ce2d5693fa69940f,1675
intent-vs-fact/arxiv:2608.02555v1/abstract,intent-vs-fact,arxiv-abstracts,arxiv:2608.02555v1,abstract,en,https://arxiv.org/abs/2608.02555v1,9b8fcce36fe49087cb80b0ae2df1a4a01005affb37231f6d9e5cb9b6badbada1,1255
intent-vs-fact/arxiv:2608.02560v1/abstract,intent-vs-fact,arxiv-abstracts,arxiv:2608.02560v1,abstract,en,https://arxiv.org/abs/2608.02560v1,65cc8d45af929b69df41f8c388c4d9329e7e01310db99e898f05ba649ae52c27,1550
intent-vs-fact/arxiv:2608.02569v1/abstract,intent-vs-fact,arxiv-abstracts,arxiv:2608.02569v1,abstract,en,https://arxiv.org/abs/2608.02569v1,bcb87c3b6519f05cd69b1d405cfa35d246bbe701361254f6178fa9e4f3f715cb,1902
intent-vs-fact/arxiv:2608.02578v1/abstract,intent-vs-fact,arxiv-abstracts,arxiv:2608.02578v1,abstract,en,https://arxiv.org/abs/2608.02578v1,2f0d4e693c2f494fac60701792a055f2ef96845168efd7de3a00226764cba94d,1335
intent-vs-fact/arxiv:2608.02583v1/abstract,intent-vs-fact,arxiv-abstracts,arxiv:2608.02583v1,abstract,en,https://arxiv.org/abs/2608.02583v1,af86647a2587df1860848a3db43c811ed29f63c9d1405472efc953ac83466f71,1470
intent-vs-fact/arxiv:2608.02585v2/abstract,intent-vs-fact,arxiv-abstracts,arxiv:2608.02585v2,abstract,en,https://arxiv.org/abs/2608.02585v2,5af647262ce4fc3f09cb0fd11e46450125af5541fdc32fd4726598018096a22b,1861
intent-vs-fact/arxiv:2608.02599v1/abstract,intent-vs-fact,arxiv-abstracts,arxiv:2608.02599v1,abstract,en,https://arxiv.org/abs/2608.02599v1,77d23634cdaa51ca2b0e2ba897110297935ca7cd379b07773aeffc281ab6503d,1757
intent-vs-fact/arxiv:2608.02602v1/abstract,intent-vs-fact,arxiv-abstracts,arxiv:2608.02602v1,abstract,en,https://arxiv.org/abs/2608.02602v1,8cd6ee507f9dc5114a54cfc7dda563c760d06e18e9a3b34cd7b08d84282fd25d,1879
intent-vs-fact/arxiv:2608.02677v1/abstract,intent-vs-fact,arxiv-abstracts,arxiv:2608.02677v1,abstract,en,https://arxiv.org/abs/2608.02677v1,557bd1ae0a4e13c6f407f2c3d8ad9a322975fac35a27bb923f7d9e1b7c21dbc8,1437
intent-vs-fact/arxiv:2608.02758v1/abstract,intent-vs-fact,arxiv-abstracts,arxiv:2608.02758v1,abstract,en,https://arxiv.org/abs/2608.02758v1,596c3e72e6c0e936d032215a3b17e43211e1bcbbb69a7a2f5497ff47eeb7fc1e,1914
intent-vs-fact/arxiv:2608.02764v2/abstract,intent-vs-fact,arxiv-abstracts,arxiv:2608.02764v2,abstract,en,https://arxiv.org/abs/2608.02764v2,ca8cf4db567d14eb21f4965b1972f1523230ebb09e75caa8ddd502ec82d00e29,1749
intent-vs-fact/arxiv:2608.02827v1/abstract,intent-vs-fact,arxiv-abstracts,arxiv:2608.02827v1,abstract,en,https://arxiv.org/abs/2608.02827v1,f3133fff87e1675106970b8d3bb64159cc17f8f66bbdf23989685c3f6e97f6a8,1100
intent-vs-fact/arxiv:2608.02959v1/abstract,intent-vs-fact,arxiv-abstracts,arxiv:2608.02959v1,abstract,en,https://arxiv.org/abs/2608.02959v1,a3402843196451ea1d5a66801d15c9e452503d992a48d112f12587d5932a8a4b,1757
intent-vs-fact/arxiv:2608.02986v1/abstract,intent-vs-fact,arxiv-abstracts,arxiv:2608.02986v1,abstract,en,https://arxiv.org/abs/2608.02986v1,80d19423e77e9d643740579183b4ff1b68eb8a6cabf2f488f5de41a06cb49d00,1592
intent-vs-fact/arxiv:2608.03272v1/abstract,intent-vs-fact,arxiv-abstracts,arxiv:2608.03272v1,abstract,en,https://arxiv.org/abs/2608.03272v1,7c350d8843c507af9c6fbe2693dcc973de545a615b8d91a1cd26d6042765ecf8,1697
intent-vs-fact/arxiv:2608.03421v3/abstract,intent-vs-fact,arxiv-abstracts,arxiv:2608.03421v3,abstract,en,https://arxiv.org/abs/2608.03421v3,cfa7a2bb954e083ee7c40a1918f0be3b988e19d6744e774cc595368be44cb9ed,1465
intent-vs-fact/arxiv:2608.03502v2/abstract,intent-vs-fact,arxiv-abstracts,arxiv:2608.03502v2,abstract,en,https://arxiv.org/abs/2608.03502v2,d0f3b074ecce44b240882079a54b2b8919fe8e16b8844b6dbadaf3c3c77f406c,1087
intent-vs-fact/arxiv:2608.03569v1/abstract,intent-vs-fact,arxiv-abstracts,arxiv:2608.03569v1,abstract,en,https://arxiv.org/abs/2608.03569v1,8d79ca7a2d8ea0406db66d4983f287275fd5627639b4d1352badf89d244790af,1572
intent-vs-fact/arxiv:2608.03644v1/abstract,intent-vs-fact,arxiv-abstracts,arxiv:2608.03644v1,abstract,en,https://arxiv.org/abs/2608.03644v1,497852080d10fa5352982a5d6c135edbe7604988dac0bbf089c778735b834433,1447
intent-vs-fact/arxiv:2608.03648v1/abstract,intent-vs-fact,arxiv-abstracts,arxiv:2608.03648v1,abstract,en,https://arxiv.org/abs/2608.03648v1,ceb23c1cbd1bf9243bfc69269ba65226cb64ca2173aa1b2fefcf482a67c797da,1438
intent-vs-fact/arxiv:2608.03711v1/abstract,intent-vs-fact,arxiv-abstracts,arxiv:2608.03711v1,abstract,en,https://arxiv.org/abs/2608.03711v1,297a18153034fd6727858fe8c22abfe6d85176f7eb9113bc6526d8b553dc08d3,1816
intent-vs-fact/arxiv:2608.03720v1/abstract,intent-vs-fact,arxiv-abstracts,arxiv:2608.03720v1,abstract,en,https://arxiv.org/abs/2608.03720v1,34115cac1900a241e54df3eb65b7b4abaf96d7963de045de46a379ce5c77f1ee,1325
intent-vs-fact/arxiv:2608.03722v2/abstract,intent-vs-fact,arxiv-abstracts,arxiv:2608.03722v2,abstract,en,https://arxiv.org/abs/2608.03722v2,7a790a55b2adbd69f48adcb751c87fb49a053052349b7e48f024d290ba080b1d,1911
intent-vs-fact/arxiv:2608.03729v3/abstract,intent-vs-fact,arxiv-abstracts,arxiv:2608.03729v3,abstract,en,https://arxiv.org/abs/2608.03729v3,7d611e1f27e28f587a56c72f96c354d22bd479155c52733ec921617a592f0639,1052
intent-vs-fact/arxiv:2608.03735v1/abstract,intent-vs-fact,arxiv-abstracts,arxiv:2608.03735v1,abstract,en,https://arxiv.org/abs/2608.03735v1,b36d4d9fc686452373f94dd9a8369f5e482e15881b7559bb3bac7beef3fd35d2,1096
intent-vs-fact/arxiv:2608.03745v1/abstract,intent-vs-fact,arxiv-abstracts,arxiv:2608.03745v1,abstract,en,https://arxiv.org/abs/2608.03745v1,1a435a5340a282747e1b3d1358c73a2eb1890f8a9ce9a9fbd03480523ee2751e,1502
intent-vs-fact/arxiv:2608.03769v1/abstract,intent-vs-fact,arxiv-abstracts,arxiv:2608.03769v1,abstract,en,https://arxiv.org/abs/2608.03769v1,b4a68da2a8d211ed5cac5b70d56dfc3c7ad16d9b040a0b2a16ec41a970d4aa96,1640
intent-vs-fact/arxiv:2608.03794v1/abstract,intent-vs-fact,arxiv-abstracts,arxiv:2608.03794v1,abstract,en,https://arxiv.org/abs/2608.03794v1,8cc89d7e2eabd2652d77b3c4709e274e9d638c2472e7395107397bb823f7cee1,1229
intent-vs-fact/arxiv:2608.03796v1/abstract,intent-vs-fact,arxiv-abstracts,arxiv:2608.03796v1,abstract,en,https://arxiv.org/abs/2608.03796v1,8944013217b9021c869db7cf01974c10b167acb491478770f74292c9b8e402c0,1462
intent-vs-fact/arxiv:2608.03803v1/abstract,intent-vs-fact,arxiv-abstracts,arxiv:2608.03803v1,abstract,en,https://arxiv.org/abs/2608.03803v1,2c610ca560f957a9bf42c36ec888d1b6b36d6943cff3d4354ead1c35627dcce0,1744
intent-vs-fact/arxiv:2608.03810v1/abstract,intent-vs-fact,arxiv-abstracts,arxiv:2608.03810v1,abstract,en,https://arxiv.org/abs/2608.03810v1,74ca8751d138ff616f54ebade2c9836f69a4fd1722c847eb1d9b1c7df1ce0b51,1766
intent-vs-fact/arxiv:2608.03833v1/abstract,intent-vs-fact,arxiv-abstracts,arxiv:2608.03833v1,abstract,en,https://arxiv.org/abs/2608.03833v1,91b2de01ae423d41bbb93706ce21c0346156fda653448cb9609653b7e52f8a1b,1330
intent-vs-fact/arxiv:2608.03838v1/abstract,intent-vs-fact,arxiv-abstracts,arxiv:2608.03838v1,abstract,en,https://arxiv.org/abs/2608.03838v1,7883925b5e99e49851b6dd7ed5abe8905e1446c4950858fdb287c8abec532133,1215
intent-vs-fact/arxiv:2608.03839v1/abstract,intent-vs-fact,arxiv-abstracts,arxiv:2608.03839v1,abstract,en,https://arxiv.org/abs/2608.03839v1,ed0e08b7d9fb43c1002bd630f45789ba4b04813a34590ba96124235885b365f4,1141
intent-vs-fact/arxiv:2608.03842v1/abstract,intent-vs-fact,arxiv-abstracts,arxiv:2608.03842v1,abstract,en,https://arxiv.org/abs/2608.03842v1,31945d4a0d2b7c45b706536085216aff370d37a8d3452bdd6dbc5a74a90d97bb,1814
intent-vs-fact/arxiv:2608.03844v1/abstract,intent-vs-fact,arxiv-abstracts,arxiv:2608.03844v1,abstract,en,https://arxiv.org/abs/2608.03844v1,ca41823b0e970e7cf13e621a1ab9cd6dbd3453bde8e502bf981c8fa262ee0995,1318
intent-vs-fact/arxiv:2608.03852v1/abstract,intent-vs-fact,arxiv-abstracts,arxiv:2608.03852v1,abstract,en,https://arxiv.org/abs/2608.03852v1,193fe153fe77c1e7645968ddd93f30ca519455f9301add43f53762080bdea1bb,1919
intent-vs-fact/arxiv:2608.03859v2/abstract,intent-vs-fact,arxiv-abstracts,arxiv:2608.03859v2,abstract,en,https://arxiv.org/abs/2608.03859v2,e4218888181e5f8195d473968a29e836b1def517be4c7d8bb8ba5cbbb1bde356,1564
intent-vs-fact/arxiv:2608.03860v1/abstract,intent-vs-fact,arxiv-abstracts,arxiv:2608.03860v1,abstract,en,https://arxiv.org/abs/2608.03860v1,ad45b7ae58c6928176b4aa72587d76796b856c2a54814ba4af583449efe65e2c,1205
intent-vs-fact/arxiv:2608.03866v1/abstract,intent-vs-fact,arxiv-abstracts,arxiv:2608.03866v1,abstract,en,https://arxiv.org/abs/2608.03866v1,ed05fe1671a0a5255923ea31db1064a4aaf7779176c45d459f2676f404483e89,816
intent-vs-fact/arxiv:2608.03868v1/abstract,intent-vs-fact,arxiv-abstracts,arxiv:2608.03868v1,abstract,en,https://arxiv.org/abs/2608.03868v1,5f67b766fa02ac997ca0d5f838d3306ca64d0cb0bd7c83468194105442e38b13,1884
intent-vs-fact/arxiv:2608.03874v1/abstract,intent-vs-fact,arxiv-abstracts,arxiv:2608.03874v1,abstract,en,https://arxiv.org/abs/2608.03874v1,9fb56fa40b7cf85a3dae98679981edb9ee432995528a3e1067114899e144806e,1354
intent-vs-fact/arxiv:2608.03875v1/abstract,intent-vs-fact,arxiv-abstracts,arxiv:2608.03875v1,abstract,en,https://arxiv.org/abs/2608.03875v1,3bb5e39715d3cd78d5fa00a57f06cc50cb6e439788edab9045585af5ac837409,1323
intent-vs-fact/arxiv:2608.03882v1/abstract,intent-vs-fact,arxiv-abstracts,arxiv:2608.03882v1,abstract,en,https://arxiv.org/abs/2608.03882v1,0d12d1e6ab768e9b01f4b06af407c49a7d060b362d73f9960512da3987547b61,1321
intent-vs-fact/arxiv:2608.03883v1/abstract,intent-vs-fact,arxiv-abstracts,arxiv:2608.03883v1,abstract,en,https://arxiv.org/abs/2608.03883v1,1b1ba15ad0ffd48d8036909f567db37c196201c126cf564f5500fe9ced95c7fd,1080
intent-vs-fact/arxiv:2608.03884v1/abstract,intent-vs-fact,arxiv-abstracts,arxiv:2608.03884v1,abstract,en,https://arxiv.org/abs/2608.03884v1,aef893dcbf122c0673e57f02e3af16420f3bce26c79d2d895418b3e7b42a43f3,1461
intent-vs-fact/arxiv:2608.03890v1/abstract,intent-vs-fact,arxiv-abstracts,arxiv:2608.03890v1,abstract,en,https://arxiv.org/abs/2608.03890v1,cda6c398012a22f0aaf9202b2cdfb381cef7d7878d51b0e26b7eeb4db39a0da5,1884
intent-vs-fact/arxiv:2608.03892v1/abstract,intent-vs-fact,arxiv-abstracts,arxiv:2608.03892v1,abstract,en,https://arxiv.org/abs/2608.03892v1,269af111069a2b2be2a46a8fa911a11bd6125d95be8b4ba076219e1536e5e7c6,1273
intent-vs-fact/arxiv:2608.03898v1/abstract,intent-vs-fact,arxiv-abstracts,arxiv:2608.03898v1,abstract,en,https://arxiv.org/abs/2608.03898v1,98f890af5eef50c7d79606fca772587d15f2751054bc0399e285fda037f95caf,1054
intent-vs-fact/arxiv:2608.03902v2/abstract,intent-vs-fact,arxiv-abstracts,arxiv:2608.03902v2,abstract,en,https://arxiv.org/abs/2608.03902v2,d1961d60fd2604a121f0219339386e09a8a5559e52f27bbd9930548880f0ded4,1769
intent-vs-fact/arxiv:2608.03910v1/abstract,intent-vs-fact,arxiv-abstracts,arxiv:2608.03910v1,abstract,en,https://arxiv.org/abs/2608.03910v1,7e3091bbe8714e973a74da20be7650f8427c833d7cda5b6628a76246fbfeaedf,1621
intent-vs-fact/arxiv:2608.03913v1/abstract,intent-vs-fact,arxiv-abstracts,arxiv:2608.03913v1,abstract,en,https://arxiv.org/abs/2608.03913v1,637f7cb8309877348a0dcb62fcba2a87e8ef60991b229b52a5d3b0aff3ce44d5,1524
intent-vs-fact/arxiv:2608.03917v1/abstract,intent-vs-fact,arxiv-abstracts,arxiv:2608.03917v1,abstract,en,https://arxiv.org/abs/2608.03917v1,015ec8688565aa5800b48fbed04909d5e82a956e2f61bab8bbd4aee6b2a6eceb,1321
intent-vs-fact/arxiv:2608.03918v1/abstract,intent-vs-fact,arxiv-abstracts,arxiv:2608.03918v1,abstract,en,https://arxiv.org/abs/2608.03918v1,76b993824b8e39b8a2fa96cedaf45342ac0f4371d01e29f4450be3f62cefa47d,1505
intent-vs-fact/arxiv:2608.03920v1/abstract,intent-vs-fact,arxiv-abstracts,arxiv:2608.03920v1,abstract,en,https://arxiv.org/abs/2608.03920v1,edb7191a6f4b749d674d73d0f5d54c356b9925a4337675c9e7bfd6b6ce141861,1428
intent-vs-fact/arxiv:2608.03921v3/abstract,intent-vs-fact,arxiv-abstracts,arxiv:2608.03921v3,abstract,en,https://arxiv.org/abs/2608.03921v3,30cd57eddafb7fb3fc7e3d2acd370d380505e644d005798b9a154191db544b04,1656
intent-vs-fact/arxiv:2608.03926v1/abstract,intent-vs-fact,arxiv-abstracts,arxiv:2608.03926v1,abstract,en,https://arxiv.org/abs/2608.03926v1,712a570005c6f571ab84a56667a719d48f3d2faa1b92d2271b2f58ccacb99bdf,1404
intent-vs-fact/arxiv:2608.03930v1/abstract,intent-vs-fact,arxiv-abstracts,arxiv:2608.03930v1,abstract,en,https://arxiv.org/abs/2608.03930v1,6c927eec07725b56b45cb3b348082fa7aa38f45242f5084f42ba37f8d9a6352c,1487
intent-vs-fact/arxiv:2608.03952v2/abstract,intent-vs-fact,arxiv-abstracts,arxiv:2608.03952v2,abstract,en,https://arxiv.org/abs/2608.03952v2,07fd4556887a3485e65ed3a5c153934dd7ef1da182495e821480305efe6627ff,1835
intent-vs-fact/arxiv:2608.03958v1/abstract,intent-vs-fact,arxiv-abstracts,arxiv:2608.03958v1,abstract,en,https://arxiv.org/abs/2608.03958v1,7f1343fa403100d74abad001d3126997ea87f8074b8c29ca68f763ef894eaccd,1578
intent-vs-fact/arxiv:2608.03961v1/abstract,intent-vs-fact,arxiv-abstracts,arxiv:2608.03961v1,abstract,en,https://arxiv.org/abs/2608.03961v1,9239dda88478d4dbf6e500b616280c9a81697ca8efe2040e83999923b8193c98,1341
intent-vs-fact/arxiv:2608.03962v1/abstract,intent-vs-fact,arxiv-abstracts,arxiv:2608.03962v1,abstract,en,https://arxiv.org/abs/2608.03962v1,ce12ec19574bd07ab87b895b2446d1f46a589c22bb0fabdb9e0d04d23b41161a,1308
intent-vs-fact/arxiv:2608.03966v2/abstract,intent-vs-fact,arxiv-abstracts,arxiv:2608.03966v2,abstract,en,https://arxiv.org/abs/2608.03966v2,46e87f017763a80b5413fe5b0fc684443f5f5df4cd3a5290d9fe74d06ab35fd3,1767
intent-vs-fact/arxiv:2608.03970v1/abstract,intent-vs-fact,arxiv-abstracts,arxiv:2608.03970v1,abstract,en,https://arxiv.org/abs/2608.03970v1,ae66a4d6b1480f955d0877b7075ba4a278fe9d744227188433515bbb2f8ba1d8,1410
intent-vs-fact/arxiv:2608.03972v1/abstract,intent-vs-fact,arxiv-abstracts,arxiv:2608.03972v1,abstract,en,https://arxiv.org/abs/2608.03972v1,0cfb22f26fa7e868db87f86a52bcf12bd08d077805a0c55dcb92105d3d8a0b5a,1303
intent-vs-fact/arxiv:2608.03979v1/abstract,intent-vs-fact,arxiv-abstracts,arxiv:2608.03979v1,abstract,en,https://arxiv.org/abs/2608.03979v1,d7ff4d01b5da9f865cd928a20bceb51ab3634cd1eb3601fb325f78bb0a82df5d,1496
intent-vs-fact/arxiv:2608.03983v1/abstract,intent-vs-fact,arxiv-abstracts,arxiv:2608.03983v1,abstract,en,https://arxiv.org/abs/2608.03983v1,6e207b134386a7c923f823c5305ca73de3a5b2fe02f71e68869303fd90986cf7,1096
intent-vs-fact/arxiv:2608.03984v1/abstract,intent-vs-fact,arxiv-abstracts,arxiv:2608.03984v1,abstract,en,https://arxiv.org/abs/2608.03984v1,ea13e9b44402cdb8bce1170fbb3fab874e07aa970c6b11661bc1f2c0d751e344,1247
intent-vs-fact/arxiv:2608.03994v1/abstract,intent-vs-fact,arxiv-abstracts,arxiv:2608.03994v1,abstract,en,https://arxiv.org/abs/2608.03994v1,eeb75e30645b73aec9b5550d0f3b169de1927a7a4a161856936e31a0c94db381,1145
intent-vs-fact/arxiv:2608.03999v1/abstract,intent-vs-fact,arxiv-abstracts,arxiv:2608.03999v1,abstract,en,https://arxiv.org/abs/2608.03999v1,8593e4c0bd208f31fe3a9f52769a7e6bbb0920f7e059d43a3fe09fe9b08d1cc8,1915
intent-vs-fact/arxiv:2608.04001v2/abstract,intent-vs-fact,arxiv-abstracts,arxiv:2608.04001v2,abstract,en,https://arxiv.org/abs/2608.04001v2,921bf7d234b95d76c07718762960d6f539f4775f823522ee320df3a1b8308aca,1901
intent-vs-fact/arxiv:2608.04003v1/abstract,intent-vs-fact,arxiv-abstracts,arxiv:2608.04003v1,abstract,en,https://arxiv.org/abs/2608.04003v1,78d12470d6790bea858cde0fc8880adc71163ffefe68fd57b336fba7c15d049e,1641
intent-vs-fact/arxiv:2608.04007v1/abstract,intent-vs-fact,arxiv-abstracts,arxiv:2608.04007v1,abstract,en,https://arxiv.org/abs/2608.04007v1,d44e14f1d5e198293fa33ad887416927d76433cb12c23624a3f402cef4f685cf,1282
intent-vs-fact/arxiv:2608.04008v1/abstract,intent-vs-fact,arxiv-abstracts,arxiv:2608.04008v1,abstract,en,https://arxiv.org/abs/2608.04008v1,bcc2f2732ea50c8940ff7aec6d8ce0b2f6cc784aa9bb1d821f551a924176623f,1690
intent-vs-fact/arxiv:2608.04009v2/abstract,intent-vs-fact,arxiv-abstracts,arxiv:2608.04009v2,abstract,en,https://arxiv.org/abs/2608.04009v2,5c1a78839a140fc0ea74eb1459fd94ad99460836dca89b945ba818ecd30e6651,1706
intent-vs-fact/arxiv:2608.04010v1/abstract,intent-vs-fact,arxiv-abstracts,arxiv:2608.04010v1,abstract,en,https://arxiv.org/abs/2608.04010v1,f274e07b6bd2185c711fc00a24a3438993169014cc96f697c4aaf20dc4137fb8,1363
intent-vs-fact/arxiv:2608.04038v1/abstract,intent-vs-fact,arxiv-abstracts,arxiv:2608.04038v1,abstract,en,https://arxiv.org/abs/2608.04038v1,fd951948f0ac83b1d5c4a518fafe34b9f9506e8592e483ae5b1d65dad788eeb5,1634
intent-vs-fact/arxiv:2608.04265v1/abstract,intent-vs-fact,arxiv-abstracts,arxiv:2608.04265v1,abstract,en,https://arxiv.org/abs/2608.04265v1,3399aa3549585c1cbe6f092c404ed4661f8609ac8faec049ee277cdc7c444c0f,1915
intent-vs-fact/arxiv:2608.04270v1/abstract,intent-vs-fact,arxiv-abstracts,arxiv:2608.04270v1,abstract,en,https://arxiv.org/abs/2608.04270v1,39f48585236bffb6b7332288c9522198b95b96f9a243ccd997462ceb2d5324d8,1543
intent-vs-fact/arxiv:2608.04307v1/abstract,intent-vs-fact,arxiv-abstracts,arxiv:2608.04307v1,abstract,en,https://arxiv.org/abs/2608.04307v1,e6239c30877280c7c18d4fc6ccb86bed47203d4d74750862e4dbdbcda867ee53,1521
intent-vs-fact/arxiv:2608.04317v2/abstract,intent-vs-fact,arxiv-abstracts,arxiv:2608.04317v2,abstract,en,https://arxiv.org/abs/2608.04317v2,f0900fcc2310ad5358d91903c65020ccf9efe832fe27636c5204a7842dbfe8d9,1579
intent-vs-fact/arxiv:2608.04318v1/abstract,intent-vs-fact,arxiv-abstracts,arxiv:2608.04318v1,abstract,en,https://arxiv.org/abs/2608.04318v1,d562317fa85fa0e436d5eba727c2c535f7e55de0aece8cfc49fec47a069553fd,1070
intent-vs-fact/arxiv:2608.04341v1/abstract,intent-vs-fact,arxiv-abstracts,arxiv:2608.04341v1,abstract,en,https://arxiv.org/abs/2608.04341v1,8fd73834427c7e92cc089343ea9910d6f32b6726a98930a9c59773fb7269eb96,1373
intent-vs-fact/arxiv:2608.04443v2/abstract,intent-vs-fact,arxiv-abstracts,arxiv:2608.04443v2,abstract,en,https://arxiv.org/abs/2608.04443v2,c0faf28fb6a2b4ccee1005e0fac60440717cdc6b27908cc49b5686e1a74b34cb,1823
intent-vs-fact/arxiv:2608.04507v1/abstract,intent-vs-fact,arxiv-abstracts,arxiv:2608.04507v1,abstract,en,https://arxiv.org/abs/2608.04507v1,c99762f25ed2161040271e112d21459fc545146182e15dc85de80e475243be1d,1233
intent-vs-fact/arxiv:2608.04634v1/abstract,intent-vs-fact,arxiv-abstracts,arxiv:2608.04634v1,abstract,en,https://arxiv.org/abs/2608.04634v1,658d8ae0610bf5b63d5c6c564cc026c24f1a94e0437b060fd6218cf8b457aa8f,1501
intent-vs-fact/arxiv:2608.04788v1/abstract,intent-vs-fact,arxiv-abstracts,arxiv:2608.04788v1,abstract,en,https://arxiv.org/abs/2608.04788v1,c43bf0d8295d901906dbd49685b750a454e6f37ce8f492ddd00b39f77777dd1a,1628
intent-vs-fact/arxiv:2608.04808v1/abstract,intent-vs-fact,arxiv-abstracts,arxiv:2608.04808v1,abstract,en,https://arxiv.org/abs/2608.04808v1,ed52e069a012caf2a8186b26ad0cc19801b55211245d10764ad2ed8999a2973c,1167
intent-vs-fact/arxiv:2608.04828v1/abstract,intent-vs-fact,arxiv-abstracts,arxiv:2608.04828v1,abstract,en,https://arxiv.org/abs/2608.04828v1,2b59504b693997c0f98014181a9ce75bf283edbde9d183b2e63a3c4c6825f982,1487
intent-vs-fact/arxiv:2608.04847v1/abstract,intent-vs-fact,arxiv-abstracts,arxiv:2608.04847v1,abstract,en,https://arxiv.org/abs/2608.04847v1,21bba55bff4cdb25d00150f0938144ccaa3893e47f7132b531d3463cf0d356cd,764
intent-vs-fact/arxiv:2608.04869v2/abstract,intent-vs-fact,arxiv-abstracts,arxiv:2608.04869v2,abstract,en,https://arxiv.org/abs/2608.04869v2,504eb3ae0cf8bfa8b60e8fa63d9c63cd722b92f724814e198d868d5b96822360,1134
intent-vs-fact/arxiv:2608.04872v2/abstract,intent-vs-fact,arxiv-abstracts,arxiv:2608.04872v2,abstract,en,https://arxiv.org/abs/2608.04872v2,0038406a6bc4f605163906f63d9169a8f37b8208ace7844e151c40eb85e653ab,1340
intent-vs-fact/arxiv:2608.04885v1/abstract,intent-vs-fact,arxiv-abstracts,arxiv:2608.04885v1,abstract,en,https://arxiv.org/abs/2608.04885v1,7acd77adc1f398bdafe551e4b319429c552c5deda985c5684e2c4395894bb009,1359
intent-vs-fact/arxiv:2608.04899v1/abstract,intent-vs-fact,arxiv-abstracts,arxiv:2608.04899v1,abstract,en,https://arxiv.org/abs/2608.04899v1,9975ccf074e79108547eca45fb657be31403c8ed30b853d4fb676468e21cf433,1032
intent-vs-fact/arxiv:2608.04904v2/abstract,intent-vs-fact,arxiv-abstracts,arxiv:2608.04904v2,abstract,en,https://arxiv.org/abs/2608.04904v2,963855b1608af41ecf7531ebb737e6600eff0594cbe1398b8013481e397a759f,810
intent-vs-fact/arxiv:2608.04926v1/abstract,intent-vs-fact,arxiv-abstracts,arxiv:2608.04926v1,abstract,en,https://arxiv.org/abs/2608.04926v1,6b1e9823f1b32d3b5ac97b18eceb513dc06edfba000e6b85a3caf71af55d52a6,1242
intent-vs-fact/arxiv:2608.04928v1/abstract,intent-vs-fact,arxiv-abstracts,arxiv:2608.04928v1,abstract,en,https://arxiv.org/abs/2608.04928v1,04555933a76228328164e5ab815f5445cb8fed29ed169f3e542a5c9360c980a8,1264
intent-vs-fact/arxiv:2608.04934v1/abstract,intent-vs-fact,arxiv-abstracts,arxiv:2608.04934v1,abstract,en,https://arxiv.org/abs/2608.04934v1,0c6dd2c5428fc9b509a1863639f122811ddd838991fd4620a3990fe42c0b2ef9,1234
intent-vs-fact/arxiv:2608.04939v1/abstract,intent-vs-fact,arxiv-abstracts,arxiv:2608.04939v1,abstract,en,https://arxiv.org/abs/2608.04939v1,3febdd1a6a268b461ab706420056b314650283799225094cf92cb051f47dadae,1443
intent-vs-fact/arxiv:2608.04945v1/abstract,intent-vs-fact,arxiv-abstracts,arxiv:2608.04945v1,abstract,en,https://arxiv.org/abs/2608.04945v1,1e80121d886fbeeeae94e883cd5330ad91c79c3c8f91a1f78f5bbe0ca8ecc2c5,895
intent-vs-fact/arxiv:2608.04949v1/abstract,intent-vs-fact,arxiv-abstracts,arxiv:2608.04949v1,abstract,en,https://arxiv.org/abs/2608.04949v1,2b678abcdb35998c0a377bfa9fb6ed11730e670828632b0a66422e845f59cd2e,1395
intent-vs-fact/arxiv:2608.04962v1/abstract,intent-vs-fact,arxiv-abstracts,arxiv:2608.04962v1,abstract,en,https://arxiv.org/abs/2608.04962v1,a0086684a006a55e5a582265038069ca9bc2912aa5c9745d7f47f5c3b0f6a317,1560
intent-vs-fact/arxiv:2608.04964v1/abstract,intent-vs-fact,arxiv-abstracts,arxiv:2608.04964v1,abstract,en,https://arxiv.org/abs/2608.04964v1,7e85e695d4f5801322e32e757201acdadbd8c3fdd089a981d008df035459bc62,1494
intent-vs-fact/arxiv:2608.04975v1/abstract,intent-vs-fact,arxiv-abstracts,arxiv:2608.04975v1,abstract,en,https://arxiv.org/abs/2608.04975v1,0e1ab339674f8fd810421846ab228e768273f51ac2ea897b2bd57ad47bbe827e,1809
intent-vs-fact/arxiv:2608.04980v1/abstract,intent-vs-fact,arxiv-abstracts,arxiv:2608.04980v1,abstract,en,https://arxiv.org/abs/2608.04980v1,94237625cf686fde1c48cd72a31ee98986e1b24c281186751a36bbce8dc219f0,978
intent-vs-fact/arxiv:2608.04999v1/abstract,intent-vs-fact,arxiv-abstracts,arxiv:2608.04999v1,abstract,en,https://arxiv.org/abs/2608.04999v1,d83aedeebf418f6baa5dfa4a3e023b191b92621e12f97099ece75222819d5461,1705
intent-vs-fact/arxiv:2608.05004v1/abstract,intent-vs-fact,arxiv-abstracts,arxiv:2608.05004v1,abstract,en,https://arxiv.org/abs/2608.05004v1,df98aed508a9255ff2307f5855d53f42edd7c12e6c40fc360bf336f4e535e16c,1655
intent-vs-fact/arxiv:2608.05013v1/abstract,intent-vs-fact,arxiv-abstracts,arxiv:2608.05013v1,abstract,en,https://arxiv.org/abs/2608.05013v1,a2ff2c8b60ec9a5ed0639bec49e8ef4c4017e7893c6f48121d8eba95283054b9,1181
intent-vs-fact/arxiv:2608.05015v1/abstract,intent-vs-fact,arxiv-abstracts,arxiv:2608.05015v1,abstract,en,https://arxiv.org/abs/2608.05015v1,84fbfa4739831ff08b1b35d93ebb34ed44b887221896ce2a07162bd1019746ed,1207
intent-vs-fact/arxiv:2608.05018v3/abstract,intent-vs-fact,arxiv-abstracts,arxiv:2608.05018v3,abstract,en,https://arxiv.org/abs/2608.05018v3,e1ad1b53f5d693017c61f5200b828f9802fd608cda8c46bff262cf4c4e877403,1460
intent-vs-fact/arxiv:2608.05026v1/abstract,intent-vs-fact,arxiv-abstracts,arxiv:2608.05026v1,abstract,en,https://arxiv.org/abs/2608.05026v1,13b9425e1f5f447cdaab02659778c4f11a4ff4dc3317de96daa02df680e39678,1464
intent-vs-fact/arxiv:2608.05028v1/abstract,intent-vs-fact,arxiv-abstracts,arxiv:2608.05028v1,abstract,en,https://arxiv.org/abs/2608.05028v1,0bf8c7da1105f6c4535c7579a3eb9f960ce61627f836fa609c49c0ef906269e0,1346
intent-vs-fact/arxiv:2608.05030v1/abstract,intent-vs-fact,arxiv-abstracts,arxiv:2608.05030v1,abstract,en,https://arxiv.org/abs/2608.05030v1,33bde399069c033467232f5172598838d7e225c1173e5e2c90fb379b861fa353,1808
intent-vs-fact/arxiv:2608.05045v1/abstract,intent-vs-fact,arxiv-abstracts,arxiv:2608.05045v1,abstract,en,https://arxiv.org/abs/2608.05045v1,8631f80936c2756a5158d44ad00aef498978c017f9c7c2f0f89f3f6f27182dd6,1573
intent-vs-fact/arxiv:2608.05050v1/abstract,intent-vs-fact,arxiv-abstracts,arxiv:2608.05050v1,abstract,en,https://arxiv.org/abs/2608.05050v1,a3a9969f26d86a0e58cdb6af6264715ed5de26ba973c99e433c649054d465801,1890
intent-vs-fact/arxiv:2608.05054v1/abstract,intent-vs-fact,arxiv-abstracts,arxiv:2608.05054v1,abstract,en,https://arxiv.org/abs/2608.05054v1,fc6208f6e75894149be2ca148c43995f7037adcbbfb4e55bfce8171c0bd189f6,1502
intent-vs-fact/arxiv:2608.05060v1/abstract,intent-vs-fact,arxiv-abstracts,arxiv:2608.05060v1,abstract,en,https://arxiv.org/abs/2608.05060v1,da013fadbaf7fb6b24012fc1d2ddcaa9a18cffb6ea4b530bcf85f329da0d32f3,1303
intent-vs-fact/arxiv:2608.05063v1/abstract,intent-vs-fact,arxiv-abstracts,arxiv:2608.05063v1,abstract,en,https://arxiv.org/abs/2608.05063v1,96d7a5282a403b36dcbfe53559c9fbcd11d1f245161e58ce84cda06c5648ecf3,1038
intent-vs-fact/arxiv:2608.05064v1/abstract,intent-vs-fact,arxiv-abstracts,arxiv:2608.05064v1,abstract,en,https://arxiv.org/abs/2608.05064v1,95c06542ac75c8d1417df7323d099cb316b4c868179b6fa172413408fb4a5db4,1349
intent-vs-fact/arxiv:2608.05069v1/abstract,intent-vs-fact,arxiv-abstracts,arxiv:2608.05069v1,abstract,en,https://arxiv.org/abs/2608.05069v1,3d7b359ec7ab56714f31fb01355bec32679c057a8cd388345e6ff6674947ac49,1572
intent-vs-fact/arxiv:2608.05075v1/abstract,intent-vs-fact,arxiv-abstracts,arxiv:2608.05075v1,abstract,en,https://arxiv.org/abs/2608.05075v1,7c5987e332343679debad7811907c1816709297fe96ba5caeacb94d92a38abef,974
intent-vs-fact/arxiv:2608.05076v1/abstract,intent-vs-fact,arxiv-abstracts,arxiv:2608.05076v1,abstract,en,https://arxiv.org/abs/2608.05076v1,d3e39be9321294864842f21063e4596049fa11d3870e253ad5fbaba38f581e2d,1488
intent-vs-fact/arxiv:2608.05080v1/abstract,intent-vs-fact,arxiv-abstracts,arxiv:2608.05080v1,abstract,en,https://arxiv.org/abs/2608.05080v1,673f64601d41482a7ecd72b18ad6535005621f196ac1392a9857dd69ac01baef,1546
intent-vs-fact/arxiv:2608.05085v1/abstract,intent-vs-fact,arxiv-abstracts,arxiv:2608.05085v1,abstract,en,https://arxiv.org/abs/2608.05085v1,bd8232423fbe323252727150088b3f70158cdc3d6f7460ab374b56c8c01b3234,1914
intent-vs-fact/arxiv:2608.05086v1/abstract,intent-vs-fact,arxiv-abstracts,arxiv:2608.05086v1,abstract,en,https://arxiv.org/abs/2608.05086v1,9b5d596a661e481b14e239d8bfc9cb7b9af9c65974a8708574183b1b1434562b,1339
intent-vs-fact/arxiv:2608.05095v1/abstract,intent-vs-fact,arxiv-abstracts,arxiv:2608.05095v1,abstract,en,https://arxiv.org/abs/2608.05095v1,d1e5f0f2c25ae0811f477139f6489712a51ff0914d01dc092b702a81576dbcf1,1702
intent-vs-fact/arxiv:2608.05097v1/abstract,intent-vs-fact,arxiv-abstracts,arxiv:2608.05097v1,abstract,en,https://arxiv.org/abs/2608.05097v1,d6b424ef29a1b67b6082ff52944803350108603f6f0e8a0ed015929c3b92ad37,1085
intent-vs-fact/arxiv:2608.05102v1/abstract,intent-vs-fact,arxiv-abstracts,arxiv:2608.05102v1,abstract,en,https://arxiv.org/abs/2608.05102v1,115009a4920935c087432766e3575c13c950eeba176f856fa194348c51efed92,1804
intent-vs-fact/arxiv:2608.05107v1/abstract,intent-vs-fact,arxiv-abstracts,arxiv:2608.05107v1,abstract,en,https://arxiv.org/abs/2608.05107v1,e1f5cb7611232d889a0a2d11fb14a9c067d31635dd0a6f5db1aad1009673a497,1359
intent-vs-fact/arxiv:2608.05110v1/abstract,intent-vs-fact,arxiv-abstracts,arxiv:2608.05110v1,abstract,en,https://arxiv.org/abs/2608.05110v1,71c0435f3c44e8805d542e0446f1e4148c2f09a1932d9fd6eadc53165b48eee4,1768
intent-vs-fact/arxiv:2608.05115v1/abstract,intent-vs-fact,arxiv-abstracts,arxiv:2608.05115v1,abstract,en,https://arxiv.org/abs/2608.05115v1,89c36597cbb0abc77ca7e4daa2cb968dc5dc60e67f9088d9d125eda4e6ecde0e,1370
intent-vs-fact/arxiv:2608.05124v1/abstract,intent-vs-fact,arxiv-abstracts,arxiv:2608.05124v1,abstract,en,https://arxiv.org/abs/2608.05124v1,9760ae6d9d92791eabd2178e36b80cb271cc51e9a77e9eb640d4a561d7fdb08a,1381
intent-vs-fact/arxiv:2608.05126v1/abstract,intent-vs-fact,arxiv-abstracts,arxiv:2608.05126v1,abstract,en,https://arxiv.org/abs/2608.05126v1,85873d5c9d510157bea0145bb7221c9fe2d205544db1898567733de1d103d5b5,1084
intent-vs-fact/arxiv:2608.05127v2/abstract,intent-vs-fact,arxiv-abstracts,arxiv:2608.05127v2,abstract,en,https://arxiv.org/abs/2608.05127v2,ef3ed1f53482e2ff526fcfaac7fa369a32f6c05d16277006c044d6380d95b1a2,1362
intent-vs-fact/arxiv:2608.05131v2/abstract,intent-vs-fact,arxiv-abstracts,arxiv:2608.05131v2,abstract,en,https://arxiv.org/abs/2608.05131v2,fcecdcec7d9b350bfe585c8a55b358cc1f59ef624ddfe92402d2ccdc5d7c90a8,1333
intent-vs-fact/arxiv:2608.05138v1/abstract,intent-vs-fact,arxiv-abstracts,arxiv:2608.05138v1,abstract,en,https://arxiv.org/abs/2608.05138v1,3fa7844cf1326e7ed78eed016b42a61bbe320b1c945d746d4584f65434edbe0c,1435
intent-vs-fact/arxiv:2608.05139v1/abstract,intent-vs-fact,arxiv-abstracts,arxiv:2608.05139v1,abstract,en,https://arxiv.org/abs/2608.05139v1,b66b7b179f6a764c938fdac6488819abc519ca012710f59ce4e053425e58d8bd,1800
intent-vs-fact/arxiv:2608.05141v1/abstract,intent-vs-fact,arxiv-abstracts,arxiv:2608.05141v1,abstract,en,https://arxiv.org/abs/2608.05141v1,8059b04f5fcb9e2368db686379874784b65c84b219aa6842241ce7fa629b3c3e,1357
intent-vs-fact/arxiv:2608.05144v2/abstract,intent-vs-fact,arxiv-abstracts,arxiv:2608.05144v2,abstract,en,https://arxiv.org/abs/2608.05144v2,c3c38a95afe22064ca8051394d9d0fe00e95e848cd9c863c5b3daad7516f46d5,1791
intent-vs-fact/arxiv:2608.05148v1/abstract,intent-vs-fact,arxiv-abstracts,arxiv:2608.05148v1,abstract,en,https://arxiv.org/abs/2608.05148v1,c46dde2837f939e59a15d887c084c80c920660a543b4cedfb5e2eae40bb9f835,1377
intent-vs-fact/arxiv:2608.05375v1/abstract,intent-vs-fact,arxiv-abstracts,arxiv:2608.05375v1,abstract,en,https://arxiv.org/abs/2608.05375v1,d8deb80deffbcac90b74043fb57a7bd147233f4e0bbbf564eb994c22be507165,1140
intent-vs-fact/arxiv:2608.05391v1/abstract,intent-vs-fact,arxiv-abstracts,arxiv:2608.05391v1,abstract,en,https://arxiv.org/abs/2608.05391v1,4182bc66ed5bd61a4c797b5eadd998c32591c5ebe06c94d991d5edeb11dff6e1,1252
intent-vs-fact/arxiv:2608.05422v1/abstract,intent-vs-fact,arxiv-abstracts,arxiv:2608.05422v1,abstract,en,https://arxiv.org/abs/2608.05422v1,aef204bc00dea75e59150a52282ceb2039543c405c2fb8c4cd862d0be1ff35b6,1009
intent-vs-fact/arxiv:2608.05588v1/abstract,intent-vs-fact,arxiv-abstracts,arxiv:2608.05588v1,abstract,en,https://arxiv.org/abs/2608.05588v1,f9d9d60567a8a8255b93bc4668b8e646e33339a37f35890bd14c80c44ca65f89,1414
intent-vs-fact/arxiv:2608.05668v1/abstract,intent-vs-fact,arxiv-abstracts,arxiv:2608.05668v1,abstract,en,https://arxiv.org/abs/2608.05668v1,a4a1ae8ed911292fc263a059de0c248e639c6b1fce36aa0e922a4c74501758c0,1352
intent-vs-fact/arxiv:2608.05791v1/abstract,intent-vs-fact,arxiv-abstracts,arxiv:2608.05791v1,abstract,en,https://arxiv.org/abs/2608.05791v1,dad3dbf50c1e9b981e25e761d4e05e95963f605cee5c9fdea198de82266197e3,1634
intent-vs-fact/arxiv:2608.05857v1/abstract,intent-vs-fact,arxiv-abstracts,arxiv:2608.05857v1,abstract,en,https://arxiv.org/abs/2608.05857v1,e0a58ea419ec0305cfb1f24254b6c620fd4150cbdc6dc1b74071f5c8604aaf13,1148
intent-vs-fact/arxiv:2608.05872v1/abstract,intent-vs-fact,arxiv-abstracts,arxiv:2608.05872v1,abstract,en,https://arxiv.org/abs/2608.05872v1,518566cfdb12e519f31a658b84002af3e891b5aaa9e83309163a1645c7f50331,1393
intent-vs-fact/arxiv:2608.05876v1/abstract,intent-vs-fact,arxiv-abstracts,arxiv:2608.05876v1,abstract,en,https://arxiv.org/abs/2608.05876v1,98284b02def42afc5f7e3fae97f98c78061933f305e702884a29c0b7643d8a4e,1409
intent-vs-fact/arxiv:2608.05884v1/abstract,intent-vs-fact,arxiv-abstracts,arxiv:2608.05884v1,abstract,en,https://arxiv.org/abs/2608.05884v1,874718c335c2c3d3404e0eb9ea829d7af2f17f379748fef38cadfa9cee133002,1349
intent-vs-fact/arxiv:2608.05889v1/abstract,intent-vs-fact,arxiv-abstracts,arxiv:2608.05889v1,abstract,en,https://arxiv.org/abs/2608.05889v1,ea13cf8c4893ee5a3282699e2b4d37a0a17a12a58ce7bbf609fd77ab3b9e0aeb,1910
intent-vs-fact/arxiv:2608.05891v1/abstract,intent-vs-fact,arxiv-abstracts,arxiv:2608.05891v1,abstract,en,https://arxiv.org/abs/2608.05891v1,ce37dd8217afbaa07ddea25c0daf78cdbfb449851ca6ab17b7f3ecacd451eb2f,1661
intent-vs-fact/arxiv:2608.05906v2/abstract,intent-vs-fact,arxiv-abstracts,arxiv:2608.05906v2,abstract,en,https://arxiv.org/abs/2608.05906v2,7ef7792219c6543a4dfb44798fad55bad9677c717c8cf94eaf0c933178c1c0dd,1545
intent-vs-fact/arxiv:2608.05956v1/abstract,intent-vs-fact,arxiv-abstracts,arxiv:2608.05956v1,abstract,en,https://arxiv.org/abs/2608.05956v1,ee557127aa64f3f5ffb353000b088adc3bd18654ef0e4610eb657c3059e8f6fe,1721
intent-vs-fact/arxiv:2608.05993v1/abstract,intent-vs-fact,arxiv-abstracts,arxiv:2608.05993v1,abstract,en,https://arxiv.org/abs/2608.05993v1,a62130c7efcee7f60be25dcf36d1caa803f3c8e6b876711a1c080ba972a6c1ed,1909
intent-vs-fact/arxiv:2608.06022v1/abstract,intent-vs-fact,arxiv-abstracts,arxiv:2608.06022v1,abstract,en,https://arxiv.org/abs/2608.06022v1,a1ddb6ce891673d192cb53fd0c3b9d5ef86b5320554e28eb666680c14fa33728,1778
intent-vs-fact/arxiv:2608.06025v1/abstract,intent-vs-fact,arxiv-abstracts,arxiv:2608.06025v1,abstract,en,https://arxiv.org/abs/2608.06025v1,00a1e01d689adfc9a12c9451020b3b1bd6102b6cd1379ec8c7f9f179816d7857,1404
intent-vs-fact/arxiv:2608.06027v1/abstract,intent-vs-fact,arxiv-abstracts,arxiv:2608.06027v1,abstract,en,https://arxiv.org/abs/2608.06027v1,45adf444854444c74b1034405d744954279b1b5c6a27e899ce46a31ae24cc550,1920
intent-vs-fact/arxiv:2608.06033v1/abstract,intent-vs-fact,arxiv-abstracts,arxiv:2608.06033v1,abstract,en,https://arxiv.org/abs/2608.06033v1,62004417f4a4b9eaaa5b542721d365e8264f1b0ebd2e70934a1ad8025b45ed58,1861
intent-vs-fact/arxiv:2608.06041v1/abstract,intent-vs-fact,arxiv-abstracts,arxiv:2608.06041v1,abstract,en,https://arxiv.org/abs/2608.06041v1,39374408c0793e62e3d68e1be616a8b175dfde83aa6f16248b6fca81f5606b95,1128
intent-vs-fact/arxiv:2608.06069v1/abstract,intent-vs-fact,arxiv-abstracts,arxiv:2608.06069v1,abstract,en,https://arxiv.org/abs/2608.06069v1,fc52a327733c157182ff586324c7b65748e9308b54a482da90ced2f96b00501a,879
intent-vs-fact/arxiv:2608.06105v1/abstract,intent-vs-fact,arxiv-abstracts,arxiv:2608.06105v1,abstract,en,https://arxiv.org/abs/2608.06105v1,476cec8785ec1108e6d348880d31dd44560f7b1b8c343f9d34f1671595422e07,1686
intent-vs-fact/arxiv:2608.06110v2/abstract,intent-vs-fact,arxiv-abstracts,arxiv:2608.06110v2,abstract,en,https://arxiv.org/abs/2608.06110v2,6bfa5c26a72c685ca53af74e0d6124b2d67eaa23c731fd6d686222cbb4e54114,1373
intent-vs-fact/arxiv:2608.06111v1/abstract,intent-vs-fact,arxiv-abstracts,arxiv:2608.06111v1,abstract,en,https://arxiv.org/abs/2608.06111v1,d2e5068b53cd40c45a4e1ef4766d4f7533dcd23ac04532e2d9483ce3d98806c5,1743
intent-vs-fact/arxiv:2608.06112v1/abstract,intent-vs-fact,arxiv-abstracts,arxiv:2608.06112v1,abstract,en,https://arxiv.org/abs/2608.06112v1,cf81cb1db611b8e0c7a4a20cc370053c3cec36f80ebbb3e54407bd0bb8562333,1747
intent-vs-fact/arxiv:2608.06123v2/abstract,intent-vs-fact,arxiv-abstracts,arxiv:2608.06123v2,abstract,en,https://arxiv.org/abs/2608.06123v2,7ae57fc896ab67895e4f708e181983e8b80e24b3126f9238682941e6527c1c7a,1139
intent-vs-fact/arxiv:2608.06141v1/abstract,intent-vs-fact,arxiv-abstracts,arxiv:2608.06141v1,abstract,en,https://arxiv.org/abs/2608.06141v1,ecd82caf1d7d7330845a5ce40e4160c36c4c48aa4b6388aae692252194f65223,950
intent-vs-fact/arxiv:2608.06167v1/abstract,intent-vs-fact,arxiv-abstracts,arxiv:2608.06167v1,abstract,en,https://arxiv.org/abs/2608.06167v1,78abcea8769fb4fd00a083e92da423ed546f162d348479e04b281cbc91177765,1541
intent-vs-fact/arxiv:2608.06171v1/abstract,intent-vs-fact,arxiv-abstracts,arxiv:2608.06171v1,abstract,en,https://arxiv.org/abs/2608.06171v1,9055ec9c70777fc94179983d82bf841bac12332ebed7f49342883c8d842d0fbc,1605
intent-vs-fact/arxiv:2608.06183v2/abstract,intent-vs-fact,arxiv-abstracts,arxiv:2608.06183v2,abstract,en,https://arxiv.org/abs/2608.06183v2,b3a7db5deb4e908ec441c399843e006a91e8c20401e7cb45da79275dd71f205c,1148
intent-vs-fact/arxiv:2608.06196v1/abstract,intent-vs-fact,arxiv-abstracts,arxiv:2608.06196v1,abstract,en,https://arxiv.org/abs/2608.06196v1,5cc1d2e41c2b32d8c28c915d5b6fc673d0030971637e646687efc4d7711d25cb,1695
intent-vs-fact/arxiv:2608.06197v1/abstract,intent-vs-fact,arxiv-abstracts,arxiv:2608.06197v1,abstract,en,https://arxiv.org/abs/2608.06197v1,25de51ab4bb5e2878049f21f27431705e88f64138c4e3e6348158f0eaac2ed29,1602
intent-vs-fact/arxiv:2608.06202v1/abstract,intent-vs-fact,arxiv-abstracts,arxiv:2608.06202v1,abstract,en,https://arxiv.org/abs/2608.06202v1,c2c979500a9d87122e7e28fd2ec75cf8d7f27f7ae178c01a427b198c386a7e62,1805
intent-vs-fact/arxiv:2608.06216v2/abstract,intent-vs-fact,arxiv-abstracts,arxiv:2608.06216v2,abstract,en,https://arxiv.org/abs/2608.06216v2,d454176080058b3455b1000aad41c86e2706be995d30b795cf245f65555ae34e,1476
intent-vs-fact/arxiv:2608.06223v1/abstract,intent-vs-fact,arxiv-abstracts,arxiv:2608.06223v1,abstract,en,https://arxiv.org/abs/2608.06223v1,55c0ef985f2863e203c40e7efbdb4953b04342740bb849d3f3f498a865585748,1269
intent-vs-fact/arxiv:2608.06227v1/abstract,intent-vs-fact,arxiv-abstracts,arxiv:2608.06227v1,abstract,en,https://arxiv.org/abs/2608.06227v1,66e86af8eaee345daec103769aa581a4380a5ae36a4f95331a589e68a289ad59,1916
intent-vs-fact/arxiv:2608.06236v1/abstract,intent-vs-fact,arxiv-abstracts,arxiv:2608.06236v1,abstract,en,https://arxiv.org/abs/2608.06236v1,9cf4f6c54e765c6b813c72d25066d51f8ede460633ba47fbe3bd875f8015c36a,1188
intent-vs-fact/arxiv:2608.06240v1/abstract,intent-vs-fact,arxiv-abstracts,arxiv:2608.06240v1,abstract,en,https://arxiv.org/abs/2608.06240v1,d8e4ae3a16a277921bbeedcd7f9bebb352e68facbd56e257247635abf8a9dd9f,1726
intent-vs-fact/arxiv:2608.06243v2/abstract,intent-vs-fact,arxiv-abstracts,arxiv:2608.06243v2,abstract,en,https://arxiv.org/abs/2608.06243v2,9cd57635992bad212cfe4ce8e2ec4016c6b349ac089c2bfffc50259b7682f99c,1804
intent-vs-fact/arxiv:2608.06252v2/abstract,intent-vs-fact,arxiv-abstracts,arxiv:2608.06252v2,abstract,en,https://arxiv.org/abs/2608.06252v2,4c17eda2a9b16fc43f00237abb4f931a3adc5d3ae03fada8c73fae27f30a97d7,1776
intent-vs-fact/arxiv:2608.06265v1/abstract,intent-vs-fact,arxiv-abstracts,arxiv:2608.06265v1,abstract,en,https://arxiv.org/abs/2608.06265v1,d9869375b17e3b93ed11ab4246a0c3c08096016ae6db19fa087d1a2be517febc,1546
intent-vs-fact/arxiv:2608.06270v2/abstract,intent-vs-fact,arxiv-abstracts,arxiv:2608.06270v2,abstract,en,https://arxiv.org/abs/2608.06270v2,49a0697d8da29789847606e75886648df4165264d459fdf5e2af573b3c5514e7,1661
intent-vs-fact/arxiv:2608.06291v1/abstract,intent-vs-fact,arxiv-abstracts,arxiv:2608.06291v1,abstract,en,https://arxiv.org/abs/2608.06291v1,f6716d2cdbbf6a068311436348dabb65d9d35140b92bd6cc51b5e5174518d821,1182
intent-vs-fact/arxiv:2608.06292v1/abstract,intent-vs-fact,arxiv-abstracts,arxiv:2608.06292v1,abstract,en,https://arxiv.org/abs/2608.06292v1,508b2f0289db2df7a067851089943614df6650060524e44cbb32eacc3cefeba4,1362
intent-vs-fact/arxiv:2608.06294v1/abstract,intent-vs-fact,arxiv-abstracts,arxiv:2608.06294v1,abstract,en,https://arxiv.org/abs/2608.06294v1,2c06e84030c0f5b4ef23d018b8ba372df0d3ed18c4867cc3ae78452cdbc7f413,1639
intent-vs-fact/arxiv:2608.06300v1/abstract,intent-vs-fact,arxiv-abstracts,arxiv:2608.06300v1,abstract,en,https://arxiv.org/abs/2608.06300v1,17dccc43f924aea5600e10a4bf323e81874d854391d4b74e9624150ae6619c73,1858
intent-vs-fact/arxiv:2608.06301v1/abstract,intent-vs-fact,arxiv-abstracts,arxiv:2608.06301v1,abstract,en,https://arxiv.org/abs/2608.06301v1,caec5a3a1dcbe6be58d9c50e52683991a617d20e8a5a3029524756e48c30cc1d,1649
intent-vs-fact/arxiv:2608.06305v2/abstract,intent-vs-fact,arxiv-abstracts,arxiv:2608.06305v2,abstract,en,https://arxiv.org/abs/2608.06305v2,f628fd3c522d458bb94c3b6efa9e8f73ff01c46b5d012914d42ccd7282b2ef25,1711
intent-vs-fact/arxiv:2608.06310v1/abstract,intent-vs-fact,arxiv-abstracts,arxiv:2608.06310v1,abstract,en,https://arxiv.org/abs/2608.06310v1,69fc767304f23318aacbe963a41b207aaf19457341064f501b3417921bca4bfa,1217
intent-vs-fact/arxiv:2608.06311v1/abstract,intent-vs-fact,arxiv-abstracts,arxiv:2608.06311v1,abstract,en,https://arxiv.org/abs/2608.06311v1,38d72a9e9cb0a7e47f99c2315f3064724cad3ead2452077a363c69df178decf6,1769
intent-vs-fact/arxiv:2608.06312v1/abstract,intent-vs-fact,arxiv-abstracts,arxiv:2608.06312v1,abstract,en,https://arxiv.org/abs/2608.06312v1,112ac53661159b1dfb868f1bad4ad13a3c0eb71bd4e7261a50c5b1dd7016a333,1908
intent-vs-fact/arxiv:2608.06329v1/abstract,intent-vs-fact,arxiv-abstracts,arxiv:2608.06329v1,abstract,en,https://arxiv.org/abs/2608.06329v1,134749c67ad02624fbd605bf9cc56b8459e6de8dc3a9ec1eca5dc3dce91b24c1,1016
intent-vs-fact/arxiv:2608.06331v1/abstract,intent-vs-fact,arxiv-abstracts,arxiv:2608.06331v1,abstract,en,https://arxiv.org/abs/2608.06331v1,aee071742ae11bbf5c8dbb56b434bc2b0ec3ef213e21809bed7d1b44f1611bf8,1903
intent-vs-fact/arxiv:2608.06346v1/abstract,intent-vs-fact,arxiv-abstracts,arxiv:2608.06346v1,abstract,en,https://arxiv.org/abs/2608.06346v1,cdb22819e5a4fc8133e3f3f2b0ea987155dba8fe0f8e386333b45b221d5bd56e,1476
intent-vs-fact/arxiv:2608.06347v1/abstract,intent-vs-fact,arxiv-abstracts,arxiv:2608.06347v1,abstract,en,https://arxiv.org/abs/2608.06347v1,69988cf65372a881e0fbe877fc85e226ec02048a049f3c042856d6cc6af0d8d5,1443
intent-vs-fact/arxiv:2608.06351v1/abstract,intent-vs-fact,arxiv-abstracts,arxiv:2608.06351v1,abstract,en,https://arxiv.org/abs/2608.06351v1,b075ed0e2b846d7c7ef1622780fe85f33e7f3dc9c30d6b3eed18b1093b4633c5,815
intent-vs-fact/arxiv:2608.06352v1/abstract,intent-vs-fact,arxiv-abstracts,arxiv:2608.06352v1,abstract,en,https://arxiv.org/abs/2608.06352v1,12a260fdea475e262d0ab33cec597e2a63fded73b8560e29ebaddf069bf72510,1327
intent-vs-fact/arxiv:2608.06353v1/abstract,intent-vs-fact,arxiv-abstracts,arxiv:2608.06353v1,abstract,en,https://arxiv.org/abs/2608.06353v1,28e59a12b4578756d9f10355bd1df1259fd69ec97468c4ffe6174ea89c68cee3,1346
intent-vs-fact/arxiv:2608.06361v1/abstract,intent-vs-fact,arxiv-abstracts,arxiv:2608.06361v1,abstract,en,https://arxiv.org/abs/2608.06361v1,2aeba64f8dd4d0f864263bfab05650d189b4c7a74284f4335bf28166b176c953,1881
intent-vs-fact/arxiv:2608.06362v1/abstract,intent-vs-fact,arxiv-abstracts,arxiv:2608.06362v1,abstract,en,https://arxiv.org/abs/2608.06362v1,7eadec463fa871dc3c9f930d5c95b1d92258efec96f0592d41e92f5013a029a4,1900
intent-vs-fact/arxiv:2608.06363v1/abstract,intent-vs-fact,arxiv-abstracts,arxiv:2608.06363v1,abstract,en,https://arxiv.org/abs/2608.06363v1,82dd6e3b29e232528f01e603a80231cfe16d80b0daa8a2462d0bd78dea45d9eb,637
intent-vs-fact/arxiv:2608.06364v1/abstract,intent-vs-fact,arxiv-abstracts,arxiv:2608.06364v1,abstract,en,https://arxiv.org/abs/2608.06364v1,2e9d47573a791d9bea123c32becdc37e3a740cdc59e44783d087a82da445a25b,1140
intent-vs-fact/arxiv:2608.06366v1/abstract,intent-vs-fact,arxiv-abstracts,arxiv:2608.06366v1,abstract,en,https://arxiv.org/abs/2608.06366v1,524a70d22f9319e9da94d660a3289dd5c659405501267b1f0b2b22aabe71bf20,1399
intent-vs-fact/arxiv:2608.06370v1/abstract,intent-vs-fact,arxiv-abstracts,arxiv:2608.06370v1,abstract,en,https://arxiv.org/abs/2608.06370v1,18204ecbcb1583082268f2b7bd44661c6ce19c3feed9f5fd90b2b03aeb214acd,1271
intent-vs-fact/arxiv:2608.06377v1/abstract,intent-vs-fact,arxiv-abstracts,arxiv:2608.06377v1,abstract,en,https://arxiv.org/abs/2608.06377v1,f16bd298c591b632be599dffdac14542ff384b539af96bb5effef015815f71cf,1249
intent-vs-fact/arxiv:2608.06694v1/abstract,intent-vs-fact,arxiv-abstracts,arxiv:2608.06694v1,abstract,en,https://arxiv.org/abs/2608.06694v1,d7141b5f1b0966e0101db00aa5a12f4f4dd940a9acacd00d514cef3684f2ec30,1148
intent-vs-fact/arxiv:2608.06702v1/abstract,intent-vs-fact,arxiv-abstracts,arxiv:2608.06702v1,abstract,en,https://arxiv.org/abs/2608.06702v1,6281a6b6e7ec3c5ce4d8177729b0fc78151c038c43b0ea0237ddd99ce6037514,1649
intent-vs-fact/arxiv:2608.06865v1/abstract,intent-vs-fact,arxiv-abstracts,arxiv:2608.06865v1,abstract,en,https://arxiv.org/abs/2608.06865v1,a76146fa76f345c78a962449370dcfdb989b609fe02db0f19b4b72d3910fd737,1813
intent-vs-fact/arxiv:2608.06975v1/abstract,intent-vs-fact,arxiv-abstracts,arxiv:2608.06975v1,abstract,en,https://arxiv.org/abs/2608.06975v1,4837b883a6dace3e492598d1b83f4b3a8d3f7f69500d1bdeea0cc24b576afe7e,1535
intent-vs-fact/arxiv:2608.06977v1/abstract,intent-vs-fact,arxiv-abstracts,arxiv:2608.06977v1,abstract,en,https://arxiv.org/abs/2608.06977v1,93abae389ae0fcdd2ba4cab2b9fd2c7d9e108bc8e5ba6c1b65b4f1ae4930ae57,1291
intent-vs-fact/arxiv:2608.06992v2/abstract,intent-vs-fact,arxiv-abstracts,arxiv:2608.06992v2,abstract,en,https://arxiv.org/abs/2608.06992v2,85c9e73886ffdfc93214388ae6d07655fdd234ada597b8303c4d7d55951c0146,1025
intent-vs-fact/arxiv:2608.07006v1/abstract,intent-vs-fact,arxiv-abstracts,arxiv:2608.07006v1,abstract,en,https://arxiv.org/abs/2608.07006v1,6837f779839fed4a1ee0b2224b4a716d156ece0ab2347ffce695353e43c9aef3,1787
intent-vs-fact/arxiv:2608.07023v1/abstract,intent-vs-fact,arxiv-abstracts,arxiv:2608.07023v1,abstract,en,https://arxiv.org/abs/2608.07023v1,c9d17bc85fa2714c86325e54616343bbd014b183aa28c1065462d5433fa5be5a,1197
intent-vs-fact/arxiv:2608.07067v1/abstract,intent-vs-fact,arxiv-abstracts,arxiv:2608.07067v1,abstract,en,https://arxiv.org/abs/2608.07067v1,44e2368bc1c97d91f15dde47d7a596a38e6c238a7fe59b0bf7413529c8da97db,1464
intent-vs-fact/arxiv:2608.07110v1/abstract,intent-vs-fact,arxiv-abstracts,arxiv:2608.07110v1,abstract,en,https://arxiv.org/abs/2608.07110v1,321d92fb5852b738e441bc7a1a556904c5db1dc46da2e8cae20dd62deb41d9c5,1425
intent-vs-fact/arxiv:2608.07204v1/abstract,intent-vs-fact,arxiv-abstracts,arxiv:2608.07204v1,abstract,en,https://arxiv.org/abs/2608.07204v1,74fbf6d35c561182668387e2bcdd1827cf68526a377826109d9885eaf4531702,1185
intent-vs-fact/arxiv:2608.07208v1/abstract,intent-vs-fact,arxiv-abstracts,arxiv:2608.07208v1,abstract,en,https://arxiv.org/abs/2608.07208v1,8abaeb2fa093e414a841527ba6116a3925a54744ec584f295e50480aec82c027,1559
intent-vs-fact/arxiv:2608.07213v1/abstract,intent-vs-fact,arxiv-abstracts,arxiv:2608.07213v1,abstract,en,https://arxiv.org/abs/2608.07213v1,412a0d9219e9b0e7931b6d708dbdaedcfcdb4b40681fb2c23353533a4b60fde7,1202
intent-vs-fact/arxiv:2608.07222v1/abstract,intent-vs-fact,arxiv-abstracts,arxiv:2608.07222v1,abstract,en,https://arxiv.org/abs/2608.07222v1,11761c92c671685ea49ad696549947a16af3edcd37db345e7c8814a8c6fc5abd,989
intent-vs-fact/arxiv:2608.07243v1/abstract,intent-vs-fact,arxiv-abstracts,arxiv:2608.07243v1,abstract,en,https://arxiv.org/abs/2608.07243v1,e3a9b666306c59821ca910add73ab8e55b0df543f9ed7597fbcb62a6ed578ede,990
intent-vs-fact/arxiv:2608.07249v1/abstract,intent-vs-fact,arxiv-abstracts,arxiv:2608.07249v1,abstract,en,https://arxiv.org/abs/2608.07249v1,39e1628b5f57fbccdb22e71896b9623bb9243694e7d83de0459b15e3d789f4c8,1363
intent-vs-fact/arxiv:2608.07250v1/abstract,intent-vs-fact,arxiv-abstracts,arxiv:2608.07250v1,abstract,en,https://arxiv.org/abs/2608.07250v1,fb7590a45277d6692b2f4171ea8588a9af26fa16eaf9faac264133caebf925e1,1912
intent-vs-fact/arxiv:2608.07261v3/abstract,intent-vs-fact,arxiv-abstracts,arxiv:2608.07261v3,abstract,en,https://arxiv.org/abs/2608.07261v3,bec24293718cdaf90779ed5b47617aebb4e25c32ca9395aa50b57653c6dca497,1423
intent-vs-fact/arxiv:2608.07280v1/abstract,intent-vs-fact,arxiv-abstracts,arxiv:2608.07280v1,abstract,en,https://arxiv.org/abs/2608.07280v1,2ef10ffc4ecea2cdb46b41b87c53079fafcdacad9f58c20e471669b28effb015,1917
intent-vs-fact/arxiv:2608.07282v1/abstract,intent-vs-fact,arxiv-abstracts,arxiv:2608.07282v1,abstract,en,https://arxiv.org/abs/2608.07282v1,be5cd383cae7e3401886613e849d23722ac05bbb5589f7690f84c694859dd417,973
intent-vs-fact/arxiv:2608.07283v1/abstract,intent-vs-fact,arxiv-abstracts,arxiv:2608.07283v1,abstract,en,https://arxiv.org/abs/2608.07283v1,99fe88159a62e27d33ff4c5b42a98c4f4cfa2fd8651fe140260ba4b7cc4308ee,1297
intent-vs-fact/arxiv:2608.07295v1/abstract,intent-vs-fact,arxiv-abstracts,arxiv:2608.07295v1,abstract,en,https://arxiv.org/abs/2608.07295v1,c26d090b3bb524aa80bc4009c648b287be4460c379f553995edada3cc93f9ded,1369
intent-vs-fact/arxiv:2608.07316v1/abstract,intent-vs-fact,arxiv-abstracts,arxiv:2608.07316v1,abstract,en,https://arxiv.org/abs/2608.07316v1,af36fb58a70b2efc57ea3d7f3a713647facff387331bedca9ac1d3fd66c490db,1906
intent-vs-fact/arxiv:2608.07341v1/abstract,intent-vs-fact,arxiv-abstracts,arxiv:2608.07341v1,abstract,en,https://arxiv.org/abs/2608.07341v1,a243d7e207386bacba48f9736f8c56a6baa5b23edb61d2398d72077d9524dab5,1582
intent-vs-fact/arxiv:2608.07346v4/abstract,intent-vs-fact,arxiv-abstracts,arxiv:2608.07346v4,abstract,en,https://arxiv.org/abs/2608.07346v4,b390d1351cf48ca9e0041761c926b40f8b5a1ba1e8e5206e0ca70854c7cdca27,1557
intent-vs-fact/arxiv:2608.07353v1/abstract,intent-vs-fact,arxiv-abstracts,arxiv:2608.07353v1,abstract,en,https://arxiv.org/abs/2608.07353v1,aaf4830518e197f5be063e2b02b816a36266a49dcb4fdafb3242fd3fd845f3da,1292
intent-vs-fact/arxiv:2608.07359v1/abstract,intent-vs-fact,arxiv-abstracts,arxiv:2608.07359v1,abstract,en,https://arxiv.org/abs/2608.07359v1,e800a24d60c6befbc3422e7ac5965fcde6bcb5831f7e4ff20c4309b82ff788f9,1269
intent-vs-fact/arxiv:2608.07363v1/abstract,intent-vs-fact,arxiv-abstracts,arxiv:2608.07363v1,abstract,en,https://arxiv.org/abs/2608.07363v1,a57e1b589a48bd9868fe76e41d3cae3dad983042c7eb515396e0aafce3e94c36,1683
intent-vs-fact/arxiv:2608.07364v1/abstract,intent-vs-fact,arxiv-abstracts,arxiv:2608.07364v1,abstract,en,https://arxiv.org/abs/2608.07364v1,e3478a39ed6e9c93c53985d8dc2efdc69f1d9954089298eb491b96012d188a06,1816
intent-vs-fact/arxiv:2608.07367v1/abstract,intent-vs-fact,arxiv-abstracts,arxiv:2608.07367v1,abstract,en,https://arxiv.org/abs/2608.07367v1,ca01925c566ea1a5479db5dd88efbdac06dc1ae2f91408157dd31f58ce3ac478,1399
intent-vs-fact/arxiv:2608.07368v1/abstract,intent-vs-fact,arxiv-abstracts,arxiv:2608.07368v1,abstract,en,https://arxiv.org/abs/2608.07368v1,f16f03873f3ed4cf18f6d454fa71a77fcd77c108bb01b872ab81f30cb4672569,1837
intent-vs-fact/arxiv:2608.07370v2/abstract,intent-vs-fact,arxiv-abstracts,arxiv:2608.07370v2,abstract,en,https://arxiv.org/abs/2608.07370v2,df0f6af242c037dcd115108f31b68c8219f0bb4cd25584bd6959481d1d672ba1,1463
intent-vs-fact/arxiv:2608.07371v1/abstract,intent-vs-fact,arxiv-abstracts,arxiv:2608.07371v1,abstract,en,https://arxiv.org/abs/2608.07371v1,92da09452487d4b969810efb0dabda097e380129270001baaa57b5c0368a75f0,1393
intent-vs-fact/arxiv:2608.07378v1/abstract,intent-vs-fact,arxiv-abstracts,arxiv:2608.07378v1,abstract,en,https://arxiv.org/abs/2608.07378v1,ad186ad4433510ee879335427e2bfdb1425c5b215545cfe22cbb7ec6d496ee7e,1471
intent-vs-fact/arxiv:2608.07383v1/abstract,intent-vs-fact,arxiv-abstracts,arxiv:2608.07383v1,abstract,en,https://arxiv.org/abs/2608.07383v1,784485b4c8ca3c8900b7b6d9acfe5e0d20c509980b696c61397500e6f56214ff,1555
intent-vs-fact/arxiv:2608.07385v1/abstract,intent-vs-fact,arxiv-abstracts,arxiv:2608.07385v1,abstract,en,https://arxiv.org/abs/2608.07385v1,4302ac3ad335b7bc70c060a612b1ce98fcf4ac1e05a9c5bfb8c9390b4147ad32,1903
intent-vs-fact/arxiv:2608.07395v1/abstract,intent-vs-fact,arxiv-abstracts,arxiv:2608.07395v1,abstract,en,https://arxiv.org/abs/2608.07395v1,1a05116d31bc2d38ad4de9e2d8330d89a2f85e64bb7fc4b191ad60f0daa10d3e,1212
intent-vs-fact/arxiv:2608.07400v1/abstract,intent-vs-fact,arxiv-abstracts,arxiv:2608.07400v1,abstract,en,https://arxiv.org/abs/2608.07400v1,4195b427efa52dbdc91dfd4f1fb3ba5295b8aa23465a04501b67bb5e3766994f,1519
intent-vs-fact/arxiv:2608.07403v1/abstract,intent-vs-fact,arxiv-abstracts,arxiv:2608.07403v1,abstract,en,https://arxiv.org/abs/2608.07403v1,61661afcb4249e28075ae301a342e0dc9f2027e67f571407245f7500aa15d651,1194
intent-vs-fact/arxiv:2608.07405v1/abstract,intent-vs-fact,arxiv-abstracts,arxiv:2608.07405v1,abstract,en,https://arxiv.org/abs/2608.07405v1,eb138d8846e381c8918afc3dfc02696189f29422cc5eb1bd6edf6aec3836558a,1327
intent-vs-fact/arxiv:2608.07411v1/abstract,intent-vs-fact,arxiv-abstracts,arxiv:2608.07411v1,abstract,en,https://arxiv.org/abs/2608.07411v1,faa2678a821851f4b321b152cacee9061908bee1c998a8a3af8d4a7927cffd1c,657
intent-vs-fact/arxiv:2608.07417v1/abstract,intent-vs-fact,arxiv-abstracts,arxiv:2608.07417v1,abstract,en,https://arxiv.org/abs/2608.07417v1,204816f1a7f50b34ba2d8a2feae7512ff0a788f1bb24e2fb594949e92041d501,1619
intent-vs-fact/arxiv:2608.07418v1/abstract,intent-vs-fact,arxiv-abstracts,arxiv:2608.07418v1,abstract,en,https://arxiv.org/abs/2608.07418v1,86eedb00d3d4f59bfaee46d5c899e538dac72c07b2e2015a2442e0292da43457,1907
intent-vs-fact/arxiv:2608.07424v2/abstract,intent-vs-fact,arxiv-abstracts,arxiv:2608.07424v2,abstract,en,https://arxiv.org/abs/2608.07424v2,40da55270b9fa9763eb3f46c281efd2d0ba8260b8adc984986e2d79c4eab5f05,1390
intent-vs-fact/arxiv:2608.07427v1/abstract,intent-vs-fact,arxiv-abstracts,arxiv:2608.07427v1,abstract,en,https://arxiv.org/abs/2608.07427v1,c18f80304fa36144f59df6f4934edc01b5307f880d59481e25ce75959b5f3907,1493
intent-vs-fact/arxiv:2608.07429v2/abstract,intent-vs-fact,arxiv-abstracts,arxiv:2608.07429v2,abstract,en,https://arxiv.org/abs/2608.07429v2,4417da3a0961f9df8d457db2dd143a43968c5dc647754f2c6abce05df22314b6,1721
intent-vs-fact/arxiv:2608.07430v1/abstract,intent-vs-fact,arxiv-abstracts,arxiv:2608.07430v1,abstract,en,https://arxiv.org/abs/2608.07430v1,07b523181e672beffc4dd93907114eb38dcae8860ccf42bc7164c655500dbc99,1619
intent-vs-fact/arxiv:2608.07435v1/abstract,intent-vs-fact,arxiv-abstracts,arxiv:2608.07435v1,abstract,en,https://arxiv.org/abs/2608.07435v1,c41ddb26d9719ca3b4c697ad31a3040573887dfe096f386dbb7db33a9b4d369b,1456
intent-vs-fact/arxiv:2608.07436v1/abstract,intent-vs-fact,arxiv-abstracts,arxiv:2608.07436v1,abstract,en,https://arxiv.org/abs/2608.07436v1,bb1957eae303b13dd69c542b8e00c7acde92f917cd8f91975ac98a95f4569754,1901
intent-vs-fact/arxiv:2608.07437v1/abstract,intent-vs-fact,arxiv-abstracts,arxiv:2608.07437v1,abstract,en,https://arxiv.org/abs/2608.07437v1,df26a42809640fd232fe3ebeed25e20a030752ddbcc65b69167a811816a37ce6,1536
intent-vs-fact/arxiv:2608.07438v2/abstract,intent-vs-fact,arxiv-abstracts,arxiv:2608.07438v2,abstract,en,https://arxiv.org/abs/2608.07438v2,a839dd8d671660047ae43a364ee880f9aa9c7d347f988f7d7ca2f8da516371b2,1209
intent-vs-fact/arxiv:2608.07439v1/abstract,intent-vs-fact,arxiv-abstracts,arxiv:2608.07439v1,abstract,en,https://arxiv.org/abs/2608.07439v1,9fe1dd341bdd55cf319971f440f10e46db1e2af1e393587b08a298adfdf36a63,1649
intent-vs-fact/arxiv:2608.07440v3/abstract,intent-vs-fact,arxiv-abstracts,arxiv:2608.07440v3,abstract,en,https://arxiv.org/abs/2608.07440v3,abcfb5d99121f9934b60313a5085d7c88c2179ee6be91d99deb742efa0b9408e,1109
intent-vs-fact/arxiv:2608.07446v1/abstract,intent-vs-fact,arxiv-abstracts,arxiv:2608.07446v1,abstract,en,https://arxiv.org/abs/2608.07446v1,a2426ebffc83f862ea645cc1bfd97e90dc8f33b289d8d3bc4a8cd51e2565e6ac,1918
intent-vs-fact/arxiv:2608.07449v1/abstract,intent-vs-fact,arxiv-abstracts,arxiv:2608.07449v1,abstract,en,https://arxiv.org/abs/2608.07449v1,f2baac66af2e7c9290a78678a159ff759af47fd8ec5654a56938ba1b26ab8ca1,1476
intent-vs-fact/arxiv:2608.07454v1/abstract,intent-vs-fact,arxiv-abstracts,arxiv:2608.07454v1,abstract,en,https://arxiv.org/abs/2608.07454v1,ab94c205aa5a519143b51240ca05afc0b3cf6a9864eee0efac1ebb038fd552f3,1907
intent-vs-fact/arxiv:2608.07457v1/abstract,intent-vs-fact,arxiv-abstracts,arxiv:2608.07457v1,abstract,en,https://arxiv.org/abs/2608.07457v1,83def327473ec19479d0baaeb463f7aef1cddf9e603a02ec7f73349370b92e72,880
intent-vs-fact/arxiv:2608.07458v1/abstract,intent-vs-fact,arxiv-abstracts,arxiv:2608.07458v1,abstract,en,https://arxiv.org/abs/2608.07458v1,77622cc2a6dc625cd2289ee460519b1510af54e10e2435ef5f6afbcd12f1ac89,1323
intent-vs-fact/arxiv:2608.07460v1/abstract,intent-vs-fact,arxiv-abstracts,arxiv:2608.07460v1,abstract,en,https://arxiv.org/abs/2608.07460v1,4bf935d2e5883658aa3e338f76e427fb53dc9457fd197f526f551e0393ccff71,1391
intent-vs-fact/arxiv:2608.07688v1/abstract,intent-vs-fact,arxiv-abstracts,arxiv:2608.07688v1,abstract,en,https://arxiv.org/abs/2608.07688v1,a2b3e800225a6b14bd4c8485d27b5052b7d88af457dea7a4d9bfa6e6803a6b80,1418
intent-vs-fact/arxiv:2608.07734v2/abstract,intent-vs-fact,arxiv-abstracts,arxiv:2608.07734v2,abstract,en,https://arxiv.org/abs/2608.07734v2,86c3ca0e1642476009c11e33d007ad934a05a2198c6df2cc7581d3d0c751b692,1452
intent-vs-fact/arxiv:2608.07743v1/abstract,intent-vs-fact,arxiv-abstracts,arxiv:2608.07743v1,abstract,en,https://arxiv.org/abs/2608.07743v1,c5f2c519046c4081f59a77da8a17e3f35fe9c9b0122648166ece0d2b420c31ee,1452
intent-vs-fact/arxiv:2608.07810v1/abstract,intent-vs-fact,arxiv-abstracts,arxiv:2608.07810v1,abstract,en,https://arxiv.org/abs/2608.07810v1,18d42197144d53b57175d9a7ae1e48eee549f8f17b87daf0565f6e7e25fb0162,1457
intent-vs-fact/arxiv:2608.07824v1/abstract,intent-vs-fact,arxiv-abstracts,arxiv:2608.07824v1,abstract,en,https://arxiv.org/abs/2608.07824v1,94fa0b658fa431f5119f70fe1456c8f87387e8239ddcb2b640e5e6fa07606a30,1038
intent-vs-fact/arxiv:2608.07940v1/abstract,intent-vs-fact,arxiv-abstracts,arxiv:2608.07940v1,abstract,en,https://arxiv.org/abs/2608.07940v1,131861b097a3efa8c72a6a69ed44e688b47ec743db2bea078d52f1cc391d8217,1709
intent-vs-fact/arxiv:2608.07949v1/abstract,intent-vs-fact,arxiv-abstracts,arxiv:2608.07949v1,abstract,en,https://arxiv.org/abs/2608.07949v1,52e74dbffb0a0412fe685250a77052bab3793e0b4954946e7be3fe176132bf2d,1210
intent-vs-fact/arxiv:2608.08035v1/abstract,intent-vs-fact,arxiv-abstracts,arxiv:2608.08035v1,abstract,en,https://arxiv.org/abs/2608.08035v1,49cc2c00c878c9948f073124f1291dc1b08bacc2714dc9d5f9f18d650b2a5659,1781
intent-vs-fact/arxiv:2608.08077v1/abstract,intent-vs-fact,arxiv-abstracts,arxiv:2608.08077v1,abstract,en,https://arxiv.org/abs/2608.08077v1,a1cf039192db032ffdf670f90973b3215136865da75ec80911ccc56d0b3940ac,1435
intent-vs-fact/arxiv:2608.08131v1/abstract,intent-vs-fact,arxiv-abstracts,arxiv:2608.08131v1,abstract,en,https://arxiv.org/abs/2608.08131v1,e83b7cb9385224a8ddd2f610023b74e471a9eda7d211b4131d86ce17f02e8d7c,1905
intent-vs-fact/arxiv:2608.08175v1/abstract,intent-vs-fact,arxiv-abstracts,arxiv:2608.08175v1,abstract,en,https://arxiv.org/abs/2608.08175v1,66b4dc13dbd137bdd133822b8271fcb05e344ea4e748b066502a905370404124,1504
intent-vs-fact/arxiv:2608.08240v1/abstract,intent-vs-fact,arxiv-abstracts,arxiv:2608.08240v1,abstract,en,https://arxiv.org/abs/2608.08240v1,78da60a69b5fb8c605cee338e19c23220a87e7723d83929726cdf38cefea8f0b,864
intent-vs-fact/arxiv:2608.08303v1/abstract,intent-vs-fact,arxiv-abstracts,arxiv:2608.08303v1,abstract,en,https://arxiv.org/abs/2608.08303v1,821fcaf68cc94356c34a6f505ce7858f9b69765cf43947520a9b72e9f8863c5e,1758
intent-vs-fact/arxiv:2608.08389v2/abstract,intent-vs-fact,arxiv-abstracts,arxiv:2608.08389v2,abstract,en,https://arxiv.org/abs/2608.08389v2,0428adefd848575a88ae735c5c6d11d35397d1b30994240ebfa39c83d89483da,1168
intent-vs-fact/arxiv:2608.08497v1/abstract,intent-vs-fact,arxiv-abstracts,arxiv:2608.08497v1,abstract,en,https://arxiv.org/abs/2608.08497v1,588cbd5d3385c230017772c2c9a9138ac2b893243c163aae76b2f86effe9f625,1819
intent-vs-fact/arxiv:2608.08516v1/abstract,intent-vs-fact,arxiv-abstracts,arxiv:2608.08516v1,abstract,en,https://arxiv.org/abs/2608.08516v1,a77ead728a911758d8caf36dcbfa8942629b0b09ed2578fd0eced92ee5109344,1917
intent-vs-fact/arxiv:2608.08601v2/abstract,intent-vs-fact,arxiv-abstracts,arxiv:2608.08601v2,abstract,en,https://arxiv.org/abs/2608.08601v2,20458e4a242701daaf08561af929f3d40ad9f81db925092ff90f3124cec7e62c,1908
intent-vs-fact/arxiv:2608.08852v1/abstract,intent-vs-fact,arxiv-abstracts,arxiv:2608.08852v1,abstract,en,https://arxiv.org/abs/2608.08852v1,1d4c3abb6a481bcb815e12259a504352a50d0b02e12f0fa63aa8c75e04b18d21,1231
intent-vs-fact/arxiv:2608.08897v1/abstract,intent-vs-fact,arxiv-abstracts,arxiv:2608.08897v1,abstract,en,https://arxiv.org/abs/2608.08897v1,5eb3637b08ef26dfcdf9fa31962ce6adecfbbe4a822305a90e950feded3ae67f,1206
intent-vs-fact/arxiv:2608.08995v2/abstract,intent-vs-fact,arxiv-abstracts,arxiv:2608.08995v2,abstract,en,https://arxiv.org/abs/2608.08995v2,2f34a8055d4dd65c885d2e071dc212d358391dfa1204e510fb348c05523e6d8e,1435
intent-vs-fact/arxiv:2608.09128v1/abstract,intent-vs-fact,arxiv-abstracts,arxiv:2608.09128v1,abstract,en,https://arxiv.org/abs/2608.09128v1,8f8c9fe8018ab649ec332656730c8014cdc455848bcafa8e1f16f88dd4a94b2e,1432
intent-vs-fact/arxiv:2608.09155v1/abstract,intent-vs-fact,arxiv-abstracts,arxiv:2608.09155v1,abstract,en,https://arxiv.org/abs/2608.09155v1,b0ca0f081a0d61e6f44e1d3b9c2a9123f7f17660d917a7ce3cb263c4e5e92bb3,1412
intent-vs-fact/arxiv:2608.09251v1/abstract,intent-vs-fact,arxiv-abstracts,arxiv:2608.09251v1,abstract,en,https://arxiv.org/abs/2608.09251v1,945147a59b814ee45a64efe9fd0c8676cea24e47c93d9c8be5e3f5e835358797,1844
intent-vs-fact/arxiv:2608.09256v1/abstract,intent-vs-fact,arxiv-abstracts,arxiv:2608.09256v1,abstract,en,https://arxiv.org/abs/2608.09256v1,9d0d0a2f92dfeeec4659e3384fcf153c90d0e0851289f7a266d32b866254e42f,1103
intent-vs-fact/arxiv:2608.09472v1/abstract,intent-vs-fact,arxiv-abstracts,arxiv:2608.09472v1,abstract,en,https://arxiv.org/abs/2608.09472v1,bf464db7340aa04a2db5d61799ad65730fbb99a4868b6ff62c88a3b019648892,1899
intent-vs-fact/arxiv:2608.09539v2/abstract,intent-vs-fact,arxiv-abstracts,arxiv:2608.09539v2,abstract,en,https://arxiv.org/abs/2608.09539v2,00762fb43cd0a01b3d4ee55c03a0be61ece93709d293bf0a964b51330ea87468,1009
intent-vs-fact/arxiv:2608.09548v2/abstract,intent-vs-fact,arxiv-abstracts,arxiv:2608.09548v2,abstract,en,https://arxiv.org/abs/2608.09548v2,adb23547c09db21aee187e4dd383c76e3122d661fe3bc2818d687b642b22dadb,1874
intent-vs-fact/arxiv:2608.09551v1/abstract,intent-vs-fact,arxiv-abstracts,arxiv:2608.09551v1,abstract,en,https://arxiv.org/abs/2608.09551v1,da738fcb09ac50e035598e18d2f58e984c3f17b5ababc1ed9a411e8d79622d2f,1203
intent-vs-fact/arxiv:2608.09568v1/abstract,intent-vs-fact,arxiv-abstracts,arxiv:2608.09568v1,abstract,en,https://arxiv.org/abs/2608.09568v1,2cceef459abf51281d68b4e19bf7afa66e404e09f86f07ca5bbb465c9df9efd9,1246
intent-vs-fact/arxiv:2608.09586v1/abstract,intent-vs-fact,arxiv-abstracts,arxiv:2608.09586v1,abstract,en,https://arxiv.org/abs/2608.09586v1,c4e26be599e1f0193245e58c6198abfea052843021c24d7138b2d1d90a10aa0c,1898
intent-vs-fact/arxiv:2608.09588v1/abstract,intent-vs-fact,arxiv-abstracts,arxiv:2608.09588v1,abstract,en,https://arxiv.org/abs/2608.09588v1,101449c20a55c08f1f3e35ad22ce5be41f57af4dfe8b5fe32e875b1f8d7a2d3f,1118
intent-vs-fact/arxiv:2608.09624v1/abstract,intent-vs-fact,arxiv-abstracts,arxiv:2608.09624v1,abstract,en,https://arxiv.org/abs/2608.09624v1,c1303fad062031359a5114e9fcf692f1f75ba85aa122c3cfcdd0653c2345c9d3,1603
intent-vs-fact/arxiv:2608.09638v1/abstract,intent-vs-fact,arxiv-abstracts,arxiv:2608.09638v1,abstract,en,https://arxiv.org/abs/2608.09638v1,db48849bbf2f098487a8f38e91041c3cd74aa05e67328df64935f38e64273266,1464
intent-vs-fact/arxiv:2608.09650v1/abstract,intent-vs-fact,arxiv-abstracts,arxiv:2608.09650v1,abstract,en,https://arxiv.org/abs/2608.09650v1,3f951627350f52b73755dfc0a83b5878c9190fa325bccdc85d32f5840251ae3c,1119
intent-vs-fact/arxiv:2608.09698v1/abstract,intent-vs-fact,arxiv-abstracts,arxiv:2608.09698v1,abstract,en,https://arxiv.org/abs/2608.09698v1,0efaf78290e7c1f1281c8f2a8dacd6009f3a9253c80ec19812c78d9398e7a723,1759
intent-vs-fact/arxiv:2608.09703v1/abstract,intent-vs-fact,arxiv-abstracts,arxiv:2608.09703v1,abstract,en,https://arxiv.org/abs/2608.09703v1,ab2698d1b6829c9339af5ec14c8d7537c2f271fdaa17c9cbb96251a891a5d4e1,969
intent-vs-fact/arxiv:2608.09717v1/abstract,intent-vs-fact,arxiv-abstracts,arxiv:2608.09717v1,abstract,en,https://arxiv.org/abs/2608.09717v1,970947baf35790dfb964f621a46d5d20aeaa04dde3c99bb0985536d1b49c14d9,1380
intent-vs-fact/arxiv:2608.09745v1/abstract,intent-vs-fact,arxiv-abstracts,arxiv:2608.09745v1,abstract,en,https://arxiv.org/abs/2608.09745v1,9033893c2fcdd44d5a3df827dd03fd1b3c5dce1a25314cc19579c8e92a65844d,1565
intent-vs-fact/arxiv:2608.09748v2/abstract,intent-vs-fact,arxiv-abstracts,arxiv:2608.09748v2,abstract,en,https://arxiv.org/abs/2608.09748v2,df9996890e6b46ca39d9074136bbd5cc76ab4520cf5ceb51f277298f93120794,1884
intent-vs-fact/arxiv:2608.09763v1/abstract,intent-vs-fact,arxiv-abstracts,arxiv:2608.09763v1,abstract,en,https://arxiv.org/abs/2608.09763v1,53bc101bc584825e9cad35ee7343193e4079fae47ac58ed531c2e984660d6c60,784
intent-vs-fact/arxiv:2608.09764v1/abstract,intent-vs-fact,arxiv-abstracts,arxiv:2608.09764v1,abstract,en,https://arxiv.org/abs/2608.09764v1,87127f5a792bfcf8066d8f97918fd91a5ff828dc4dc8e4116e6742787900e933,1676
intent-vs-fact/arxiv:2608.09765v1/abstract,intent-vs-fact,arxiv-abstracts,arxiv:2608.09765v1,abstract,en,https://arxiv.org/abs/2608.09765v1,fde4048eea97a2412c369d02d72cd410d73a535cbc798bab393f6df917741f47,1453
intent-vs-fact/arxiv:2608.09766v1/abstract,intent-vs-fact,arxiv-abstracts,arxiv:2608.09766v1,abstract,en,https://arxiv.org/abs/2608.09766v1,d34d226d9275a4703b6a524a1142892dc68b092047ba274e9dca97e58f306277,796
intent-vs-fact/arxiv:2608.09767v1/abstract,intent-vs-fact,arxiv-abstracts,arxiv:2608.09767v1,abstract,en,https://arxiv.org/abs/2608.09767v1,d028c78093c0f5b3b06687349f5130310d7eaff1c46f10fe052c9d0f64c05431,1365
intent-vs-fact/arxiv:2608.09772v1/abstract,intent-vs-fact,arxiv-abstracts,arxiv:2608.09772v1,abstract,en,https://arxiv.org/abs/2608.09772v1,433449c2bee22d6d06520ef99c133e6924d6ec005339bf1fc0d3d7ab1743d6ec,1196
intent-vs-fact/arxiv:2608.09775v1/abstract,intent-vs-fact,arxiv-abstracts,arxiv:2608.09775v1,abstract,en,https://arxiv.org/abs/2608.09775v1,0bc81e78010d16960724046a18ae29b622602261145bcbd48c2b5c1184921563,1638
intent-vs-fact/arxiv:2608.09779v1/abstract,intent-vs-fact,arxiv-abstracts,arxiv:2608.09779v1,abstract,en,https://arxiv.org/abs/2608.09779v1,6ebfff9f05d3efb6bdd9bbd12dd7fd0b2d284088251d42d342216c4bcab83d79,1686
intent-vs-fact/arxiv:2608.09790v2/abstract,intent-vs-fact,arxiv-abstracts,arxiv:2608.09790v2,abstract,en,https://arxiv.org/abs/2608.09790v2,5ed1da1799a7a592d8449db859ceb7084f5e455f7aee0f0d108654394a887473,1219
intent-vs-fact/arxiv:2608.09792v1/abstract,intent-vs-fact,arxiv-abstracts,arxiv:2608.09792v1,abstract,en,https://arxiv.org/abs/2608.09792v1,a9d2cce4da53afcb2d28264b8ab66fe977fd7f9f155067f0f77125a6ab0aa140,1277
intent-vs-fact/arxiv:2608.09801v1/abstract,intent-vs-fact,arxiv-abstracts,arxiv:2608.09801v1,abstract,en,https://arxiv.org/abs/2608.09801v1,95d41854a2b656569a0adcd16f27176b63808e33c3cdb79d52048c364b9f614e,1061
intent-vs-fact/arxiv:2608.09802v1/abstract,intent-vs-fact,arxiv-abstracts,arxiv:2608.09802v1,abstract,en,https://arxiv.org/abs/2608.09802v1,744509c7f1cb45f7fe7a13bb69d4636a931d2c3668305bb328447824ffd8257d,1840
intent-vs-fact/arxiv:2608.09805v1/abstract,intent-vs-fact,arxiv-abstracts,arxiv:2608.09805v1,abstract,en,https://arxiv.org/abs/2608.09805v1,bc7ce415b9968666961eb60f20913514f9ee33c3d6863d5ede4eaa83196df059,1511
intent-vs-fact/arxiv:2608.09818v1/abstract,intent-vs-fact,arxiv-abstracts,arxiv:2608.09818v1,abstract,en,https://arxiv.org/abs/2608.09818v1,6022fb01b2031cba5c949f4cc68750ed39b6873a2a89a48b94ce9b590fbbb0e6,1551
intent-vs-fact/arxiv:2608.09819v2/abstract,intent-vs-fact,arxiv-abstracts,arxiv:2608.09819v2,abstract,en,https://arxiv.org/abs/2608.09819v2,9040754b0e1a862516d0f164cc58d02e846e97348f282bebbd62a576a5a97fb4,1649
intent-vs-fact/arxiv:2608.09826v1/abstract,intent-vs-fact,arxiv-abstracts,arxiv:2608.09826v1,abstract,en,https://arxiv.org/abs/2608.09826v1,9bb22f18bbc8580a14e10282be80b2573c8d7e4fad2afa854da13e25f1688201,1440
intent-vs-fact/arxiv:2608.09828v1/abstract,intent-vs-fact,arxiv-abstracts,arxiv:2608.09828v1,abstract,en,https://arxiv.org/abs/2608.09828v1,36bfb7c703f44d124acf74ab08759efdfdbcb7efe408d3d6b1a6aa757eadfe77,1762
intent-vs-fact/arxiv:2608.09834v1/abstract,intent-vs-fact,arxiv-abstracts,arxiv:2608.09834v1,abstract,en,https://arxiv.org/abs/2608.09834v1,e1b35a55ffe8dced01ca16cee346179d00dd4b1f17099ce31da8a705e9734a0b,1718
intent-vs-fact/arxiv:2608.09836v1/abstract,intent-vs-fact,arxiv-abstracts,arxiv:2608.09836v1,abstract,en,https://arxiv.org/abs/2608.09836v1,08eca80a242ba6a8ee1f6e7cafce965932e7b2c23671bd66a054142a01b1b77e,1609
intent-vs-fact/arxiv:2608.09848v1/abstract,intent-vs-fact,arxiv-abstracts,arxiv:2608.09848v1,abstract,en,https://arxiv.org/abs/2608.09848v1,2c739c03659bd8f688e9d5fcf9730dd9cf185a5c424a3289a7cef7628f022292,1224
intent-vs-fact/arxiv:2608.09855v2/abstract,intent-vs-fact,arxiv-abstracts,arxiv:2608.09855v2,abstract,en,https://arxiv.org/abs/2608.09855v2,27aec9ca062aa971b0e811db934cf6adeb3eb7d43214eda1ef6965cfa93a29bd,1765
intent-vs-fact/arxiv:2608.09857v1/abstract,intent-vs-fact,arxiv-abstracts,arxiv:2608.09857v1,abstract,en,https://arxiv.org/abs/2608.09857v1,5894ab50c697344703587f92643f2dfc28f4b14d983bdf8621e4a6a266daa99c,1336
intent-vs-fact/arxiv:2608.09861v1/abstract,intent-vs-fact,arxiv-abstracts,arxiv:2608.09861v1,abstract,en,https://arxiv.org/abs/2608.09861v1,3f3527bde978fd07c94e0ac9ad90f9162cd0356fd8e18d8055602eeccdc499c1,1920
intent-vs-fact/arxiv:2608.09867v1/abstract,intent-vs-fact,arxiv-abstracts,arxiv:2608.09867v1,abstract,en,https://arxiv.org/abs/2608.09867v1,94a89859c4e45a4b68edd13d60156924d88b93efe79b16927eedc8150439417a,1916
intent-vs-fact/arxiv:2608.09873v1/abstract,intent-vs-fact,arxiv-abstracts,arxiv:2608.09873v1,abstract,en,https://arxiv.org/abs/2608.09873v1,bc85b43de91849849a31af4dd9eaf1de0b75f4ab3caef8e3b01fadce7e80d994,1184
intent-vs-fact/arxiv:2608.09874v1/abstract,intent-vs-fact,arxiv-abstracts,arxiv:2608.09874v1,abstract,en,https://arxiv.org/abs/2608.09874v1,4d6284a78caa07bb88ada2fff5f877b7b09d19b670bab55d526e3425c6b9fe7c,1816
intent-vs-fact/arxiv:2608.09876v1/abstract,intent-vs-fact,arxiv-abstracts,arxiv:2608.09876v1,abstract,en,https://arxiv.org/abs/2608.09876v1,f9c13f8f11f21eb69f3552f231e1946510c8ee10473dbab59756c51cdcb99830,1724
intent-vs-fact/arxiv:2608.09885v1/abstract,intent-vs-fact,arxiv-abstracts,arxiv:2608.09885v1,abstract,en,https://arxiv.org/abs/2608.09885v1,3b58d5771fac8c7cce21ba161069c4b683456db91405c535fdb60c18eeda49da,1414
intent-vs-fact/arxiv:2608.09888v1/abstract,intent-vs-fact,arxiv-abstracts,arxiv:2608.09888v1,abstract,en,https://arxiv.org/abs/2608.09888v1,d348d3b6349803fc2634168b5456e2ea86a3a31c182705bbe519c8e34b1a7aa8,845
intent-vs-fact/arxiv:2608.09893v1/abstract,intent-vs-fact,arxiv-abstracts,arxiv:2608.09893v1,abstract,en,https://arxiv.org/abs/2608.09893v1,82651080738db27926a963dc7bab72e985db45aa4e557d7785622cbf7086155b,1308
intent-vs-fact/arxiv:2608.09894v1/abstract,intent-vs-fact,arxiv-abstracts,arxiv:2608.09894v1,abstract,en,https://arxiv.org/abs/2608.09894v1,2fa7d7adec3fbdde3a1f56a776172575f54030db5db99812d6bd2d1376956bcf,910
intent-vs-fact/arxiv:2608.09898v1/abstract,intent-vs-fact,arxiv-abstracts,arxiv:2608.09898v1,abstract,en,https://arxiv.org/abs/2608.09898v1,0782e51890437f5f7c0e91067cadccee299e93e5fea3b40e7bc3ec2ef47d53bd,1864
intent-vs-fact/arxiv:2608.09900v2/abstract,intent-vs-fact,arxiv-abstracts,arxiv:2608.09900v2,abstract,en,https://arxiv.org/abs/2608.09900v2,205ab621b517968147af8b9fb35d73df00a4ca6e0f195319acca21ef6e446605,1197
intent-vs-fact/arxiv:2608.09921v2/abstract,intent-vs-fact,arxiv-abstracts,arxiv:2608.09921v2,abstract,en,https://arxiv.org/abs/2608.09921v2,8f91feb70120ebe48de8836fee2f8ffa38639a9affa1e2ea79d2121efa6f887c,1877
intent-vs-fact/arxiv:2608.09925v1/abstract,intent-vs-fact,arxiv-abstracts,arxiv:2608.09925v1,abstract,en,https://arxiv.org/abs/2608.09925v1,d22782f6647f100caf72cb4435dc9c943593c91fa0ee3367fb70ec2ba8828385,1460
intent-vs-fact/arxiv:2608.09928v1/abstract,intent-vs-fact,arxiv-abstracts,arxiv:2608.09928v1,abstract,en,https://arxiv.org/abs/2608.09928v1,57ebaade236e8796999a2cebdb350596c3d895bc6c53a71fd4dabb2684045bfc,1785
intent-vs-fact/arxiv:2608.09930v1/abstract,intent-vs-fact,arxiv-abstracts,arxiv:2608.09930v1,abstract,en,https://arxiv.org/abs/2608.09930v1,e07c2010bc1f5ffa37b4177cc8c77777bec788918510d272b91546fbaf733b5d,1027
intent-vs-fact/arxiv:2608.10030v2/abstract,intent-vs-fact,arxiv-abstracts,arxiv:2608.10030v2,abstract,en,https://arxiv.org/abs/2608.10030v2,9cbf5d596844050fd1ada4243503a5489872ff2ad39471d738036a9fb0b004da,1007
intent-vs-fact/arxiv:2608.10175v1/abstract,intent-vs-fact,arxiv-abstracts,arxiv:2608.10175v1,abstract,en,https://arxiv.org/abs/2608.10175v1,058741d1768c157d606ca58afa32db1a88b09c3462caf9bb827364cc3dcb28ae,1627
intent-vs-fact/arxiv:2608.10186v1/abstract,intent-vs-fact,arxiv-abstracts,arxiv:2608.10186v1,abstract,en,https://arxiv.org/abs/2608.10186v1,3b3479d9edee22b2977c88cd54e79044432f0edf55a32f4901f8d06bda7298d2,1901
intent-vs-fact/arxiv:2608.10262v1/abstract,intent-vs-fact,arxiv-abstracts,arxiv:2608.10262v1,abstract,en,https://arxiv.org/abs/2608.10262v1,ee206718b0029a88bf9952c44ea3239bc4fa94035f23e791962a96bf0e9fe1d6,1853
intent-vs-fact/arxiv:2608.10450v3/abstract,intent-vs-fact,arxiv-abstracts,arxiv:2608.10450v3,abstract,en,https://arxiv.org/abs/2608.10450v3,fbbc103e92bfbd3161bd87d718a9e02597b380f27796349450a6f31500af3f6c,1620
intent-vs-fact/arxiv:2608.10494v1/abstract,intent-vs-fact,arxiv-abstracts,arxiv:2608.10494v1,abstract,en,https://arxiv.org/abs/2608.10494v1,4c83f5a3fe60278f9090435d8f6b715ddd04e4445ab6c7f3493a880d128bd111,1638
intent-vs-fact/arxiv:2608.10509v1/abstract,intent-vs-fact,arxiv-abstracts,arxiv:2608.10509v1,abstract,en,https://arxiv.org/abs/2608.10509v1,fdb9a7199179bb58125abaa8c17cdd85209254550aafe40ed2fc9b3131254adb,1530
intent-vs-fact/arxiv:2608.10646v1/abstract,intent-vs-fact,arxiv-abstracts,arxiv:2608.10646v1,abstract,en,https://arxiv.org/abs/2608.10646v1,92ecd5783673adb77e076ec1a340d4654756c84a7794f250cd81e88e4a28ddae,1695
intent-vs-fact/arxiv:2608.10662v1/abstract,intent-vs-fact,arxiv-abstracts,arxiv:2608.10662v1,abstract,en,https://arxiv.org/abs/2608.10662v1,be2baa27ed6b263755899d65d610335960b98b43775e4b3c44c9b52a55b553c1,1508
intent-vs-fact/arxiv:2608.10714v1/abstract,intent-vs-fact,arxiv-abstracts,arxiv:2608.10714v1,abstract,en,https://arxiv.org/abs/2608.10714v1,8679a93d8866715fefc6f2f5de0e3a7a2e3847ad5db28e713e7396c890379dc6,1649
intent-vs-fact/arxiv:2608.10812v2/abstract,intent-vs-fact,arxiv-abstracts,arxiv:2608.10812v2,abstract,en,https://arxiv.org/abs/2608.10812v2,15b0ba1692881bdf0382ec1f4ee5d6a90d35cd2c6597b190a72135fcfb88134e,1031
intent-vs-fact/arxiv:2608.10875v2/abstract,intent-vs-fact,arxiv-abstracts,arxiv:2608.10875v2,abstract,en,https://arxiv.org/abs/2608.10875v2,d54b7ce7d1d212fa8cf8416e8088e3b264d944e8513c1eaf6e5d6e1a42a2fdec,1465
intent-vs-fact/arxiv:2608.10878v3/abstract,intent-vs-fact,arxiv-abstracts,arxiv:2608.10878v3,abstract,en,https://arxiv.org/abs/2608.10878v3,406e5389d51459005d7a608bd7539ad82fce488348772f666f10637e579a9988,1051
intent-vs-fact/arxiv:2608.10893v1/abstract,intent-vs-fact,arxiv-abstracts,arxiv:2608.10893v1,abstract,en,https://arxiv.org/abs/2608.10893v1,ca7a4bbe058d15552f734bc21cadfd5894a367b7c8306bce8a570e36022d913a,1883
intent-vs-fact/arxiv:2608.10908v1/abstract,intent-vs-fact,arxiv-abstracts,arxiv:2608.10908v1,abstract,en,https://arxiv.org/abs/2608.10908v1,b071050abd41ba4cb91f3493cf1732048ba9bfe7a71e91dd48d9b3be7426b65c,1680
intent-vs-fact/arxiv:2608.10916v1/abstract,intent-vs-fact,arxiv-abstracts,arxiv:2608.10916v1,abstract,en,https://arxiv.org/abs/2608.10916v1,175b1e912e24a54fcc6897e83441009b196e5a887a7e3e80233d4899b8ca85a5,1256
intent-vs-fact/arxiv:2608.10932v1/abstract,intent-vs-fact,arxiv-abstracts,arxiv:2608.10932v1,abstract,en,https://arxiv.org/abs/2608.10932v1,f1bfc128dd7b724e76b5cb2bcd11bd9e0ce2853ce9f344c721eb0b708a7f5e8b,1840
intent-vs-fact/arxiv:2608.10939v1/abstract,intent-vs-fact,arxiv-abstracts,arxiv:2608.10939v1,abstract,en,https://arxiv.org/abs/2608.10939v1,05f1d2cbb0102cccd24b43534e5f32da0d413e6db45a090c51c3270dba43b5cf,1627
intent-vs-fact/arxiv:2608.10949v1/abstract,intent-vs-fact,arxiv-abstracts,arxiv:2608.10949v1,abstract,en,https://arxiv.org/abs/2608.10949v1,610e20357788442f1e09f3a73bb352806661c00bb84a3b2f968fe47305ef0002,1429
intent-vs-fact/arxiv:2608.10954v2/abstract,intent-vs-fact,arxiv-abstracts,arxiv:2608.10954v2,abstract,en,https://arxiv.org/abs/2608.10954v2,c4fe9ecc6804aaa9d5e3e931b43fd21aade7c3d3d6460d3e4e48e50076d7a496,1901
intent-vs-fact/arxiv:2608.10963v2/abstract,intent-vs-fact,arxiv-abstracts,arxiv:2608.10963v2,abstract,en,https://arxiv.org/abs/2608.10963v2,3a4770df2d5135785919e023ba8716ead42af675ea39c2745d31c3a8a5acc372,766
intent-vs-fact/arxiv:2608.10964v1/abstract,intent-vs-fact,arxiv-abstracts,arxiv:2608.10964v1,abstract,en,https://arxiv.org/abs/2608.10964v1,04e3793ea5964be3fb97f6b16f08b3f02c2f2d48ee401c685b91364d48928c77,1133
intent-vs-fact/arxiv:2608.10970v1/abstract,intent-vs-fact,arxiv-abstracts,arxiv:2608.10970v1,abstract,en,https://arxiv.org/abs/2608.10970v1,de4d196c417323a1ac031bd38ebcef6c8b534bbc89dd2e392f98ce40192dbc1c,1012
intent-vs-fact/arxiv:2608.10974v1/abstract,intent-vs-fact,arxiv-abstracts,arxiv:2608.10974v1,abstract,en,https://arxiv.org/abs/2608.10974v1,4e8a0e3ae46ef3eebb9d6e73c1ea0c16392a3384a2d865df006dee17103583b1,987
intent-vs-fact/arxiv:2608.10976v1/abstract,intent-vs-fact,arxiv-abstracts,arxiv:2608.10976v1,abstract,en,https://arxiv.org/abs/2608.10976v1,f008c2713a6c446cbeb32790bdd2969effe66d6fa0d3a56984ce959ca149f24f,1482
intent-vs-fact/arxiv:2608.10983v2/abstract,intent-vs-fact,arxiv-abstracts,arxiv:2608.10983v2,abstract,en,https://arxiv.org/abs/2608.10983v2,a3c91533311bb681a3fca9621d8a9a3ba631d7eedb6fa891f0ac2a2d705e6f5e,1789
intent-vs-fact/arxiv:2608.10986v1/abstract,intent-vs-fact,arxiv-abstracts,arxiv:2608.10986v1,abstract,en,https://arxiv.org/abs/2608.10986v1,80f788c773a39e4ee6f3dd0ece291788de46bf166a2297482f1128c0fb4c7194,1852
intent-vs-fact/arxiv:2608.10989v1/abstract,intent-vs-fact,arxiv-abstracts,arxiv:2608.10989v1,abstract,en,https://arxiv.org/abs/2608.10989v1,64228c93f6800287ea1c8b1d2f52aba358e160dd2cc216a33d25b756edc90f08,1294
intent-vs-fact/arxiv:2608.10996v1/abstract,intent-vs-fact,arxiv-abstracts,arxiv:2608.10996v1,abstract,en,https://arxiv.org/abs/2608.10996v1,e65f791f261369acde9b041ecbe7c3ca50a6b74a584d52066370946c8d1256f1,1731
intent-vs-fact/arxiv:2608.11002v1/abstract,intent-vs-fact,arxiv-abstracts,arxiv:2608.11002v1,abstract,en,https://arxiv.org/abs/2608.11002v1,3e3e2d40077195ab3c6f1dc3562b41fe6b232b432cdaf737ec326fe9100deb0c,1075
intent-vs-fact/arxiv:2608.11006v2/abstract,intent-vs-fact,arxiv-abstracts,arxiv:2608.11006v2,abstract,en,https://arxiv.org/abs/2608.11006v2,3f8a4020a0677496b5a64fa2cf3e213db91708c2a66cce84f84d727002cd8511,1849
intent-vs-fact/arxiv:2608.11008v2/abstract,intent-vs-fact,arxiv-abstracts,arxiv:2608.11008v2,abstract,en,https://arxiv.org/abs/2608.11008v2,ebb05d64e98ecf98bad44dab8d31ffde44e741a70a3799ea67a5fae829465c3c,1650
intent-vs-fact/arxiv:2608.11017v1/abstract,intent-vs-fact,arxiv-abstracts,arxiv:2608.11017v1,abstract,en,https://arxiv.org/abs/2608.11017v1,06b6404f2871a74dbedc2e62b05573142dc7f68c965cfd149752435870db29c0,1799
intent-vs-fact/arxiv:2608.11022v1/abstract,intent-vs-fact,arxiv-abstracts,arxiv:2608.11022v1,abstract,en,https://arxiv.org/abs/2608.11022v1,85acd57c2579f6337620566a0def78e26ec8ad7f15d6a86061b79844b94713ac,1563
intent-vs-fact/arxiv:2608.11025v2/abstract,intent-vs-fact,arxiv-abstracts,arxiv:2608.11025v2,abstract,en,https://arxiv.org/abs/2608.11025v2,0df513c9a1bc191ff036b01117f583b17761d397f91e311489e5c2fe96a1b1cf,1583
intent-vs-fact/arxiv:2608.11027v1/abstract,intent-vs-fact,arxiv-abstracts,arxiv:2608.11027v1,abstract,en,https://arxiv.org/abs/2608.11027v1,db9e2f3c33afad6f8a553fc781e55c48764a67a69a6327b388a9b9c589fcf263,1897
intent-vs-fact/arxiv:2608.11030v1/abstract,intent-vs-fact,arxiv-abstracts,arxiv:2608.11030v1,abstract,en,https://arxiv.org/abs/2608.11030v1,cc4528f274bcc22ec5989e6326c9f3d2d551c83ba9873f5abda9b6b0de561230,1386
intent-vs-fact/arxiv:2608.11033v1/abstract,intent-vs-fact,arxiv-abstracts,arxiv:2608.11033v1,abstract,en,https://arxiv.org/abs/2608.11033v1,660f853bf5849f82b828905df78ea6086b137b072ddd86f16cbd362c7a206b1a,1918
intent-vs-fact/arxiv:2608.11036v1/abstract,intent-vs-fact,arxiv-abstracts,arxiv:2608.11036v1,abstract,en,https://arxiv.org/abs/2608.11036v1,7f0b06f8fc483185366b66445f213868e7c7b21eb47840566ba9c351652883f1,1028
intent-vs-fact/arxiv:2608.11044v1/abstract,intent-vs-fact,arxiv-abstracts,arxiv:2608.11044v1,abstract,en,https://arxiv.org/abs/2608.11044v1,25a1bff18d7b800d88b5933cdb8d496e3944ef3ae5325509ac6e155ed946dfb6,1038
intent-vs-fact/arxiv:2608.11045v1/abstract,intent-vs-fact,arxiv-abstracts,arxiv:2608.11045v1,abstract,en,https://arxiv.org/abs/2608.11045v1,bcacf94206369c3d5739b5f58ccb520340d83d0ed03d8152a008f50f856c8db0,1825
intent-vs-fact/arxiv:2608.11047v1/abstract,intent-vs-fact,arxiv-abstracts,arxiv:2608.11047v1,abstract,en,https://arxiv.org/abs/2608.11047v1,d266ac578abbbb5a201160ed06a18261d43a9e63be140a531fde05369c5f90f9,1384
intent-vs-fact/arxiv:2608.11049v1/abstract,intent-vs-fact,arxiv-abstracts,arxiv:2608.11049v1,abstract,en,https://arxiv.org/abs/2608.11049v1,3d986fed09a3a709261293bbfa5ec0cbeb1676f5e6447afee1ed86fb722a1aa5,1208
intent-vs-fact/arxiv:2608.11050v1/abstract,intent-vs-fact,arxiv-abstracts,arxiv:2608.11050v1,abstract,en,https://arxiv.org/abs/2608.11050v1,94781a359fd62171b84357432535c7b2c11ad6b85ec74bb00be34eb5051eafd7,1451
intent-vs-fact/arxiv:2608.11053v1/abstract,intent-vs-fact,arxiv-abstracts,arxiv:2608.11053v1,abstract,en,https://arxiv.org/abs/2608.11053v1,f8c28dacf8dfc1abb56cabe1328720fec4a2a63caf0823134b1ebadaaaff6f7b,1472
intent-vs-fact/arxiv:2608.11064v1/abstract,intent-vs-fact,arxiv-abstracts,arxiv:2608.11064v1,abstract,en,https://arxiv.org/abs/2608.11064v1,4b36b770f8661c9d428fb02153d9d772a506d3484fba007fbec472317193379b,1294
intent-vs-fact/arxiv:2608.11066v1/abstract,intent-vs-fact,arxiv-abstracts,arxiv:2608.11066v1,abstract,en,https://arxiv.org/abs/2608.11066v1,20141126297e229fef5b50f4793db345e40c47452a47981d284535313c1c032b,1838
intent-vs-fact/arxiv:2608.11071v1/abstract,intent-vs-fact,arxiv-abstracts,arxiv:2608.11071v1,abstract,en,https://arxiv.org/abs/2608.11071v1,f58fb5d6bed28b0c6247b173fbd82cfcdc9c591d513fdc782da8fc8327580e44,1794
intent-vs-fact/arxiv:2608.11079v2/abstract,intent-vs-fact,arxiv-abstracts,arxiv:2608.11079v2,abstract,en,https://arxiv.org/abs/2608.11079v2,9e9f98dfba76b56d25c36ff2953dfc32efb3bdcc19dde784128d641c8825e3e3,1915
intent-vs-fact/arxiv:2608.11080v1/abstract,intent-vs-fact,arxiv-abstracts,arxiv:2608.11080v1,abstract,en,https://arxiv.org/abs/2608.11080v1,67abbf3d829c4d28fce08c336694680fe1b9fbcade0c1d470d6bb42b53b99244,1179
intent-vs-fact/arxiv:2608.11095v1/abstract,intent-vs-fact,arxiv-abstracts,arxiv:2608.11095v1,abstract,en,https://arxiv.org/abs/2608.11095v1,f9816e8817d1369a9f5a3332cbabb0c12f52a3bc0e2961704eaad104f5142589,1300
intent-vs-fact/arxiv:2608.11110v2/abstract,intent-vs-fact,arxiv-abstracts,arxiv:2608.11110v2,abstract,en,https://arxiv.org/abs/2608.11110v2,5017296f102c790721178623b700657125b2b91ab427fdf4de1ab9c0cb1bea8e,1894
intent-vs-fact/arxiv:2608.11114v1/abstract,intent-vs-fact,arxiv-abstracts,arxiv:2608.11114v1,abstract,en,https://arxiv.org/abs/2608.11114v1,c7596be62458ee9e1f8e26235635f404437a7f0ab13deaf21d99189b8c22ef90,1259
intent-vs-fact/arxiv:2608.11136v1/abstract,intent-vs-fact,arxiv-abstracts,arxiv:2608.11136v1,abstract,en,https://arxiv.org/abs/2608.11136v1,b6b9986aacaeabc2662fe18720fa26571d89acefc621b3b29cc57b019f905b6d,1395
intent-vs-fact/arxiv:2608.11138v1/abstract,intent-vs-fact,arxiv-abstracts,arxiv:2608.11138v1,abstract,en,https://arxiv.org/abs/2608.11138v1,a658349fcc561f9bce198c0918837c9dea9654c10affbce01b773d92d3f335d9,1771
intent-vs-fact/arxiv:2608.11146v1/abstract,intent-vs-fact,arxiv-abstracts,arxiv:2608.11146v1,abstract,en,https://arxiv.org/abs/2608.11146v1,47b8e00b47fe9079912ccf00d71b00b0b7b5d0b418496ba559394cd565ed3eb7,1278
intent-vs-fact/arxiv:2608.11167v1/abstract,intent-vs-fact,arxiv-abstracts,arxiv:2608.11167v1,abstract,en,https://arxiv.org/abs/2608.11167v1,6e53f60bd13264825135c9c3b6cc598e66d35930c9a62eb3555d782918cf1411,1209
intent-vs-fact/arxiv:2608.11171v1/abstract,intent-vs-fact,arxiv-abstracts,arxiv:2608.11171v1,abstract,en,https://arxiv.org/abs/2608.11171v1,56f57c65903d5fa74eccfd6bae3d7e9a60ff51f3727dfa957a0bfde05411dbbc,1371
intent-vs-fact/arxiv:2608.11181v2/abstract,intent-vs-fact,arxiv-abstracts,arxiv:2608.11181v2,abstract,en,https://arxiv.org/abs/2608.11181v2,8709efce189c1d702727a7908e6f1ac7b2c83f77be7be5c6aaf56414f9893d25,1881
intent-vs-fact/arxiv:2608.11191v1/abstract,intent-vs-fact,arxiv-abstracts,arxiv:2608.11191v1,abstract,en,https://arxiv.org/abs/2608.11191v1,a973f0bd8b1fef4601ab686274591905753c33f6360beb3a497d1b7a3343e226,1679
intent-vs-fact/arxiv:2608.11195v3/abstract,intent-vs-fact,arxiv-abstracts,arxiv:2608.11195v3,abstract,en,https://arxiv.org/abs/2608.11195v3,d5549a93c628bc9e501b6b01861823209596aa413feef87c5e545c76ef46249c,881
intent-vs-fact/arxiv:2608.11197v1/abstract,intent-vs-fact,arxiv-abstracts,arxiv:2608.11197v1,abstract,en,https://arxiv.org/abs/2608.11197v1,7b0c2cce68ab0aed3901935a6b6012b89d3b0a79121432d6fdedebc36dadced4,1199
intent-vs-fact/arxiv:2608.11200v1/abstract,intent-vs-fact,arxiv-abstracts,arxiv:2608.11200v1,abstract,en,https://arxiv.org/abs/2608.11200v1,32257e61172d8bbee92bc9edf9427cf3eb611a3131bafac17e8f6ca2d5a23444,1520
intent-vs-fact/arxiv:2608.11204v1/abstract,intent-vs-fact,arxiv-abstracts,arxiv:2608.11204v1,abstract,en,https://arxiv.org/abs/2608.11204v1,4643f862348bcfa80aeb373686ca327608f67b273ad58abff57d10e7c34e02d7,1918
intent-vs-fact/arxiv:2608.11357v2/abstract,intent-vs-fact,arxiv-abstracts,arxiv:2608.11357v2,abstract,en,https://arxiv.org/abs/2608.11357v2,f20eeaf89f33e9cb816ac7994966fd0714aa418b09594e7d0ba18b4ea8a40a7e,1545
intent-vs-fact/arxiv:2608.11407v1/abstract,intent-vs-fact,arxiv-abstracts,arxiv:2608.11407v1,abstract,en,https://arxiv.org/abs/2608.11407v1,484e3b8d0ddeb3597d0d644d0744057bfd2084f3ccf55cd535e6515fdfa8254c,1650
intent-vs-fact/arxiv:2608.11632v1/abstract,intent-vs-fact,arxiv-abstracts,arxiv:2608.11632v1,abstract,en,https://arxiv.org/abs/2608.11632v1,6c9e6d2f508b23deb9ee22931dc235c65608a5c5d42783581f13bb26b0bd8033,1199
intent-vs-fact/arxiv:2608.11658v1/abstract,intent-vs-fact,arxiv-abstracts,arxiv:2608.11658v1,abstract,en,https://arxiv.org/abs/2608.11658v1,3e7e6d4de9472d1eca39700c77af51966510b3cba17e6a608b6743df3544b2fa,1759
intent-vs-fact/arxiv:2608.11679v1/abstract,intent-vs-fact,arxiv-abstracts,arxiv:2608.11679v1,abstract,en,https://arxiv.org/abs/2608.11679v1,2badd903a373ce78403bbadbc5428d0c57be27b35381e0a5d1cdacc7908a48c4,1416
intent-vs-fact/arxiv:2608.11847v2/abstract,intent-vs-fact,arxiv-abstracts,arxiv:2608.11847v2,abstract,en,https://arxiv.org/abs/2608.11847v2,4c0125ae21ba3cb11d1ac2b5da79d0f5593cba4b34b7985580fd8e55d499095b,1070
intent-vs-fact/arxiv:2608.11878v1/abstract,intent-vs-fact,arxiv-abstracts,arxiv:2608.11878v1,abstract,en,https://arxiv.org/abs/2608.11878v1,da2800ebac225abc26486c8397ee08f56ace1f34c1647fb65d7afd223b3f2041,1227
intent-vs-fact/arxiv:2608.11879v1/abstract,intent-vs-fact,arxiv-abstracts,arxiv:2608.11879v1,abstract,en,https://arxiv.org/abs/2608.11879v1,be8e5daa0eb806e905114468210262e7aae20ac91ae6dce231b15270f915b1ab,1194
intent-vs-fact/arxiv:2608.11889v2/abstract,intent-vs-fact,arxiv-abstracts,arxiv:2608.11889v2,abstract,en,https://arxiv.org/abs/2608.11889v2,42790d0b88f4524619c98d1af1a5de3ab9712825397d445238ac3df7c72cb5e3,1650
intent-vs-fact/arxiv:2608.11895v1/abstract,intent-vs-fact,arxiv-abstracts,arxiv:2608.11895v1,abstract,en,https://arxiv.org/abs/2608.11895v1,c999cf088746616baaf582a68195d09f20d3d2871f76390d52b63f9cbcb7c486,1081
intent-vs-fact/arxiv:2608.11919v1/abstract,intent-vs-fact,arxiv-abstracts,arxiv:2608.11919v1,abstract,en,https://arxiv.org/abs/2608.11919v1,9abe79c24f69f6fe230908327d0220fb0f5e4a35b57cf840f264652a338e87e2,1473
intent-vs-fact/arxiv:2608.11922v2/abstract,intent-vs-fact,arxiv-abstracts,arxiv:2608.11922v2,abstract,en,https://arxiv.org/abs/2608.11922v2,c8916e31be5f5c5d6e567ed479a10f06f777861d7423b4287e0c4c6863b9f375,1912
intent-vs-fact/arxiv:2608.11924v1/abstract,intent-vs-fact,arxiv-abstracts,arxiv:2608.11924v1,abstract,en,https://arxiv.org/abs/2608.11924v1,0d863d4865506856c79f718605f400024bfeea7b494645a6153a0d820a9105e4,1898
intent-vs-fact/arxiv:2608.11947v1/abstract,intent-vs-fact,arxiv-abstracts,arxiv:2608.11947v1,abstract,en,https://arxiv.org/abs/2608.11947v1,6820c95aa4a30658f363029e94c49c4161759f5791441880e6fbac641f4f3059,1145
intent-vs-fact/arxiv:2608.11981v1/abstract,intent-vs-fact,arxiv-abstracts,arxiv:2608.11981v1,abstract,en,https://arxiv.org/abs/2608.11981v1,bc12d698e9976c6f58a576556adeaa9e2dcc8434b2fe78e04577de09ca487d3e,1407
intent-vs-fact/arxiv:2608.11994v1/abstract,intent-vs-fact,arxiv-abstracts,arxiv:2608.11994v1,abstract,en,https://arxiv.org/abs/2608.11994v1,cd38bd610450bafbb7960fd91d3453edeea4ceaccb084e2ed7ae1bd52e3a60d8,1412
intent-vs-fact/arxiv:2608.12008v1/abstract,intent-vs-fact,arxiv-abstracts,arxiv:2608.12008v1,abstract,en,https://arxiv.org/abs/2608.12008v1,248ef5c3ac84f3f1ab9d4cebc51b500187daf9b3fb324bf2de2c647ba30e332e,1293
intent-vs-fact/arxiv:2608.12018v2/abstract,intent-vs-fact,arxiv-abstracts,arxiv:2608.12018v2,abstract,en,https://arxiv.org/abs/2608.12018v2,849f9bb4ba2abb61f3efa8446757ef37ccd0c74b654b70a60f5a5c07ed9f4255,1660
intent-vs-fact/arxiv:2608.12036v3/abstract,intent-vs-fact,arxiv-abstracts,arxiv:2608.12036v3,abstract,en,https://arxiv.org/abs/2608.12036v3,17eacdd2097b175499f7475ab51aaa3d3713351500b23f5533f6dc37e551f870,1840
intent-vs-fact/arxiv:2608.12062v2/abstract,intent-vs-fact,arxiv-abstracts,arxiv:2608.12062v2,abstract,en,https://arxiv.org/abs/2608.12062v2,7a280fb7ed4eff61b0e91b93a042feac6395a08c0c2e300d70291b2a10bdfd6a,1486
intent-vs-fact/arxiv:2608.12099v2/abstract,intent-vs-fact,arxiv-abstracts,arxiv:2608.12099v2,abstract,en,https://arxiv.org/abs/2608.12099v2,fbd1d2bb3fe4873175fd6db492df749e06bd5cfd779c39fe4f75df8599890610,960
intent-vs-fact/arxiv:2608.12113v1/abstract,intent-vs-fact,arxiv-abstracts,arxiv:2608.12113v1,abstract,en,https://arxiv.org/abs/2608.12113v1,4c5c7a67ca347d31964cf6f6c01703f6a37b847dd4ed87a01337a55300df67c9,1035
intent-vs-fact/arxiv:2608.12121v1/abstract,intent-vs-fact,arxiv-abstracts,arxiv:2608.12121v1,abstract,en,https://arxiv.org/abs/2608.12121v1,fc4d71498e1359b53dce7da28dd317a5aa071ff3a7458dfeec5b9dce67c75f91,1536
intent-vs-fact/arxiv:2608.12125v1/abstract,intent-vs-fact,arxiv-abstracts,arxiv:2608.12125v1,abstract,en,https://arxiv.org/abs/2608.12125v1,5010d6924a8786d9192d536044b26db1ff9d9fffbbb2f96b6daf64bfd70d3ebc,1355
intent-vs-fact/arxiv:2608.12129v2/abstract,intent-vs-fact,arxiv-abstracts,arxiv:2608.12129v2,abstract,en,https://arxiv.org/abs/2608.12129v2,912211bd3706cb7251f5a18a188dc880155aa4a0852fafb20a4df0fa4b94319d,1497
intent-vs-fact/arxiv:2608.12138v1/abstract,intent-vs-fact,arxiv-abstracts,arxiv:2608.12138v1,abstract,en,https://arxiv.org/abs/2608.12138v1,67ee193ee52d757ddde1d9ca0d8d08f27cd3fa06df700392f5d09591ce4a66f4,1913
intent-vs-fact/arxiv:2608.12149v2/abstract,intent-vs-fact,arxiv-abstracts,arxiv:2608.12149v2,abstract,en,https://arxiv.org/abs/2608.12149v2,99db98fe3304ac5060077549eafc3a4953191a9a63d7369ad657b82ca59acff0,1548
intent-vs-fact/arxiv:2608.12150v1/abstract,intent-vs-fact,arxiv-abstracts,arxiv:2608.12150v1,abstract,en,https://arxiv.org/abs/2608.12150v1,782b992813e37b05b8047a484d6161e107db756cf169d39d0db3d6be168e540d,992
intent-vs-fact/arxiv:2608.12166v1/abstract,intent-vs-fact,arxiv-abstracts,arxiv:2608.12166v1,abstract,en,https://arxiv.org/abs/2608.12166v1,5fcb8c1b8804a973d2fb51f9eabfda2c797b873d74cdf1c3f4914d8114c11680,1861
intent-vs-fact/arxiv:2608.12172v1/abstract,intent-vs-fact,arxiv-abstracts,arxiv:2608.12172v1,abstract,en,https://arxiv.org/abs/2608.12172v1,dac58d90bbe0eb8bf508ab8b7eadfe9c8203020eef623634777e8d365f5458a7,1831
intent-vs-fact/arxiv:2608.12187v1/abstract,intent-vs-fact,arxiv-abstracts,arxiv:2608.12187v1,abstract,en,https://arxiv.org/abs/2608.12187v1,8b2ef67ead3d3aae8721521998f61f816d528169f8ce922b2abb343ddc4ca6ce,1326
intent-vs-fact/arxiv:2608.12190v1/abstract,intent-vs-fact,arxiv-abstracts,arxiv:2608.12190v1,abstract,en,https://arxiv.org/abs/2608.12190v1,c00726c946d4d1b82b74a4537cdb7c921b9b9167e11469bbda210c6531b806dd,1229
intent-vs-fact/arxiv:2608.12192v1/abstract,intent-vs-fact,arxiv-abstracts,arxiv:2608.12192v1,abstract,en,https://arxiv.org/abs/2608.12192v1,ec1d6f305a6a0977b1b138b728d0840d6c86ef7ca7e961c664e5d90ba89e000b,1221
intent-vs-fact/arxiv:2608.12194v1/abstract,intent-vs-fact,arxiv-abstracts,arxiv:2608.12194v1,abstract,en,https://arxiv.org/abs/2608.12194v1,da7dfc787cac1f328425898a96e0776a661a9fcdaa52c39da5a33edc22e69cfc,1184
intent-vs-fact/arxiv:2608.12196v2/abstract,intent-vs-fact,arxiv-abstracts,arxiv:2608.12196v2,abstract,en,https://arxiv.org/abs/2608.12196v2,2d70071c41644e684d7e85c5ebe7aa620df934d3a49aea7f620b96cb93eb8b94,1843
intent-vs-fact/arxiv:2608.12197v1/abstract,intent-vs-fact,arxiv-abstracts,arxiv:2608.12197v1,abstract,en,https://arxiv.org/abs/2608.12197v1,8cb940a3747e666f6f67a2387d9bd5f72be1913dedd41e018686284dd1fadbd5,1289
intent-vs-fact/arxiv:2608.12198v1/abstract,intent-vs-fact,arxiv-abstracts,arxiv:2608.12198v1,abstract,en,https://arxiv.org/abs/2608.12198v1,0fba7b3c8a3a4cecd8fdff69dba9a4090fdb57398a3ed594d90615212e55f79e,1014
intent-vs-fact/arxiv:2608.12218v2/abstract,intent-vs-fact,arxiv-abstracts,arxiv:2608.12218v2,abstract,en,https://arxiv.org/abs/2608.12218v2,da0c70e8ff37967b1b107b0671bea1734b09a2b50abb790bff1a8f1e0c616207,1683
intent-vs-fact/arxiv:2608.12220v1/abstract,intent-vs-fact,arxiv-abstracts,arxiv:2608.12220v1,abstract,en,https://arxiv.org/abs/2608.12220v1,24d4f2c3733014f1ef0a6dd47005157309160cf9d972af1a1e2585918e3ae2c7,1567
intent-vs-fact/arxiv:2608.12227v1/abstract,intent-vs-fact,arxiv-abstracts,arxiv:2608.12227v1,abstract,en,https://arxiv.org/abs/2608.12227v1,e2fb2aacd23b7bc9aa8bc6969a324a9b90193971bbda7c2f523fd8e1ed30b446,1200
intent-vs-fact/arxiv:2608.12230v1/abstract,intent-vs-fact,arxiv-abstracts,arxiv:2608.12230v1,abstract,en,https://arxiv.org/abs/2608.12230v1,5060e2162817ccb5121c47c71e3b87f0a8d421e1dc68b2932edf4e22e63708d8,1273
intent-vs-fact/arxiv:2608.12236v1/abstract,intent-vs-fact,arxiv-abstracts,arxiv:2608.12236v1,abstract,en,https://arxiv.org/abs/2608.12236v1,d13dd4ec62393f58361d91e217f60fa8f52d768ea7bf5ebc6b9fd2e26b1415a9,1319
intent-vs-fact/arxiv:2608.12239v1/abstract,intent-vs-fact,arxiv-abstracts,arxiv:2608.12239v1,abstract,en,https://arxiv.org/abs/2608.12239v1,2a7d16ecb5a3257372ddd8aa4859a55c3e7ee12710d3fd2c647a9180b95d3501,1550
intent-vs-fact/arxiv:2608.12246v1/abstract,intent-vs-fact,arxiv-abstracts,arxiv:2608.12246v1,abstract,en,https://arxiv.org/abs/2608.12246v1,29581136aed4a1f702150d4087693c3afcf9af34d88cfcf06a0fd854e779aa19,1029
intent-vs-fact/arxiv:2608.12249v1/abstract,intent-vs-fact,arxiv-abstracts,arxiv:2608.12249v1,abstract,en,https://arxiv.org/abs/2608.12249v1,390cb0b4d05793321edb8d9a0855c60d5aeb4bea3b9c150f4d1f2141739eba38,1812
intent-vs-fact/arxiv:2608.12253v2/abstract,intent-vs-fact,arxiv-abstracts,arxiv:2608.12253v2,abstract,en,https://arxiv.org/abs/2608.12253v2,784603ae315ee1575a31e407ffcd3b6f2fdda85c369a9947f8b2164d22e5fc7f,1623
intent-vs-fact/arxiv:2608.12262v1/abstract,intent-vs-fact,arxiv-abstracts,arxiv:2608.12262v1,abstract,en,https://arxiv.org/abs/2608.12262v1,af6dabcc23a907da0ae2f54ae5cd038936f9bceafa4bbedb260dbd73c2b4afd8,1267
intent-vs-fact/arxiv:2608.12269v1/abstract,intent-vs-fact,arxiv-abstracts,arxiv:2608.12269v1,abstract,en,https://arxiv.org/abs/2608.12269v1,42892463864dea2e799de88e1e1a7862eddf541dd3287e2fdf519ce44fdfbfc3,1513
intent-vs-fact/arxiv:2608.12273v1/abstract,intent-vs-fact,arxiv-abstracts,arxiv:2608.12273v1,abstract,en,https://arxiv.org/abs/2608.12273v1,2c348434f9f4690cc8262902d5d0219bcd43e3fddc706234353a30df639eca51,1460
intent-vs-fact/arxiv:2608.12274v1/abstract,intent-vs-fact,arxiv-abstracts,arxiv:2608.12274v1,abstract,en,https://arxiv.org/abs/2608.12274v1,7c9b6916320531c61c62ae781b861353164b9f24c79864973f39f99c6e42b11b,1800
intent-vs-fact/arxiv:2608.12278v1/abstract,intent-vs-fact,arxiv-abstracts,arxiv:2608.12278v1,abstract,en,https://arxiv.org/abs/2608.12278v1,2eb769fe603d87eabfb31843d67514a513b5adc67e1f0287f545c8c0c3f04e0c,1639
intent-vs-fact/arxiv:2608.12282v1/abstract,intent-vs-fact,arxiv-abstracts,arxiv:2608.12282v1,abstract,en,https://arxiv.org/abs/2608.12282v1,c82174db4c53cb262c58c07bd4e9e34b6fec1fba61a058077511fbe1320159cb,1379
intent-vs-fact/arxiv:2608.12283v1/abstract,intent-vs-fact,arxiv-abstracts,arxiv:2608.12283v1,abstract,en,https://arxiv.org/abs/2608.12283v1,3132e70bb6560f1611529de2ef68a01fcb835b7de315ec6c56634325e478f1be,1776
intent-vs-fact/arxiv:2608.12290v1/abstract,intent-vs-fact,arxiv-abstracts,arxiv:2608.12290v1,abstract,en,https://arxiv.org/abs/2608.12290v1,321adf572d27fb5c9742857df1b55498b0ac3dba687ae4d1640f61162cf84ac0,1708
intent-vs-fact/arxiv:2608.12299v2/abstract,intent-vs-fact,arxiv-abstracts,arxiv:2608.12299v2,abstract,en,https://arxiv.org/abs/2608.12299v2,349ea2e69c163ca7c23a22d995520d64c3ae58da118d26816cff79204ffeb28d,1688
intent-vs-fact/arxiv:2608.12304v1/abstract,intent-vs-fact,arxiv-abstracts,arxiv:2608.12304v1,abstract,en,https://arxiv.org/abs/2608.12304v1,a486f6c51bc7995fa988f20dad48fbcee3e4af9fdf5e8668324fec1c57fcc62c,1456
intent-vs-fact/arxiv:2608.12306v1/abstract,intent-vs-fact,arxiv-abstracts,arxiv:2608.12306v1,abstract,en,https://arxiv.org/abs/2608.12306v1,6ad57acaad72424958fa859fbc3db94f38d5a3451622c869bfbab4be4669a44b,969
intent-vs-fact/arxiv:2608.12307v1/abstract,intent-vs-fact,arxiv-abstracts,arxiv:2608.12307v1,abstract,en,https://arxiv.org/abs/2608.12307v1,1b2f12bed0048d5ea95d45fa0e99da65735ba6ee6dd6ddc5804b6a03775ac84d,1587
intent-vs-fact/arxiv:2608.12308v1/abstract,intent-vs-fact,arxiv-abstracts,arxiv:2608.12308v1,abstract,en,https://arxiv.org/abs/2608.12308v1,30765a29b95fca1df38661bcde3785c219b8c24c7ada1331e06806413f60eff7,1707
intent-vs-fact/arxiv:2608.12313v2/abstract,intent-vs-fact,arxiv-abstracts,arxiv:2608.12313v2,abstract,en,https://arxiv.org/abs/2608.12313v2,ae0a6eb7fa3668d0a8cb18eb98bff26ff008bb82cff3c27fc75d8170cbef4795,1538
intent-vs-fact/arxiv:2608.12436v1/abstract,intent-vs-fact,arxiv-abstracts,arxiv:2608.12436v1,abstract,en,https://arxiv.org/abs/2608.12436v1,eb6d2692b958c9c57c52854d2ae4c29db1fc3620cca67c400e38b50c692af46e,1900
intent-vs-fact/arxiv:2608.12534v1/abstract,intent-vs-fact,arxiv-abstracts,arxiv:2608.12534v1,abstract,en,https://arxiv.org/abs/2608.12534v1,5da6fd1870ab125cb14a60e63cebcadba68d6778ff22bfda7788760ea4e33596,1244
intent-vs-fact/arxiv:2608.12547v1/abstract,intent-vs-fact,arxiv-abstracts,arxiv:2608.12547v1,abstract,en,https://arxiv.org/abs/2608.12547v1,30cfa3cb88768b891a36c7f817b62978f37f56232c897083f566cdb2c9358b16,1179
intent-vs-fact/arxiv:2608.12626v1/abstract,intent-vs-fact,arxiv-abstracts,arxiv:2608.12626v1,abstract,en,https://arxiv.org/abs/2608.12626v1,9ae94a28ad61521d4369fbac8e4f862d08f158ea2bc4fcb0fccf57f08050a598,1388
intent-vs-fact/arxiv:2608.12895v1/abstract,intent-vs-fact,arxiv-abstracts,arxiv:2608.12895v1,abstract,en,https://arxiv.org/abs/2608.12895v1,28cb00d6d89db15ddca2805c0f0a1d0022d43a06cda35fea51e6a0e2d50ecba0,1904
intent-vs-fact/arxiv:2608.12921v2/abstract,intent-vs-fact,arxiv-abstracts,arxiv:2608.12921v2,abstract,en,https://arxiv.org/abs/2608.12921v2,cc9a8b12785178b86eb1f320c5890bb2f1ccbe6d7b4930451086ae89095d16cc,1594
intent-vs-fact/arxiv:2608.12984v1/abstract,intent-vs-fact,arxiv-abstracts,arxiv:2608.12984v1,abstract,en,https://arxiv.org/abs/2608.12984v1,44d227fba411146c8e3238eaea9d09962e309c32e2e54b6cdbfea4685e2a1c54,1893
intent-vs-fact/arxiv:2608.12995v1/abstract,intent-vs-fact,arxiv-abstracts,arxiv:2608.12995v1,abstract,en,https://arxiv.org/abs/2608.12995v1,869267e6fde6f669c88491e4b1b721059f20800a75cc661fab7a73361c8e28bf,1198
intent-vs-fact/arxiv:2608.13030v2/abstract,intent-vs-fact,arxiv-abstracts,arxiv:2608.13030v2,abstract,en,https://arxiv.org/abs/2608.13030v2,cde813dd5ec568b96d3fb621653761a8b247909445fb7e994e187a425c1a6a56,1619
intent-vs-fact/arxiv:2608.13101v1/abstract,intent-vs-fact,arxiv-abstracts,arxiv:2608.13101v1,abstract,en,https://arxiv.org/abs/2608.13101v1,70719099b3f45e00c43172e4c153d480a84026c04aeb2aff4c0ef7066a0c0392,1144
intent-vs-fact/arxiv:2608.13136v1/abstract,intent-vs-fact,arxiv-abstracts,arxiv:2608.13136v1,abstract,en,https://arxiv.org/abs/2608.13136v1,7548f363ce2a1031d5c2bcde284e0d60d8a57a5eca02d9d8040c21e91ec7a719,1228
intent-vs-fact/arxiv:2608.13160v1/abstract,intent-vs-fact,arxiv-abstracts,arxiv:2608.13160v1,abstract,en,https://arxiv.org/abs/2608.13160v1,53b71fa9841bfed1d789eaeb920fcc401577d65da0de164a68d08dc954a4ea5b,1649
intent-vs-fact/arxiv:2608.13167v1/abstract,intent-vs-fact,arxiv-abstracts,arxiv:2608.13167v1,abstract,en,https://arxiv.org/abs/2608.13167v1,7de44004dc9e6aa74a679c67c2771ae160b61c9b4d513d11f330be431a374d58,1251
intent-vs-fact/arxiv:2608.13168v1/abstract,intent-vs-fact,arxiv-abstracts,arxiv:2608.13168v1,abstract,en,https://arxiv.org/abs/2608.13168v1,ffc62a5d86530ff2931204da2c4a5c47ea4e19663827b5a03a4d13c33c1314f2,1331
intent-vs-fact/arxiv:2608.13200v2/abstract,intent-vs-fact,arxiv-abstracts,arxiv:2608.13200v2,abstract,en,https://arxiv.org/abs/2608.13200v2,8614d0dad5895b9b6d6c4d618b7738df673f5718776c67d22cf2793bd177406a,1110
intent-vs-fact/arxiv:2608.13237v1/abstract,intent-vs-fact,arxiv-abstracts,arxiv:2608.13237v1,abstract,en,https://arxiv.org/abs/2608.13237v1,91b79fcd09910e2967c79fa3abd968682c81b3730a93ff6e77c20950a1c56d14,1061
intent-vs-fact/arxiv:2608.13244v1/abstract,intent-vs-fact,arxiv-abstracts,arxiv:2608.13244v1,abstract,en,https://arxiv.org/abs/2608.13244v1,89eafa128d0af04ed848c146f03ad4aba61bd4afa53d8b14f771bf7888faa5bf,938
intent-vs-fact/arxiv:2608.13258v1/abstract,intent-vs-fact,arxiv-abstracts,arxiv:2608.13258v1,abstract,en,https://arxiv.org/abs/2608.13258v1,9f9931a8681513c4969ef811ae3a9cd83b3b6bba18a1955d0fd8fbd0c6f46e5d,1357
intent-vs-fact/arxiv:2608.13267v1/abstract,intent-vs-fact,arxiv-abstracts,arxiv:2608.13267v1,abstract,en,https://arxiv.org/abs/2608.13267v1,8e95f67698c63378ddece11d909a8d7e6a88674935e0090bf73132c5a82e60b1,1601
intent-vs-fact/arxiv:2608.13277v1/abstract,intent-vs-fact,arxiv-abstracts,arxiv:2608.13277v1,abstract,en,https://arxiv.org/abs/2608.13277v1,1485bbdf26ad97cdd1809e8662bd2f483464abcc0a0eed99a5ca95a9a55fe1b2,1149
intent-vs-fact/arxiv:2608.13304v1/abstract,intent-vs-fact,arxiv-abstracts,arxiv:2608.13304v1,abstract,en,https://arxiv.org/abs/2608.13304v1,792a9311573d099f3981c4aeed64d62c01c501787b93134c6202be2af40bddc3,1183
intent-vs-fact/arxiv:2608.13326v1/abstract,intent-vs-fact,arxiv-abstracts,arxiv:2608.13326v1,abstract,en,https://arxiv.org/abs/2608.13326v1,4f88862737c4483f88e32af7fb8b036bd4ceab710fef1b4770a60e1ab482f449,1345
intent-vs-fact/arxiv:2608.13328v1/abstract,intent-vs-fact,arxiv-abstracts,arxiv:2608.13328v1,abstract,en,https://arxiv.org/abs/2608.13328v1,237ee6b692ecc9f93064cb0faf3112cab5d691c53ac9d0096f554eeaf40696f3,1215
intent-vs-fact/arxiv:2608.13334v1/abstract,intent-vs-fact,arxiv-abstracts,arxiv:2608.13334v1,abstract,en,https://arxiv.org/abs/2608.13334v1,7718c54d9db846576fcf62f7fadc25c5faa452928b1548fd443ffc1fecf8a7fd,1468
intent-vs-fact/arxiv:2608.13387v4/abstract,intent-vs-fact,arxiv-abstracts,arxiv:2608.13387v4,abstract,en,https://arxiv.org/abs/2608.13387v4,44e641e79c02cc848a64c64eb455274f54e5437b4ff2717b036354204ac7330a,1678
intent-vs-fact/arxiv:2608.13394v1/abstract,intent-vs-fact,arxiv-abstracts,arxiv:2608.13394v1,abstract,en,https://arxiv.org/abs/2608.13394v1,3683ad262a1866412faa2323ba8fb988e72f92544cbd833e632991cc67f128e8,1832
intent-vs-fact/arxiv:2608.13409v1/abstract,intent-vs-fact,arxiv-abstracts,arxiv:2608.13409v1,abstract,en,https://arxiv.org/abs/2608.13409v1,507ae76241f37ce190ef385bc5c8807441c73aa87aa4641a0587fe9891babd66,1623
intent-vs-fact/arxiv:2608.13410v1/abstract,intent-vs-fact,arxiv-abstracts,arxiv:2608.13410v1,abstract,en,https://arxiv.org/abs/2608.13410v1,a8193e700079f54c9fd2912e7180e43140dfcac076d452ebc92f9de4df9f1505,1456
intent-vs-fact/arxiv:2608.13415v1/abstract,intent-vs-fact,arxiv-abstracts,arxiv:2608.13415v1,abstract,en,https://arxiv.org/abs/2608.13415v1,4eb83b0402cda93f6a951368c6e42decfbf35d4db7a3e9da36aec1e8cd73ff31,945
intent-vs-fact/arxiv:2608.13417v1/abstract,intent-vs-fact,arxiv-abstracts,arxiv:2608.13417v1,abstract,en,https://arxiv.org/abs/2608.13417v1,c21955dfc9ca3747428326350f1f5c92eca2f8596fcec78d4ff43926ae48447a,1448
intent-vs-fact/arxiv:2608.13420v1/abstract,intent-vs-fact,arxiv-abstracts,arxiv:2608.13420v1,abstract,en,https://arxiv.org/abs/2608.13420v1,862dd5efa6a3ffb08c73900f9cc825ffe60d3fab12b352a248c32f5c66bc9e0c,1496
intent-vs-fact/arxiv:2608.13425v1/abstract,intent-vs-fact,arxiv-abstracts,arxiv:2608.13425v1,abstract,en,https://arxiv.org/abs/2608.13425v1,becb838a848baeebe6e688d8d328a52157d69bb9fb34851042757bc017c3ad32,1267
intent-vs-fact/arxiv:2608.13426v2/abstract,intent-vs-fact,arxiv-abstracts,arxiv:2608.13426v2,abstract,en,https://arxiv.org/abs/2608.13426v2,5f99ce13a009b0bee1056c1cd6899caf0d06e76940e8f8b34d8cb302ed49be12,1384
intent-vs-fact/arxiv:2608.13428v1/abstract,intent-vs-fact,arxiv-abstracts,arxiv:2608.13428v1,abstract,en,https://arxiv.org/abs/2608.13428v1,0e5fe02861a73c2541008f69f03431e67524726f8e6c0cae3662c5b46779da77,1629
intent-vs-fact/arxiv:2608.13430v2/abstract,intent-vs-fact,arxiv-abstracts,arxiv:2608.13430v2,abstract,en,https://arxiv.org/abs/2608.13430v2,092641d174b79291e27a3060dd226f687c1f54a043a1f2f9f7af5617d069eaa4,1232
intent-vs-fact/arxiv:2608.13433v1/abstract,intent-vs-fact,arxiv-abstracts,arxiv:2608.13433v1,abstract,en,https://arxiv.org/abs/2608.13433v1,cd27eed32b838e602501889e0a0f255ed36e23c9f683cc0b8bbca9cb380fd3ec,1787
intent-vs-fact/arxiv:2608.13438v1/abstract,intent-vs-fact,arxiv-abstracts,arxiv:2608.13438v1,abstract,en,https://arxiv.org/abs/2608.13438v1,42844475beed1e5b2c25fd771a2bc1f2bc3c4cc6ccffeef46cb455bfce487ffe,1290
intent-vs-fact/arxiv:2608.13447v2/abstract,intent-vs-fact,arxiv-abstracts,arxiv:2608.13447v2,abstract,en,https://arxiv.org/abs/2608.13447v2,6819072d086eccfb227d218c1bd36c9f4af67da246dc33d6b18b30d874b088ec,1316
intent-vs-fact/arxiv:2608.13453v1/abstract,intent-vs-fact,arxiv-abstracts,arxiv:2608.13453v1,abstract,en,https://arxiv.org/abs/2608.13453v1,0fde6094328940388f825b3da8c006a0c020ee57248e1b13cbb5231bda4e0e19,1586
intent-vs-fact/arxiv:2608.13456v2/abstract,intent-vs-fact,arxiv-abstracts,arxiv:2608.13456v2,abstract,en,https://arxiv.org/abs/2608.13456v2,a85aecea1027ed9f0eeea51c973790b2d3f57219ade807d9b9de933d86809af8,1170
intent-vs-fact/arxiv:2608.13459v1/abstract,intent-vs-fact,arxiv-abstracts,arxiv:2608.13459v1,abstract,en,https://arxiv.org/abs/2608.13459v1,c0b0b2b2be7f2d05dc28e74797243bcee62a42b87719d9eade4a2ee5e40591c2,1444
intent-vs-fact/arxiv:2608.13463v2/abstract,intent-vs-fact,arxiv-abstracts,arxiv:2608.13463v2,abstract,en,https://arxiv.org/abs/2608.13463v2,e9c7bd061946010d4d3633125a5ea6f46f13b11f0ad72103369454ced6dfa1dc,1307
intent-vs-fact/arxiv:2608.13465v1/abstract,intent-vs-fact,arxiv-abstracts,arxiv:2608.13465v1,abstract,en,https://arxiv.org/abs/2608.13465v1,71252e94b0eb75ab30e1e62e9936f303453a05a980ad496a25fe0546850fa42a,1818
intent-vs-fact/arxiv:2608.13472v1/abstract,intent-vs-fact,arxiv-abstracts,arxiv:2608.13472v1,abstract,en,https://arxiv.org/abs/2608.13472v1,37d2d8e7337694419fb9fd9015a3438d63ee80f9fddb0385c2a7471e161ec00f,1920
intent-vs-fact/arxiv:2608.13476v1/abstract,intent-vs-fact,arxiv-abstracts,arxiv:2608.13476v1,abstract,en,https://arxiv.org/abs/2608.13476v1,bcc18efa97fa87ed20f22556be8bf44409336e7dc9ec1c50964a6d360b295447,905
intent-vs-fact/arxiv:2608.13482v1/abstract,intent-vs-fact,arxiv-abstracts,arxiv:2608.13482v1,abstract,en,https://arxiv.org/abs/2608.13482v1,bf88a65ac2f4da1c56af6d0f856524123c100c58b47c04c0eb51b163d1187b8e,1761
intent-vs-fact/arxiv:2608.13484v1/abstract,intent-vs-fact,arxiv-abstracts,arxiv:2608.13484v1,abstract,en,https://arxiv.org/abs/2608.13484v1,4117c9deede13e1ffc405e62b432cf868c9665dcbe85ce65750bd58ae44213fe,1235
intent-vs-fact/arxiv:2608.13492v1/abstract,intent-vs-fact,arxiv-abstracts,arxiv:2608.13492v1,abstract,en,https://arxiv.org/abs/2608.13492v1,d570ec731cd92f80eb188b34c6c8cb189c80a65939793ab9b856009d5fa822e5,1389
intent-vs-fact/arxiv:2608.13505v1/abstract,intent-vs-fact,arxiv-abstracts,arxiv:2608.13505v1,abstract,en,https://arxiv.org/abs/2608.13505v1,405c61126bfc274612adaa00bac37f02aed3b5b543057c138796f932e9ff3404,1836
intent-vs-fact/arxiv:2608.13515v1/abstract,intent-vs-fact,arxiv-abstracts,arxiv:2608.13515v1,abstract,en,https://arxiv.org/abs/2608.13515v1,b935be4a0f28eb42fc4e7968ec9110f0267f4412257474b8330f8ab37406a58a,1299
intent-vs-fact/arxiv:2608.13517v2/abstract,intent-vs-fact,arxiv-abstracts,arxiv:2608.13517v2,abstract,en,https://arxiv.org/abs/2608.13517v2,3bb1eed069addabf0eb41451ad7ee13d0c66c56307fc29554320673ec180c0fd,807
intent-vs-fact/arxiv:2608.13520v1/abstract,intent-vs-fact,arxiv-abstracts,arxiv:2608.13520v1,abstract,en,https://arxiv.org/abs/2608.13520v1,640152c3cfe1293fef3566f1faa15785569815501712614f09c764cfde92c4e9,1424
intent-vs-fact/arxiv:2608.13522v1/abstract,intent-vs-fact,arxiv-abstracts,arxiv:2608.13522v1,abstract,en,https://arxiv.org/abs/2608.13522v1,0f7341878bb60c38ed483a31be0a79b5e730d6b2d26060135ccc50800213c3b4,1871
intent-vs-fact/arxiv:2608.13535v1/abstract,intent-vs-fact,arxiv-abstracts,arxiv:2608.13535v1,abstract,en,https://arxiv.org/abs/2608.13535v1,821277f2e9b7ea167e50ca120f3f307f084079bce4506e9c768a2308ea666d51,1264
intent-vs-fact/arxiv:2608.13538v2/abstract,intent-vs-fact,arxiv-abstracts,arxiv:2608.13538v2,abstract,en,https://arxiv.org/abs/2608.13538v2,79ae939e3812468e4a8f9f4ef18275887f90bfab49c7d4665d9a196db3780de8,1121
intent-vs-fact/arxiv:2608.13545v1/abstract,intent-vs-fact,arxiv-abstracts,arxiv:2608.13545v1,abstract,en,https://arxiv.org/abs/2608.13545v1,1b643384842b744be2e06124f7c968a6d48752f3bcb2ab8cce2e990cbbf4a437,1196
intent-vs-fact/arxiv:2608.13547v1/abstract,intent-vs-fact,arxiv-abstracts,arxiv:2608.13547v1,abstract,en,https://arxiv.org/abs/2608.13547v1,6c8709149aca92c260d56e79060640299e3941dc539ccaa03a65be372172ee5f,1468
intent-vs-fact/arxiv:2608.13555v1/abstract,intent-vs-fact,arxiv-abstracts,arxiv:2608.13555v1,abstract,en,https://arxiv.org/abs/2608.13555v1,680229f9d871c75c1c9d8271cc7cd78e13fa3a8e579333d10257da1668ded9e0,1068
intent-vs-fact/arxiv:2608.13558v1/abstract,intent-vs-fact,arxiv-abstracts,arxiv:2608.13558v1,abstract,en,https://arxiv.org/abs/2608.13558v1,7a2caaaab5e3129291739df08db32168716cd129b5480d432945f25dfcd4dc4b,1835
intent-vs-fact/arxiv:2608.13560v1/abstract,intent-vs-fact,arxiv-abstracts,arxiv:2608.13560v1,abstract,en,https://arxiv.org/abs/2608.13560v1,4efb311c73d666c1021ade5276b6bc50a4b004f46050217520ffccffb4bab572,1547
intent-vs-fact/arxiv:2608.13787v1/abstract,intent-vs-fact,arxiv-abstracts,arxiv:2608.13787v1,abstract,en,https://arxiv.org/abs/2608.13787v1,26e09951485a356c561acc241e10cabc65a575554a001a62d4526e4f73e5c54a,1909
intent-vs-fact/arxiv:2608.13982v1/abstract,intent-vs-fact,arxiv-abstracts,arxiv:2608.13982v1,abstract,en,https://arxiv.org/abs/2608.13982v1,dd08fe588a176a37ab49d69a918581e54f368e7cb46165550ebbb20acb860627,1779
intent-vs-fact/arxiv:2608.14109v1/abstract,intent-vs-fact,arxiv-abstracts,arxiv:2608.14109v1,abstract,en,https://arxiv.org/abs/2608.14109v1,604d46e92a209403af373e006d062d6938e3723f8115aa204e11dafe109c82f3,1535
intent-vs-fact/arxiv:2608.14390v1/abstract,intent-vs-fact,arxiv-abstracts,arxiv:2608.14390v1,abstract,en,https://arxiv.org/abs/2608.14390v1,78981e606a4f6b0d24d4c49e817ef0499cbc2b91b3554e8085f641aa6cc270c7,1746
intent-vs-fact/arxiv:2608.14825v3/abstract,intent-vs-fact,arxiv-abstracts,arxiv:2608.14825v3,abstract,en,https://arxiv.org/abs/2608.14825v3,bd051c07d01f4cdffb6acf34a36a6e43adb7013ffe78e1be69afe72afd38cd3c,1917
intent-vs-fact/arxiv:2608.14913v1/abstract,intent-vs-fact,arxiv-abstracts,arxiv:2608.14913v1,abstract,en,https://arxiv.org/abs/2608.14913v1,0ce7dae213807b0cf98359046ca0e3ca59a1dbe9069219de1dc8c41ad1abd44c,1022
intent-vs-fact/arxiv:2608.15012v1/abstract,intent-vs-fact,arxiv-abstracts,arxiv:2608.15012v1,abstract,en,https://arxiv.org/abs/2608.15012v1,a48488965fa7dd27ce8e30b9642467c863de6316cda98bbbb3ba60632459ab09,1828
intent-vs-fact/arxiv:2608.15127v1/abstract,intent-vs-fact,arxiv-abstracts,arxiv:2608.15127v1,abstract,en,https://arxiv.org/abs/2608.15127v1,bd03305798c066a84496267b9778c1106c590e9fd387dcf7986df2ddd16c8304,1808
intent-vs-fact/arxiv:2608.15147v2/abstract,intent-vs-fact,arxiv-abstracts,arxiv:2608.15147v2,abstract,en,https://arxiv.org/abs/2608.15147v2,15499b98617dfdf7db9aac1265db0a390f8063b1c0a07945574cbe2bf4cb57f2,1900
intent-vs-fact/arxiv:2608.15181v1/abstract,intent-vs-fact,arxiv-abstracts,arxiv:2608.15181v1,abstract,en,https://arxiv.org/abs/2608.15181v1,a1d5078165708a72eed44b5573c6ee81e9759a24baa895a12563065cffd13b59,1339
intent-vs-fact/arxiv:2608.15372v1/abstract,intent-vs-fact,arxiv-abstracts,arxiv:2608.15372v1,abstract,en,https://arxiv.org/abs/2608.15372v1,b75ec5ac6022dd1ef4737e39bc92b27786e147f275de56c6288f719864affd6d,1915
intent-vs-fact/arxiv:2608.15400v1/abstract,intent-vs-fact,arxiv-abstracts,arxiv:2608.15400v1,abstract,en,https://arxiv.org/abs/2608.15400v1,1ab8fb77b191a7279811603ee36086bbafab0425210eb7ac1f76f198c9878db7,1614
intent-vs-fact/arxiv:2608.15424v2/abstract,intent-vs-fact,arxiv-abstracts,arxiv:2608.15424v2,abstract,en,https://arxiv.org/abs/2608.15424v2,6f7f342a6b18e276d7ed3a26b6d3fd296b2b3209e15689a54ed8ef4877e2bb68,1857
intent-vs-fact/arxiv:2608.16281v1/abstract,intent-vs-fact,arxiv-abstracts,arxiv:2608.16281v1,abstract,en,https://arxiv.org/abs/2608.16281v1,b6373d7c495296dd29f77aa88a6c88284b21dc65043c5f47cbc7e820afcc3321,1595
intent-vs-fact/arxiv:2608.16326v1/abstract,intent-vs-fact,arxiv-abstracts,arxiv:2608.16326v1,abstract,en,https://arxiv.org/abs/2608.16326v1,eb6479b03e3e2859d7f9d8c057aba3a6869f74cb4c93312efb97ffabee47b871,1580
intent-vs-fact/arxiv:2608.16344v4/abstract,intent-vs-fact,arxiv-abstracts,arxiv:2608.16344v4,abstract,en,https://arxiv.org/abs/2608.16344v4,47269d1ba83265e5178b2dbb0f84f8ab6accb549ef3a1ab3d6058be3567b6221,1196
intent-vs-fact/arxiv:2608.16347v1/abstract,intent-vs-fact,arxiv-abstracts,arxiv:2608.16347v1,abstract,en,https://arxiv.org/abs/2608.16347v1,c99540fda41380c7f94919a7b0ef6a8c975cfe298d66ffef034f4b65cf1ac011,1836
intent-vs-fact/arxiv:2608.16353v2/abstract,intent-vs-fact,arxiv-abstracts,arxiv:2608.16353v2,abstract,en,https://arxiv.org/abs/2608.16353v2,62d0a78e3d9e016fdea8b04bc82dc44787d8941b8f51a3c0af04989979c25773,1271
intent-vs-fact/arxiv:2608.16357v1/abstract,intent-vs-fact,arxiv-abstracts,arxiv:2608.16357v1,abstract,en,https://arxiv.org/abs/2608.16357v1,961ae8fca2100c1fac1e3001325bf9291666f53deb765c2e59254fb8b69bfd8a,1833
intent-vs-fact/arxiv:2608.16379v2/abstract,intent-vs-fact,arxiv-abstracts,arxiv:2608.16379v2,abstract,en,https://arxiv.org/abs/2608.16379v2,792ebaa30a637288ddf39cd0be36476ef6d9362e2145852129d0daf7a4635ea4,1915
intent-vs-fact/arxiv:2608.16386v2/abstract,intent-vs-fact,arxiv-abstracts,arxiv:2608.16386v2,abstract,en,https://arxiv.org/abs/2608.16386v2,69a0ee51c4c26d6103dce485b56ad0d1a943a9382e41a8099a3da59c3ffd42d7,1725
intent-vs-fact/arxiv:2608.16390v2/abstract,intent-vs-fact,arxiv-abstracts,arxiv:2608.16390v2,abstract,en,https://arxiv.org/abs/2608.16390v2,e48819c470ccc1ee1bc2a5440bc4e6f6da299972069177a3d66f5e3608637a9b,1253
intent-vs-fact/arxiv:2608.16417v1/abstract,intent-vs-fact,arxiv-abstracts,arxiv:2608.16417v1,abstract,en,https://arxiv.org/abs/2608.16417v1,49330056bfdf369d6c743a450ee9ba0c9a9738d9a697b92c98eddfdacfd83824,1499
intent-vs-fact/arxiv:2608.16467v1/abstract,intent-vs-fact,arxiv-abstracts,arxiv:2608.16467v1,abstract,en,https://arxiv.org/abs/2608.16467v1,c86ef7c1c688528c0db35142f161a01bb9521a428d1c753435a6a4ca03f16078,1771
intent-vs-fact/arxiv:2608.16514v1/abstract,intent-vs-fact,arxiv-abstracts,arxiv:2608.16514v1,abstract,en,https://arxiv.org/abs/2608.16514v1,efaf3f7c433b2ca2ab6c822acda2598d806b36dc84540e9823299bd317a401fd,1591
intent-vs-fact/arxiv:2608.16515v1/abstract,intent-vs-fact,arxiv-abstracts,arxiv:2608.16515v1,abstract,en,https://arxiv.org/abs/2608.16515v1,79e55d07a818e76159ff2d3616a099174202f5a61e4155030a82c27519678a55,1133
intent-vs-fact/arxiv:2608.16536v1/abstract,intent-vs-fact,arxiv-abstracts,arxiv:2608.16536v1,abstract,en,https://arxiv.org/abs/2608.16536v1,8c46db781af3fc6d3d4659ede300a9f04fd2c733515cbef5a822b3d9da0c33d7,1803
intent-vs-fact/arxiv:2608.16539v1/abstract,intent-vs-fact,arxiv-abstracts,arxiv:2608.16539v1,abstract,en,https://arxiv.org/abs/2608.16539v1,9c53e82941145008472d5feed1b2f49aed35965458ed912fa7336a5d5d25367a,1761
intent-vs-fact/arxiv:2608.16544v1/abstract,intent-vs-fact,arxiv-abstracts,arxiv:2608.16544v1,abstract,en,https://arxiv.org/abs/2608.16544v1,acb5752869c9834138299a3b3ba35b185fea2f126e5b39a61e336eacb3eb6ece,1257
intent-vs-fact/arxiv:2608.16553v1/abstract,intent-vs-fact,arxiv-abstracts,arxiv:2608.16553v1,abstract,en,https://arxiv.org/abs/2608.16553v1,d1d7d032854a8bda178d05e21e8c112c21d671a46c5ad0b2e5e2683f184ee25c,1080
intent-vs-fact/arxiv:2608.16554v2/abstract,intent-vs-fact,arxiv-abstracts,arxiv:2608.16554v2,abstract,en,https://arxiv.org/abs/2608.16554v2,137024f0247aaedb628f71a91bc64beb160f208d8c78ceeba1ffdb23846e9019,1315
intent-vs-fact/arxiv:2608.16557v1/abstract,intent-vs-fact,arxiv-abstracts,arxiv:2608.16557v1,abstract,en,https://arxiv.org/abs/2608.16557v1,aaf7a463848385737a129f41ed893b68f1014c456ac92d1c028e76679b77b488,1777
intent-vs-fact/arxiv:2608.16577v1/abstract,intent-vs-fact,arxiv-abstracts,arxiv:2608.16577v1,abstract,en,https://arxiv.org/abs/2608.16577v1,f65e190835b00879d0aa2844208cde2ad0c8bd59f3f27e6f4b7d980f879ce173,1654
intent-vs-fact/arxiv:2608.16578v2/abstract,intent-vs-fact,arxiv-abstracts,arxiv:2608.16578v2,abstract,en,https://arxiv.org/abs/2608.16578v2,cf5ce525350e6f43a14d93e9562982f3b0eb84c2b662be07027c3b3b61d5fc20,1861
intent-vs-fact/arxiv:2608.16601v1/abstract,intent-vs-fact,arxiv-abstracts,arxiv:2608.16601v1,abstract,en,https://arxiv.org/abs/2608.16601v1,86a772af7fe642e9c4e7c7d78bdbc6fc41b871b71162f77afe55113749325a0b,1730
intent-vs-fact/arxiv:2608.16620v3/abstract,intent-vs-fact,arxiv-abstracts,arxiv:2608.16620v3,abstract,en,https://arxiv.org/abs/2608.16620v3,5c6ed4f464e9cb9848c2bea616456ef2d4446d7ea9b65a6fd32f2af13f476bf2,848
intent-vs-fact/arxiv:2608.16627v1/abstract,intent-vs-fact,arxiv-abstracts,arxiv:2608.16627v1,abstract,en,https://arxiv.org/abs/2608.16627v1,4d2dfb5096fe16b77ab0a00e463c02b89e470bca94ffad8314785bce5a72ab99,1761
intent-vs-fact/arxiv:2608.16643v1/abstract,intent-vs-fact,arxiv-abstracts,arxiv:2608.16643v1,abstract,en,https://arxiv.org/abs/2608.16643v1,7fd80b1ec4c34fa7125a54a7404ed9d08dc641a8cb6a9c3d2b80a8b8b847ddb7,1659
intent-vs-fact/arxiv:2608.16645v3/abstract,intent-vs-fact,arxiv-abstracts,arxiv:2608.16645v3,abstract,en,https://arxiv.org/abs/2608.16645v3,2dbaca21bc06cbf816e19bb0a6ea243f5c73c091188d779aded20bde0ce37fe3,1159
intent-vs-fact/arxiv:2608.16647v2/abstract,intent-vs-fact,arxiv-abstracts,arxiv:2608.16647v2,abstract,en,https://arxiv.org/abs/2608.16647v2,ff819dd8b39a6a6d58c53eb8e343d55b9b4da02ff7accb4b703b1d80af1bd2f3,1217
intent-vs-fact/arxiv:2608.16650v1/abstract,intent-vs-fact,arxiv-abstracts,arxiv:2608.16650v1,abstract,en,https://arxiv.org/abs/2608.16650v1,45221c52addf78d1babf0a4cfdcb3caa8a5eaec204dc4f32bb896edb5c194963,1169
intent-vs-fact/arxiv:2608.16671v1/abstract,intent-vs-fact,arxiv-abstracts,arxiv:2608.16671v1,abstract,en,https://arxiv.org/abs/2608.16671v1,63be42effc37c9e674ff15b7a21776ba7fab6daa7ba05a6f0a89f3b36f23bae7,1425
intent-vs-fact/arxiv:2608.16686v1/abstract,intent-vs-fact,arxiv-abstracts,arxiv:2608.16686v1,abstract,en,https://arxiv.org/abs/2608.16686v1,bbce3c20907658ac72eaaee5473908be8f138f5e38b796e7517634a9368a3a7c,1527
intent-vs-fact/arxiv:2608.16707v1/abstract,intent-vs-fact,arxiv-abstracts,arxiv:2608.16707v1,abstract,en,https://arxiv.org/abs/2608.16707v1,3d9554688c6b6522ff41d4993f9b18d0d7d868e62ab4bd9da2d0ee401ea41443,1452
intent-vs-fact/arxiv:2608.16709v1/abstract,intent-vs-fact,arxiv-abstracts,arxiv:2608.16709v1,abstract,en,https://arxiv.org/abs/2608.16709v1,9755fbf780b8cfda2956925918049f15dc01329f7eeb7153b0403ee372034dd2,1574
intent-vs-fact/arxiv:2608.16725v2/abstract,intent-vs-fact,arxiv-abstracts,arxiv:2608.16725v2,abstract,en,https://arxiv.org/abs/2608.16725v2,026efe7d903f66570f14d09fccd70f0e48988e7e2255effc9c1331318fd7902b,1909
intent-vs-fact/arxiv:2608.16733v1/abstract,intent-vs-fact,arxiv-abstracts,arxiv:2608.16733v1,abstract,en,https://arxiv.org/abs/2608.16733v1,c4c24c9245bfa990818006ef273ef8a1bee46e425927cb7dad491710019510be,1700
intent-vs-fact/arxiv:2608.16742v1/abstract,intent-vs-fact,arxiv-abstracts,arxiv:2608.16742v1,abstract,en,https://arxiv.org/abs/2608.16742v1,d0c6f6d04c450096172eec89fa33d06490708b13107821100a2716df4e15b99d,1507
intent-vs-fact/arxiv:2608.16747v1/abstract,intent-vs-fact,arxiv-abstracts,arxiv:2608.16747v1,abstract,en,https://arxiv.org/abs/2608.16747v1,5d63df4a4b75d129dba8ba1fed7bb3011c3ed670a331acc48aaae0c809342eae,1333
intent-vs-fact/arxiv:2608.16763v1/abstract,intent-vs-fact,arxiv-abstracts,arxiv:2608.16763v1,abstract,en,https://arxiv.org/abs/2608.16763v1,1ab0a0fc31bc270f06cd4a9bf8911b1ba669eb9772dc804f8d230254d375a09a,1210
intent-vs-fact/arxiv:2608.16765v1/abstract,intent-vs-fact,arxiv-abstracts,arxiv:2608.16765v1,abstract,en,https://arxiv.org/abs/2608.16765v1,70177c4513df442fd2448cfb58db456cd38b2effc94ca1352ea7572444680051,1483
intent-vs-fact/arxiv:2608.16775v1/abstract,intent-vs-fact,arxiv-abstracts,arxiv:2608.16775v1,abstract,en,https://arxiv.org/abs/2608.16775v1,83fd68d9267c50885a7f1b6fe93785843132ea50bb3e02f0ccda70627b2ba466,1911
intent-vs-fact/arxiv:2608.16776v2/abstract,intent-vs-fact,arxiv-abstracts,arxiv:2608.16776v2,abstract,en,https://arxiv.org/abs/2608.16776v2,31bbb5437f7be06c5cb62d72cca34107ca5aa547435129ea99242cd0b2ccf587,923
intent-vs-fact/arxiv:2608.16791v1/abstract,intent-vs-fact,arxiv-abstracts,arxiv:2608.16791v1,abstract,en,https://arxiv.org/abs/2608.16791v1,6d5b4e83dea75c300a1813ce21b46d9626246a7134a07bc5dd7266068915287e,1505
intent-vs-fact/arxiv:2608.16794v2/abstract,intent-vs-fact,arxiv-abstracts,arxiv:2608.16794v2,abstract,en,https://arxiv.org/abs/2608.16794v2,cc6bdc0066a28146a03ddbf04e705fb87eb329e5e0b6ce4d8ea2962fbf25c659,1523
intent-vs-fact/arxiv:2608.16795v1/abstract,intent-vs-fact,arxiv-abstracts,arxiv:2608.16795v1,abstract,en,https://arxiv.org/abs/2608.16795v1,820910539867c4a74f7a961a62998fdf253fd92ed309a765ead2dd976ab7b841,1877
intent-vs-fact/arxiv:2608.16797v1/abstract,intent-vs-fact,arxiv-abstracts,arxiv:2608.16797v1,abstract,en,https://arxiv.org/abs/2608.16797v1,1d2bbb01403f8f91d2cbd7505956f07fa97533fb346dce547d624f2d2944ebd9,1449
intent-vs-fact/arxiv:2608.16798v1/abstract,intent-vs-fact,arxiv-abstracts,arxiv:2608.16798v1,abstract,en,https://arxiv.org/abs/2608.16798v1,c812828f3e17e8b730be08328b8551e7535e6e05578d2ff2ce6520b56796c6b2,1694
intent-vs-fact/arxiv:2608.16801v1/abstract,intent-vs-fact,arxiv-abstracts,arxiv:2608.16801v1,abstract,en,https://arxiv.org/abs/2608.16801v1,a95ebff024eb1985c3de7276acb75d9cbf6f1996dfd8a1eb9fccba0c8b37a4d4,1911
intent-vs-fact/arxiv:2608.16804v1/abstract,intent-vs-fact,arxiv-abstracts,arxiv:2608.16804v1,abstract,en,https://arxiv.org/abs/2608.16804v1,53e4b6e1cb9b270260401d537a151e6f7f47fe2a49f0bac24b0bb9e30dfbd345,1051
intent-vs-fact/arxiv:2608.16805v1/abstract,intent-vs-fact,arxiv-abstracts,arxiv:2608.16805v1,abstract,en,https://arxiv.org/abs/2608.16805v1,0cda1ae4a7304382dd4c6ce8e7c883332a0558d6769cc34bf0a663eb86645d05,1710
intent-vs-fact/arxiv:2608.16806v3/abstract,intent-vs-fact,arxiv-abstracts,arxiv:2608.16806v3,abstract,en,https://arxiv.org/abs/2608.16806v3,5e635bdeec57f20019c24af6173da286d2856edc80029a2422736d527d66c370,1846
intent-vs-fact/arxiv:2608.16829v2/abstract,intent-vs-fact,arxiv-abstracts,arxiv:2608.16829v2,abstract,en,https://arxiv.org/abs/2608.16829v2,28048eae9c84ee6902ef4a4f065e4a974ab92be090b558e33200323f9a34d06c,1859
intent-vs-fact/arxiv:2608.16831v1/abstract,intent-vs-fact,arxiv-abstracts,arxiv:2608.16831v1,abstract,en,https://arxiv.org/abs/2608.16831v1,b51e17d17d8cee4d92e59250c8f7d3b432537a9cc49fa7e7dd113bf0e13b34c0,1342
intent-vs-fact/arxiv:2608.16834v1/abstract,intent-vs-fact,arxiv-abstracts,arxiv:2608.16834v1,abstract,en,https://arxiv.org/abs/2608.16834v1,077600710198857c974dca776838eba9b9480e676e507d37320be630585e29fa,587
intent-vs-fact/arxiv:2608.16837v1/abstract,intent-vs-fact,arxiv-abstracts,arxiv:2608.16837v1,abstract,en,https://arxiv.org/abs/2608.16837v1,c9281666a1365c159a51660168b88c4100a5ad20717d3da949c366802d48e73e,1886
intent-vs-fact/arxiv:2608.16844v1/abstract,intent-vs-fact,arxiv-abstracts,arxiv:2608.16844v1,abstract,en,https://arxiv.org/abs/2608.16844v1,2702d60d8bc6b31af9279c79c6a3da999a9b989ab4389f7ba423b50070750032,1455
intent-vs-fact/arxiv:2608.16852v1/abstract,intent-vs-fact,arxiv-abstracts,arxiv:2608.16852v1,abstract,en,https://arxiv.org/abs/2608.16852v1,34c676a813efe7aecfec4f4fe25fbf66a9e1cae89cedb972e2df185fe195c1c1,1885
intent-vs-fact/arxiv:2608.16868v1/abstract,intent-vs-fact,arxiv-abstracts,arxiv:2608.16868v1,abstract,en,https://arxiv.org/abs/2608.16868v1,92c35fb50f2480c7127d7135c4884bca5a70791ce8817303d589b04f33a80a45,1490
intent-vs-fact/arxiv:2608.16876v1/abstract,intent-vs-fact,arxiv-abstracts,arxiv:2608.16876v1,abstract,en,https://arxiv.org/abs/2608.16876v1,7916298a7a6ebb574fedd82f5d869e94ba8f818304fc8804f4e8e9780c211e70,1671
intent-vs-fact/arxiv:2608.16884v1/abstract,intent-vs-fact,arxiv-abstracts,arxiv:2608.16884v1,abstract,en,https://arxiv.org/abs/2608.16884v1,d4a70ab1a009195f1a76bd91e4d4b2ee3ed5c1bbc5cd486ccee2bff352920336,747
intent-vs-fact/arxiv:2608.16889v1/abstract,intent-vs-fact,arxiv-abstracts,arxiv:2608.16889v1,abstract,en,https://arxiv.org/abs/2608.16889v1,6a09301c3c5c9fce65f45b71bfca2ab337660ccf2391a2c9f2af278e3ff89834,1850
intent-vs-fact/arxiv:2608.16951v1/abstract,intent-vs-fact,arxiv-abstracts,arxiv:2608.16951v1,abstract,en,https://arxiv.org/abs/2608.16951v1,d2f22b3d5bea69705407a4da7a603eef12ad200db7d902f3416b546afb6e168f,1905
intent-vs-fact/arxiv:2608.16955v1/abstract,intent-vs-fact,arxiv-abstracts,arxiv:2608.16955v1,abstract,en,https://arxiv.org/abs/2608.16955v1,5d0cf48cab60b54486920de5f5f2bf4bcd526627ed9c1a998297d8fb8999cd46,1705
intent-vs-fact/arxiv:2608.17053v1/abstract,intent-vs-fact,arxiv-abstracts,arxiv:2608.17053v1,abstract,en,https://arxiv.org/abs/2608.17053v1,15f2f204fa7a91e7476230e390e33bc58e1ced88ffb7c870c9ae509821935cef,1061
intent-vs-fact/arxiv:2608.17071v2/abstract,intent-vs-fact,arxiv-abstracts,arxiv:2608.17071v2,abstract,en,https://arxiv.org/abs/2608.17071v2,6d6fc043db47e183c4d55059b76f94efaba2ced90f713562cd2859ac52ca1cf2,1103
intent-vs-fact/arxiv:2608.17433v1/abstract,intent-vs-fact,arxiv-abstracts,arxiv:2608.17433v1,abstract,en,https://arxiv.org/abs/2608.17433v1,1933b04b8529a691b14a9b891b4ecfa2ad5342871a1de03da5a6b8d693a6283d,1551
intent-vs-fact/arxiv:2608.17583v1/abstract,intent-vs-fact,arxiv-abstracts,arxiv:2608.17583v1,abstract,en,https://arxiv.org/abs/2608.17583v1,326cf8e05fd7a6f97d535918fcc50c7dc2f2deab197d8c47594935ce2d51eef6,1315
intent-vs-fact/arxiv:2608.17587v1/abstract,intent-vs-fact,arxiv-abstracts,arxiv:2608.17587v1,abstract,en,https://arxiv.org/abs/2608.17587v1,0e3ce40c2c0e5ea01cc446dcf8e0a77431bbd60c027e88e624bce12250f2a5c3,1377
intent-vs-fact/arxiv:2608.17592v1/abstract,intent-vs-fact,arxiv-abstracts,arxiv:2608.17592v1,abstract,en,https://arxiv.org/abs/2608.17592v1,eff997f8c645d83d56f51bcbc1dc11e256df5537fbeab306590e20349862fdf1,887
intent-vs-fact/arxiv:2608.17605v2/abstract,intent-vs-fact,arxiv-abstracts,arxiv:2608.17605v2,abstract,en,https://arxiv.org/abs/2608.17605v2,19f7438290130c8a9e894d58418121822746a6991fe50fcad86fc6a1c9014328,1395
intent-vs-fact/arxiv:2608.17614v1/abstract,intent-vs-fact,arxiv-abstracts,arxiv:2608.17614v1,abstract,en,https://arxiv.org/abs/2608.17614v1,63deac7d64e470393f8aaa3ae6ab74f379854d818feea15a87e6cddb9ba94751,1502
intent-vs-fact/arxiv:2608.17616v1/abstract,intent-vs-fact,arxiv-abstracts,arxiv:2608.17616v1,abstract,en,https://arxiv.org/abs/2608.17616v1,59bd16c84eb810ae7e81f8ba93bd2a1ec494cbd1d009d2cbc064cc3a2222d222,916
intent-vs-fact/arxiv:2608.17644v1/abstract,intent-vs-fact,arxiv-abstracts,arxiv:2608.17644v1,abstract,en,https://arxiv.org/abs/2608.17644v1,0b421e1c15fd0e4db0fe60f9cac0d89d362c2fc9fb4ce4df8fd5a09d7b35302c,1093
intent-vs-fact/arxiv:2608.17719v1/abstract,intent-vs-fact,arxiv-abstracts,arxiv:2608.17719v1,abstract,en,https://arxiv.org/abs/2608.17719v1,bfa659847158a4cabf6a780a87e4bac06da493469d35a2256f46bc9879a16d1b,1504
intent-vs-fact/arxiv:2608.17733v1/abstract,intent-vs-fact,arxiv-abstracts,arxiv:2608.17733v1,abstract,en,https://arxiv.org/abs/2608.17733v1,0a6c63e871c0f51e65b983e81cdaeeb120e6ca257fb6695e0c59296af44e04e0,1181
intent-vs-fact/arxiv:2608.17739v1/abstract,intent-vs-fact,arxiv-abstracts,arxiv:2608.17739v1,abstract,en,https://arxiv.org/abs/2608.17739v1,664f00ccaeded7eb959a0e7e3fef8d392a19120662d7178cf007286edd2f089d,1036
intent-vs-fact/arxiv:2608.17744v1/abstract,intent-vs-fact,arxiv-abstracts,arxiv:2608.17744v1,abstract,en,https://arxiv.org/abs/2608.17744v1,18d417ee939a54c381d7363b728c910784ae798812d7e3de3e3e7084866b57f3,1842
intent-vs-fact/arxiv:2608.17781v1/abstract,intent-vs-fact,arxiv-abstracts,arxiv:2608.17781v1,abstract,en,https://arxiv.org/abs/2608.17781v1,9493e5dfef71b92fa137997f00b56ae4b6a8c742ba98028e0ddbe61da7d6ed43,1670
intent-vs-fact/arxiv:2608.17795v2/abstract,intent-vs-fact,arxiv-abstracts,arxiv:2608.17795v2,abstract,en,https://arxiv.org/abs/2608.17795v2,ba70842d44b9380888ab7852bb2513e9f762911020f87f9f14c23775305000be,1673
intent-vs-fact/arxiv:2608.17804v1/abstract,intent-vs-fact,arxiv-abstracts,arxiv:2608.17804v1,abstract,en,https://arxiv.org/abs/2608.17804v1,99b932839fbf03c3c746ffa32d3a3b8ee00fe515c7d3f953c94139c6fb9c5ae8,1076
intent-vs-fact/arxiv:2608.17809v2/abstract,intent-vs-fact,arxiv-abstracts,arxiv:2608.17809v2,abstract,en,https://arxiv.org/abs/2608.17809v2,1e3f99286f40cc257900453d9c1ce20033042ae8815a9a4337220b4b55a91364,1514
intent-vs-fact/arxiv:2608.17810v1/abstract,intent-vs-fact,arxiv-abstracts,arxiv:2608.17810v1,abstract,en,https://arxiv.org/abs/2608.17810v1,b377da1566fb582165e2538cdf7d7403290b47b3c1ad011eab68cf3e1bfac694,1097
intent-vs-fact/arxiv:2608.17827v1/abstract,intent-vs-fact,arxiv-abstracts,arxiv:2608.17827v1,abstract,en,https://arxiv.org/abs/2608.17827v1,f44ebe880ffa5e02ffb21b961351074b71bde8548c92f17ae96d92a3168c5d45,1031
intent-vs-fact/arxiv:2608.17834v1/abstract,intent-vs-fact,arxiv-abstracts,arxiv:2608.17834v1,abstract,en,https://arxiv.org/abs/2608.17834v1,9482a10196740efc4ee53c13e3d941e2d9f829eedf583f29db7e92a62f48e657,1339
intent-vs-fact/arxiv:2608.17843v1/abstract,intent-vs-fact,arxiv-abstracts,arxiv:2608.17843v1,abstract,en,https://arxiv.org/abs/2608.17843v1,5b8379e83bb29ec1edb004a06f2319c795facbcc747bc351f658732cb79cdd12,1592
intent-vs-fact/arxiv:2608.17856v1/abstract,intent-vs-fact,arxiv-abstracts,arxiv:2608.17856v1,abstract,en,https://arxiv.org/abs/2608.17856v1,f154646b2d62c7c0797f541f5780a0e1aa9913acc35ed86b4ac3c1264abb8c51,1017
intent-vs-fact/arxiv:2608.17866v1/abstract,intent-vs-fact,arxiv-abstracts,arxiv:2608.17866v1,abstract,en,https://arxiv.org/abs/2608.17866v1,09d6853dd7cbcabb422949dbc4fec2e64dc24cf25bd21a2de821d162a544fd2a,737
intent-vs-fact/arxiv:2608.17895v1/abstract,intent-vs-fact,arxiv-abstracts,arxiv:2608.17895v1,abstract,en,https://arxiv.org/abs/2608.17895v1,98342919f5c53561339566fb419b7fb34aa951a0d1f9c0b03533fb7c6a39b78f,1112
intent-vs-fact/arxiv:2608.17906v4/abstract,intent-vs-fact,arxiv-abstracts,arxiv:2608.17906v4,abstract,en,https://arxiv.org/abs/2608.17906v4,969ae59b669a7f411768ac84d63c0255a7979115ee80804b584cb5bae2f5e817,1587
intent-vs-fact/arxiv:2608.17911v1/abstract,intent-vs-fact,arxiv-abstracts,arxiv:2608.17911v1,abstract,en,https://arxiv.org/abs/2608.17911v1,31a31cfaed5f5b6c8b3901e0964495b8e8edab8d747ad58e73143b3dc3519e25,1903
intent-vs-fact/arxiv:2608.17917v1/abstract,intent-vs-fact,arxiv-abstracts,arxiv:2608.17917v1,abstract,en,https://arxiv.org/abs/2608.17917v1,866a2cb406266acb09b7efc993788bf5b9c85cf4c959ff699d90f3f245a2baa3,1785
intent-vs-fact/arxiv:2608.17919v2/abstract,intent-vs-fact,arxiv-abstracts,arxiv:2608.17919v2,abstract,en,https://arxiv.org/abs/2608.17919v2,7b2b0e6bae542d38ccc8141ecc61eefb61b5a53fed7cb3f84f9eb3529c4d49c1,998
intent-vs-fact/arxiv:2608.17928v1/abstract,intent-vs-fact,arxiv-abstracts,arxiv:2608.17928v1,abstract,en,https://arxiv.org/abs/2608.17928v1,5af0cd3fa2cb1699a72a60f324453a05d27fc859fa64767be6f29889b3a38fe9,1386
intent-vs-fact/arxiv:2608.17929v1/abstract,intent-vs-fact,arxiv-abstracts,arxiv:2608.17929v1,abstract,en,https://arxiv.org/abs/2608.17929v1,52fb4c4c62399432267c1907a579919f08ed10be60f227cb946994c25cedbc66,1294
intent-vs-fact/arxiv:2608.17931v1/abstract,intent-vs-fact,arxiv-abstracts,arxiv:2608.17931v1,abstract,en,https://arxiv.org/abs/2608.17931v1,df15ffce00879b33a5294cc77296dca48c28c0b79fa0698daa4e8fe779abe0e0,1729
intent-vs-fact/arxiv:2608.17932v1/abstract,intent-vs-fact,arxiv-abstracts,arxiv:2608.17932v1,abstract,en,https://arxiv.org/abs/2608.17932v1,47cc317f8692560b4c189871b6a8400a358c037724fe771c9a223dbee2988809,1894
intent-vs-fact/arxiv:2608.17933v1/abstract,intent-vs-fact,arxiv-abstracts,arxiv:2608.17933v1,abstract,en,https://arxiv.org/abs/2608.17933v1,f0bb97b55d35577562896ee11eb880553ef6c163055cb55c4212fa758a284b07,1436
intent-vs-fact/arxiv:2608.17938v1/abstract,intent-vs-fact,arxiv-abstracts,arxiv:2608.17938v1,abstract,en,https://arxiv.org/abs/2608.17938v1,f03c7351cc4dea21659d026f511b9cea979e95c8ef58b28ba8bf9826455aad8a,1612
intent-vs-fact/arxiv:2608.17941v1/abstract,intent-vs-fact,arxiv-abstracts,arxiv:2608.17941v1,abstract,en,https://arxiv.org/abs/2608.17941v1,2ddda945eaac0f2dbf6b62f2b8ecb1d79b75a52b194453fe7b0cd13cfec6aa6f,1896
intent-vs-fact/arxiv:2608.17947v1/abstract,intent-vs-fact,arxiv-abstracts,arxiv:2608.17947v1,abstract,en,https://arxiv.org/abs/2608.17947v1,0adfbcf35111519c767dbe557dfa60d6e956f9351d8b32d0fc1b706cb432def0,1009
intent-vs-fact/arxiv:2608.17948v1/abstract,intent-vs-fact,arxiv-abstracts,arxiv:2608.17948v1,abstract,en,https://arxiv.org/abs/2608.17948v1,5c4e732aea8bc81619f217c6574381e65f1115754c5bf9264eee67a053540af0,1447
intent-vs-fact/arxiv:2608.17950v2/abstract,intent-vs-fact,arxiv-abstracts,arxiv:2608.17950v2,abstract,en,https://arxiv.org/abs/2608.17950v2,a5a1ab18e8b1f87774755155a5a0bc4b7cc15b39c3ef15cca4d9c3e8154a9e2e,1589
intent-vs-fact/arxiv:2608.17956v1/abstract,intent-vs-fact,arxiv-abstracts,arxiv:2608.17956v1,abstract,en,https://arxiv.org/abs/2608.17956v1,7aefe7148a211b9a7ae8216052a26cf908a41dfd96c64838ffae656c2c2b4a08,1914
intent-vs-fact/arxiv:2608.17959v2/abstract,intent-vs-fact,arxiv-abstracts,arxiv:2608.17959v2,abstract,en,https://arxiv.org/abs/2608.17959v2,efbd86a2d7de0cc10cb9efcffbb538fc9e1097f2556cf26bd689c5e2f7cb5805,995
intent-vs-fact/arxiv:2608.17965v4/abstract,intent-vs-fact,arxiv-abstracts,arxiv:2608.17965v4,abstract,en,https://arxiv.org/abs/2608.17965v4,0ee7b428ddc5fb74ae38a3b4797c900d339fbb6d88bebc59974a72f58e8083c0,1441
intent-vs-fact/arxiv:2608.17979v1/abstract,intent-vs-fact,arxiv-abstracts,arxiv:2608.17979v1,abstract,en,https://arxiv.org/abs/2608.17979v1,386ecf2ea4aa348868379f8a1c3bd74dab43491912211b459473962fc1203b2c,1470
intent-vs-fact/arxiv:2608.17983v1/abstract,intent-vs-fact,arxiv-abstracts,arxiv:2608.17983v1,abstract,en,https://arxiv.org/abs/2608.17983v1,1ecfea9b4e1620171a19da8d0adde4ee80a387dafe9c92649c04da180319cc39,1463
intent-vs-fact/arxiv:2608.17987v1/abstract,intent-vs-fact,arxiv-abstracts,arxiv:2608.17987v1,abstract,en,https://arxiv.org/abs/2608.17987v1,68a2f7248a940a08ff7b49efe6a0bd3c83431d6cad01f58f0296b4c8107a6b46,1296
intent-vs-fact/arxiv:2608.17994v1/abstract,intent-vs-fact,arxiv-abstracts,arxiv:2608.17994v1,abstract,en,https://arxiv.org/abs/2608.17994v1,0ce1553483a2716c6a7cef9482e77674ed6e0a2c630ffd9c5a69c34ac7e0de37,1727
intent-vs-fact/arxiv:2608.17997v1/abstract,intent-vs-fact,arxiv-abstracts,arxiv:2608.17997v1,abstract,en,https://arxiv.org/abs/2608.17997v1,3763ec116d97270f0341c58d153c59006f21558ad52a16eb88bc7f54e1b1a502,956
intent-vs-fact/arxiv:2608.18008v1/abstract,intent-vs-fact,arxiv-abstracts,arxiv:2608.18008v1,abstract,en,https://arxiv.org/abs/2608.18008v1,30776e2520e2495ee210a0264fb1a5b3ded9b093d925447c6fdb14c0e2f7d715,714
intent-vs-fact/arxiv:2608.18011v1/abstract,intent-vs-fact,arxiv-abstracts,arxiv:2608.18011v1,abstract,en,https://arxiv.org/abs/2608.18011v1,41f27dc59afecc79e3eef563c5ce7aaf9206987a02b45989a8a59572a6415b16,1491
intent-vs-fact/arxiv:2608.18017v1/abstract,intent-vs-fact,arxiv-abstracts,arxiv:2608.18017v1,abstract,en,https://arxiv.org/abs/2608.18017v1,6cf263b759fc162a157abd427358dd3818f4d57a0eeb4646aebffc097e60e609,1915
intent-vs-fact/arxiv:2608.18025v2/abstract,intent-vs-fact,arxiv-abstracts,arxiv:2608.18025v2,abstract,en,https://arxiv.org/abs/2608.18025v2,372cc7b391c4c98a8c542850db525086479f7d557bd8deea8690178aaed34838,1893
intent-vs-fact/arxiv:2608.18027v1/abstract,intent-vs-fact,arxiv-abstracts,arxiv:2608.18027v1,abstract,en,https://arxiv.org/abs/2608.18027v1,97588140bdd8ca4dbd2df896cb354943664cf1a21fd9db5047d9e761dc3e34fd,1491
intent-vs-fact/arxiv:2608.18036v1/abstract,intent-vs-fact,arxiv-abstracts,arxiv:2608.18036v1,abstract,en,https://arxiv.org/abs/2608.18036v1,fde2e2c3957d43be2dcabff3aa036a33bfa1819d586c6708485528fba5fad109,1473
intent-vs-fact/arxiv:2608.18041v2/abstract,intent-vs-fact,arxiv-abstracts,arxiv:2608.18041v2,abstract,en,https://arxiv.org/abs/2608.18041v2,21b32618db010d3edf40363560eb2fbcb3ff3cd20222d3318a51462d0ff0ef5a,870
intent-vs-fact/arxiv:2608.18050v1/abstract,intent-vs-fact,arxiv-abstracts,arxiv:2608.18050v1,abstract,en,https://arxiv.org/abs/2608.18050v1,538d5566506074b10b72630fa8a72a9e545e3e3843b17db24b9d78e44bc024d4,1646
intent-vs-fact/arxiv:2608.18056v1/abstract,intent-vs-fact,arxiv-abstracts,arxiv:2608.18056v1,abstract,en,https://arxiv.org/abs/2608.18056v1,97458d89871aa68d610c8eeabd673f1784186ddb2e443d264e35647cd4dfdf99,761
intent-vs-fact/arxiv:2608.18058v1/abstract,intent-vs-fact,arxiv-abstracts,arxiv:2608.18058v1,abstract,en,https://arxiv.org/abs/2608.18058v1,a882067f96dc616e5df2ddc77b71eacee3b200a2953b6781493204e34d538e60,1873
intent-vs-fact/arxiv:2608.18062v3/abstract,intent-vs-fact,arxiv-abstracts,arxiv:2608.18062v3,abstract,en,https://arxiv.org/abs/2608.18062v3,83cf8bc6131a14c8d41d1a03265a53cff2b0392af81c22b270d610424261daea,1494
intent-vs-fact/arxiv:2608.18066v2/abstract,intent-vs-fact,arxiv-abstracts,arxiv:2608.18066v2,abstract,en,https://arxiv.org/abs/2608.18066v2,e9e2dab52e96a253f87c7db065e2520987d3aa23c7cb2afb92b498e5c307f9a0,1916
intent-vs-fact/arxiv:2608.18072v1/abstract,intent-vs-fact,arxiv-abstracts,arxiv:2608.18072v1,abstract,en,https://arxiv.org/abs/2608.18072v1,e64f82c0e120f33755f8590d652a2e61c609194e279752b687291c3257df000b,1848
intent-vs-fact/arxiv:2608.18076v2/abstract,intent-vs-fact,arxiv-abstracts,arxiv:2608.18076v2,abstract,en,https://arxiv.org/abs/2608.18076v2,d8269e0f34547ef74a625c31a0f95b7330cb8a2c65c79f363a0b704993894f1a,1617
intent-vs-fact/arxiv:2608.18177v1/abstract,intent-vs-fact,arxiv-abstracts,arxiv:2608.18177v1,abstract,en,https://arxiv.org/abs/2608.18177v1,a6a479b05e5a7d12adb2bf037888b24c728c042d8268e12604df46d213a7d78a,1235
intent-vs-fact/arxiv:2608.18232v1/abstract,intent-vs-fact,arxiv-abstracts,arxiv:2608.18232v1,abstract,en,https://arxiv.org/abs/2608.18232v1,b9903786dc78a0ae8ac865a8039fe49d6243efcdeefedb207cde0a61f4860551,1160
intent-vs-fact/arxiv:2608.18353v1/abstract,intent-vs-fact,arxiv-abstracts,arxiv:2608.18353v1,abstract,en,https://arxiv.org/abs/2608.18353v1,028f0598861e4681adce2d99832b2ebf7fb83d6104d0a357a812adf0fc083e69,650
intent-vs-fact/arxiv:2608.18473v1/abstract,intent-vs-fact,arxiv-abstracts,arxiv:2608.18473v1,abstract,en,https://arxiv.org/abs/2608.18473v1,de3af649b430c4098b8ef70b10c80e5e948b8405d5f467a569e66622a6cd4294,1589
intent-vs-fact/arxiv:2608.18490v1/abstract,intent-vs-fact,arxiv-abstracts,arxiv:2608.18490v1,abstract,en,https://arxiv.org/abs/2608.18490v1,e3dd7e4e38658db5bfaa9aef098565516129539ac4e7b3c741bf34d88a38fd45,1120
intent-vs-fact/arxiv:2608.18524v1/abstract,intent-vs-fact,arxiv-abstracts,arxiv:2608.18524v1,abstract,en,https://arxiv.org/abs/2608.18524v1,0c8af7c7174911f04626edf36248794952fa79c2093cbb3a15483a2f531b1815,1529
intent-vs-fact/arxiv:2608.18554v1/abstract,intent-vs-fact,arxiv-abstracts,arxiv:2608.18554v1,abstract,en,https://arxiv.org/abs/2608.18554v1,1d12a13eca43ed195a3d5775b229b5284eb61b2ea583bacaa28a1fc8f91fb362,1322
intent-vs-fact/arxiv:2608.18752v3/abstract,intent-vs-fact,arxiv-abstracts,arxiv:2608.18752v3,abstract,en,https://arxiv.org/abs/2608.18752v3,30dfa36708e3bb0b7d6f244add8dc9755c13afa77dc16f1a53d620313a5bfeac,1215
intent-vs-fact/arxiv:2608.18765v1/abstract,intent-vs-fact,arxiv-abstracts,arxiv:2608.18765v1,abstract,en,https://arxiv.org/abs/2608.18765v1,d97c5f457f4353c0f48f0678181fc84e6956123632669b5693afdea0766ef9f9,1136
intent-vs-fact/arxiv:2608.18767v1/abstract,intent-vs-fact,arxiv-abstracts,arxiv:2608.18767v1,abstract,en,https://arxiv.org/abs/2608.18767v1,f04eb0bfa82d08a4036dde10bd2abce6e8e3e3c52e7187593bb286695c87bc34,1824
intent-vs-fact/arxiv:2608.18768v2/abstract,intent-vs-fact,arxiv-abstracts,arxiv:2608.18768v2,abstract,en,https://arxiv.org/abs/2608.18768v2,353cfb24a8715bc554f2f1e3d7fe8966b2aaa6ad6600176e3cbbc4b533fcfff4,1408
intent-vs-fact/arxiv:2608.18795v2/abstract,intent-vs-fact,arxiv-abstracts,arxiv:2608.18795v2,abstract,en,https://arxiv.org/abs/2608.18795v2,977340a31358349d23ea81ca6e5cc0a26531ad9cdee8b465747ccee04c64708f,1814
intent-vs-fact/arxiv:2608.18816v1/abstract,intent-vs-fact,arxiv-abstracts,arxiv:2608.18816v1,abstract,en,https://arxiv.org/abs/2608.18816v1,bfa0cbf6d20d1c39dbc054c93f38d6d4ad538c02fc160257128e56dd8cef6d16,1704
intent-vs-fact/arxiv:2608.18821v1/abstract,intent-vs-fact,arxiv-abstracts,arxiv:2608.18821v1,abstract,en,https://arxiv.org/abs/2608.18821v1,84f7cbeadb15701d5f3a95460d7ec37a2d5620ec616897e4743b27d3010d3445,957
intent-vs-fact/arxiv:2608.18825v1/abstract,intent-vs-fact,arxiv-abstracts,arxiv:2608.18825v1,abstract,en,https://arxiv.org/abs/2608.18825v1,a60a88f40503fe346f5ac538231c30eb6e8d9ebeb7541fd0565aea5049e7cfa4,1483
intent-vs-fact/arxiv:2608.18827v1/abstract,intent-vs-fact,arxiv-abstracts,arxiv:2608.18827v1,abstract,en,https://arxiv.org/abs/2608.18827v1,72d97c1c85161c75cd81b9567768902b11e021c0831349e826d29347b1a92084,1235
intent-vs-fact/arxiv:2608.18878v1/abstract,intent-vs-fact,arxiv-abstracts,arxiv:2608.18878v1,abstract,en,https://arxiv.org/abs/2608.18878v1,294f9b76d6ad1a4518adbe5a198ff71cc78bdb7833d633d4128e36c60a3271d8,1359
intent-vs-fact/arxiv:2608.18888v1/abstract,intent-vs-fact,arxiv-abstracts,arxiv:2608.18888v1,abstract,en,https://arxiv.org/abs/2608.18888v1,57a392d2fa4ca7a6479a22aaaddd95bb58024e6a57fa76570ab857644c08adac,1390
intent-vs-fact/arxiv:2608.18921v1/abstract,intent-vs-fact,arxiv-abstracts,arxiv:2608.18921v1,abstract,en,https://arxiv.org/abs/2608.18921v1,b57ffdf6772ee8a386fc9fd3a404373b3723138bfe4fa742f0c992d4cc13587a,1353
intent-vs-fact/arxiv:2608.18931v1/abstract,intent-vs-fact,arxiv-abstracts,arxiv:2608.18931v1,abstract,en,https://arxiv.org/abs/2608.18931v1,6deb44a319570ef22d317b10383663701fcb2425d8ad4c24226df77f074ead58,1476
intent-vs-fact/arxiv:2608.18937v1/abstract,intent-vs-fact,arxiv-abstracts,arxiv:2608.18937v1,abstract,en,https://arxiv.org/abs/2608.18937v1,c8cce7ffe8c66d8d7e147df2d2e9d71ecaad0f0d6410d4dccbae93c773268cc9,1070
intent-vs-fact/arxiv:2608.18940v1/abstract,intent-vs-fact,arxiv-abstracts,arxiv:2608.18940v1,abstract,en,https://arxiv.org/abs/2608.18940v1,de48339c18eddd5d24314d2a4d51b562379d461352af6f5af753fb23d46d47cc,996
intent-vs-fact/arxiv:2608.18952v1/abstract,intent-vs-fact,arxiv-abstracts,arxiv:2608.18952v1,abstract,en,https://arxiv.org/abs/2608.18952v1,a436db64631754f207fade56587434dddd07bbc6be4dba63d5fb70a393da3dc8,1869
intent-vs-fact/arxiv:2608.18972v1/abstract,intent-vs-fact,arxiv-abstracts,arxiv:2608.18972v1,abstract,en,https://arxiv.org/abs/2608.18972v1,8a102590efedd0aa985d3ac00d10d28022e2b3f02133753adce963fbe292de2a,1641
intent-vs-fact/arxiv:2608.18988v2/abstract,intent-vs-fact,arxiv-abstracts,arxiv:2608.18988v2,abstract,en,https://arxiv.org/abs/2608.18988v2,f10d6de450d593634a41bf6d123c60ef8900aa627efbefc69ffd4d15ef24f1f5,1413
intent-vs-fact/arxiv:2608.18996v1/abstract,intent-vs-fact,arxiv-abstracts,arxiv:2608.18996v1,abstract,en,https://arxiv.org/abs/2608.18996v1,7530327c7237cbb2a34c8ac86ba94583076040ac43244b4d36dba0b8dd1f40d1,1698
intent-vs-fact/arxiv:2608.19002v1/abstract,intent-vs-fact,arxiv-abstracts,arxiv:2608.19002v1,abstract,en,https://arxiv.org/abs/2608.19002v1,8c9fa980ee9084ff39a88876203928d4b47302ba01120ea82c1176c7541a9ef7,1270
intent-vs-fact/arxiv:2608.19003v1/abstract,intent-vs-fact,arxiv-abstracts,arxiv:2608.19003v1,abstract,en,https://arxiv.org/abs/2608.19003v1,d8747ee23bd0991cc1e2c6a36c14d6002cd4ac1fb42e49591b3cad2b857d753c,1797
intent-vs-fact/arxiv:2608.19006v1/abstract,intent-vs-fact,arxiv-abstracts,arxiv:2608.19006v1,abstract,en,https://arxiv.org/abs/2608.19006v1,c89244c464695ff9ca0369d45a416b9f4a695fb936b85740e7203986acd8f67a,962
intent-vs-fact/arxiv:2608.19009v2/abstract,intent-vs-fact,arxiv-abstracts,arxiv:2608.19009v2,abstract,en,https://arxiv.org/abs/2608.19009v2,39d30134f7f22d54b2125c2e1e0c29a83bf2c0fbccc6e96449eb7063da2b6f40,1857
intent-vs-fact/arxiv:2608.19011v1/abstract,intent-vs-fact,arxiv-abstracts,arxiv:2608.19011v1,abstract,en,https://arxiv.org/abs/2608.19011v1,b78f1198382f825f5c965e9f0565b5c93bfe58b9a78b201702234de96049c17b,1789
intent-vs-fact/arxiv:2608.19013v1/abstract,intent-vs-fact,arxiv-abstracts,arxiv:2608.19013v1,abstract,en,https://arxiv.org/abs/2608.19013v1,773acc2a191514ba18612f6fbde67fe3768328fca6f07c760b78f30149f75968,1646
intent-vs-fact/arxiv:2608.19014v1/abstract,intent-vs-fact,arxiv-abstracts,arxiv:2608.19014v1,abstract,en,https://arxiv.org/abs/2608.19014v1,c72889da520e3ab28d47b6618ae1bf24204f46243dc71289e10f35492ab1ae4a,1081
intent-vs-fact/arxiv:2608.19025v1/abstract,intent-vs-fact,arxiv-abstracts,arxiv:2608.19025v1,abstract,en,https://arxiv.org/abs/2608.19025v1,de8e7f3f92ada2780209377133a161b2bd11e35fc832285944b947aa35281e1f,1134
intent-vs-fact/arxiv:2608.19026v1/abstract,intent-vs-fact,arxiv-abstracts,arxiv:2608.19026v1,abstract,en,https://arxiv.org/abs/2608.19026v1,9c94383d08e8323ac07cdd3f0464a847a61aef52855759a59a7e2f8088ba8b8c,1684
intent-vs-fact/arxiv:2608.19029v1/abstract,intent-vs-fact,arxiv-abstracts,arxiv:2608.19029v1,abstract,en,https://arxiv.org/abs/2608.19029v1,df3007cdf645e757a971fcc8ccaddb8d89e24ca0e45d53f2c60550fc2eb81b8a,1186
intent-vs-fact/arxiv:2608.19032v2/abstract,intent-vs-fact,arxiv-abstracts,arxiv:2608.19032v2,abstract,en,https://arxiv.org/abs/2608.19032v2,6a7c4e9e9fd2a1f637787817cb920973ec8b76c6a705eef8f00efdb6989ccc5e,1491
intent-vs-fact/arxiv:2608.19043v1/abstract,intent-vs-fact,arxiv-abstracts,arxiv:2608.19043v1,abstract,en,https://arxiv.org/abs/2608.19043v1,928d914b82e9617f332e0b136b10d54b41888aea88ebf7e5c9c52cea34f7fac2,936
intent-vs-fact/arxiv:2608.19047v1/abstract,intent-vs-fact,arxiv-abstracts,arxiv:2608.19047v1,abstract,en,https://arxiv.org/abs/2608.19047v1,f28d7952a23fe553916e0545ff1c313bafed94eab959a4117be0729dfd574335,1473
intent-vs-fact/arxiv:2608.19066v1/abstract,intent-vs-fact,arxiv-abstracts,arxiv:2608.19066v1,abstract,en,https://arxiv.org/abs/2608.19066v1,5a6d455db66a1f683998c0ef1555019d2ff92601e4e673a7bf4413d407a4e7bb,1505
intent-vs-fact/arxiv:2608.19072v1/abstract,intent-vs-fact,arxiv-abstracts,arxiv:2608.19072v1,abstract,en,https://arxiv.org/abs/2608.19072v1,467253365745b391f1e055abf76c44593053c2ccb504a3ddfc80114b2445a7ef,1448
intent-vs-fact/arxiv:2608.19073v1/abstract,intent-vs-fact,arxiv-abstracts,arxiv:2608.19073v1,abstract,en,https://arxiv.org/abs/2608.19073v1,c79c990c781d4028d677ad7e74e6bc59d7f9daa75539bda9edb0b5aa894f7c49,1002
intent-vs-fact/arxiv:2608.19075v1/abstract,intent-vs-fact,arxiv-abstracts,arxiv:2608.19075v1,abstract,en,https://arxiv.org/abs/2608.19075v1,b7508d83874affba608ea42062c36f4f775e50ac3baadfc8856bc6d1b9beea12,1363
intent-vs-fact/arxiv:2608.19083v1/abstract,intent-vs-fact,arxiv-abstracts,arxiv:2608.19083v1,abstract,en,https://arxiv.org/abs/2608.19083v1,53f503e54e5f819d7b769d166b44974d213e9b30f5fab804b71e5d872b657e6d,1889
intent-vs-fact/arxiv:2608.19085v2/abstract,intent-vs-fact,arxiv-abstracts,arxiv:2608.19085v2,abstract,en,https://arxiv.org/abs/2608.19085v2,93222917a2bd435c9c5357dd2823d382ae01c62e7c064ca71d336676cad4f672,1515
intent-vs-fact/arxiv:2608.19088v1/abstract,intent-vs-fact,arxiv-abstracts,arxiv:2608.19088v1,abstract,en,https://arxiv.org/abs/2608.19088v1,19ee3c08f5a1a3a59cc8d679f45f4612fd8315b932ec74448a0951f78434b039,1341
intent-vs-fact/arxiv:2608.19098v1/abstract,intent-vs-fact,arxiv-abstracts,arxiv:2608.19098v1,abstract,en,https://arxiv.org/abs/2608.19098v1,a4db063002ff510d8b8a28e994fb669710b607813b0a6688d5bf72c01a4ae560,1717
intent-vs-fact/arxiv:2608.19119v1/abstract,intent-vs-fact,arxiv-abstracts,arxiv:2608.19119v1,abstract,en,https://arxiv.org/abs/2608.19119v1,e180e49f0cedafd70c67df72d8118932ad210ef406cc2f750b7bc14c8ae43966,1299
intent-vs-fact/arxiv:2608.19121v1/abstract,intent-vs-fact,arxiv-abstracts,arxiv:2608.19121v1,abstract,en,https://arxiv.org/abs/2608.19121v1,8259cf0a22d9e9e4b21c721356103f6d8bf8b8c1b2712364562c3211cda40fa1,1501
intent-vs-fact/arxiv:2608.19125v1/abstract,intent-vs-fact,arxiv-abstracts,arxiv:2608.19125v1,abstract,en,https://arxiv.org/abs/2608.19125v1,2c745cb972c85864b3c30d49ead33b4363618479c8c275e0fbd7c7a2f24d9051,1108
intent-vs-fact/arxiv:2608.19127v1/abstract,intent-vs-fact,arxiv-abstracts,arxiv:2608.19127v1,abstract,en,https://arxiv.org/abs/2608.19127v1,47aca834468ccacea9669394b259499ce8e408f1e7afebe191b1aec68d885811,1342
intent-vs-fact/arxiv:2608.19133v1/abstract,intent-vs-fact,arxiv-abstracts,arxiv:2608.19133v1,abstract,en,https://arxiv.org/abs/2608.19133v1,d73591dfdf92f9b5bcfb35f30d7bb87de579f51305a9a6fc6f94de232f438574,1041
intent-vs-fact/arxiv:2608.19135v1/abstract,intent-vs-fact,arxiv-abstracts,arxiv:2608.19135v1,abstract,en,https://arxiv.org/abs/2608.19135v1,a0edf944496b4cf612966c0e58664b588200c7dd43b51436bc42fa13d6e0d63b,1904
intent-vs-fact/arxiv:2608.19140v1/abstract,intent-vs-fact,arxiv-abstracts,arxiv:2608.19140v1,abstract,en,https://arxiv.org/abs/2608.19140v1,91491346f0f025c3120fca31b8dcee85299df0c81baedca279266513e8a6db45,1901
intent-vs-fact/arxiv:2608.19147v1/abstract,intent-vs-fact,arxiv-abstracts,arxiv:2608.19147v1,abstract,en,https://arxiv.org/abs/2608.19147v1,0e3d53ebcd28ca656dbaea75505b671a1846cf3694eb8eeecdefbaec6cf583f7,1792
intent-vs-fact/arxiv:2608.19161v1/abstract,intent-vs-fact,arxiv-abstracts,arxiv:2608.19161v1,abstract,en,https://arxiv.org/abs/2608.19161v1,41aee3a40cfd14d25249dd46e85b2f84c9ecb4e31ebb2c679db7f3681e4ab6a4,1879
intent-vs-fact/arxiv:2608.19163v2/abstract,intent-vs-fact,arxiv-abstracts,arxiv:2608.19163v2,abstract,en,https://arxiv.org/abs/2608.19163v2,a088633bfaf53e2b2c305801015661c7dc645557f3ab23f022daffd8c6ba6629,1310
intent-vs-fact/arxiv:2608.19165v1/abstract,intent-vs-fact,arxiv-abstracts,arxiv:2608.19165v1,abstract,en,https://arxiv.org/abs/2608.19165v1,7a0a52073ac8f26c40f5f8d63e0509c7c56957ed905248441d532f51a43956b4,1220
intent-vs-fact/arxiv:2608.19174v1/abstract,intent-vs-fact,arxiv-abstracts,arxiv:2608.19174v1,abstract,en,https://arxiv.org/abs/2608.19174v1,2a72511aa40510317fba424286c976a0e07274fdd60ee32823cd98ab7d537ab7,434
intent-vs-fact/arxiv:2608.19181v1/abstract,intent-vs-fact,arxiv-abstracts,arxiv:2608.19181v1,abstract,en,https://arxiv.org/abs/2608.19181v1,83a4447810301be7a30bd0bc2a8c0d888350eea3a2a822b9d25f1d32e1234025,1891
intent-vs-fact/arxiv:2608.19182v1/abstract,intent-vs-fact,arxiv-abstracts,arxiv:2608.19182v1,abstract,en,https://arxiv.org/abs/2608.19182v1,f0bd503ed00f682cf227d547db1bfa4996ee010cb618c6454fa1387d71999b82,1425
intent-vs-fact/arxiv:2608.19197v3/abstract,intent-vs-fact,arxiv-abstracts,arxiv:2608.19197v3,abstract,en,https://arxiv.org/abs/2608.19197v3,d020b20ac602cde0136e67a25288b8764dc8be704fa1dc2f632f8f9941345635,1766
intent-vs-fact/arxiv:2608.19263v1/abstract,intent-vs-fact,arxiv-abstracts,arxiv:2608.19263v1,abstract,en,https://arxiv.org/abs/2608.19263v1,1abe54632f88d8df860e74954d650711587852cd2e7dd04e14a32887601202af,1621
intent-vs-fact/arxiv:2608.19557v1/abstract,intent-vs-fact,arxiv-abstracts,arxiv:2608.19557v1,abstract,en,https://arxiv.org/abs/2608.19557v1,8a5e40bd0fd25af30b194bfd21002d090c6da20de073d2731b930edcd3e1f125,1712
intent-vs-fact/arxiv:2608.19699v1/abstract,intent-vs-fact,arxiv-abstracts,arxiv:2608.19699v1,abstract,en,https://arxiv.org/abs/2608.19699v1,7f37487a7906348fcda5fdc6a129061b058c5d0002edfeb63c96b1d093c305a6,1594
intent-vs-fact/arxiv:2608.19778v1/abstract,intent-vs-fact,arxiv-abstracts,arxiv:2608.19778v1,abstract,en,https://arxiv.org/abs/2608.19778v1,d8c17b31bf0d45735b5141f44d0eaace192a3f29c678d6325720ba66043e4b6d,1099
intent-vs-fact/arxiv:2608.19825v1/abstract,intent-vs-fact,arxiv-abstracts,arxiv:2608.19825v1,abstract,en,https://arxiv.org/abs/2608.19825v1,e598208497fd96851c9cc80930b2d7e92497ed77309f81e25a4ca6adf8f82d55,1887
intent-vs-fact/arxiv:2608.19861v1/abstract,intent-vs-fact,arxiv-abstracts,arxiv:2608.19861v1,abstract,en,https://arxiv.org/abs/2608.19861v1,9a98d9f16e60212e149b16ffc56cabec13f27decfc1e602207bc26f62af67976,1314
intent-vs-fact/arxiv:2608.19875v1/abstract,intent-vs-fact,arxiv-abstracts,arxiv:2608.19875v1,abstract,en,https://arxiv.org/abs/2608.19875v1,b0442df3b0dbf47e9f667e4fd46e07f656c57ebf63280d46bc226cab57588495,1888
intent-vs-fact/arxiv:2608.19880v1/abstract,intent-vs-fact,arxiv-abstracts,arxiv:2608.19880v1,abstract,en,https://arxiv.org/abs/2608.19880v1,c045863051d1fce1de14c3fe2a226d9427370d6652621729e73421f81e9742ca,1424
intent-vs-fact/arxiv:2608.19893v1/abstract,intent-vs-fact,arxiv-abstracts,arxiv:2608.19893v1,abstract,en,https://arxiv.org/abs/2608.19893v1,5f39e61ef56526f5117b0f53ca37863b349aa8804a257759edf1cb64f8bd6ca9,1901
intent-vs-fact/arxiv:2608.19920v1/abstract,intent-vs-fact,arxiv-abstracts,arxiv:2608.19920v1,abstract,en,https://arxiv.org/abs/2608.19920v1,ee7435c5f7e35b6b106930f11e4e72f955dd9b30200c064dd7d34144efee723b,882
intent-vs-fact/arxiv:2608.19942v1/abstract,intent-vs-fact,arxiv-abstracts,arxiv:2608.19942v1,abstract,en,https://arxiv.org/abs/2608.19942v1,00e579b02394dde7d43b7c1ca0ed7ac8c05b5f13a9ebabf09e0b5f9a309f62ba,1593
intent-vs-fact/arxiv:2608.19957v1/abstract,intent-vs-fact,arxiv-abstracts,arxiv:2608.19957v1,abstract,en,https://arxiv.org/abs/2608.19957v1,cd8b3e747c83e5f0d18da61c3fe484fe0dd9461db2e88cc835c28edcb51ae48a,1362
intent-vs-fact/arxiv:2608.19971v1/abstract,intent-vs-fact,arxiv-abstracts,arxiv:2608.19971v1,abstract,en,https://arxiv.org/abs/2608.19971v1,7db3e7c480b6b69e1f96dc3107052b511b8e483f50c371c772ced0933dccd10b,1571
intent-vs-fact/arxiv:2608.19981v1/abstract,intent-vs-fact,arxiv-abstracts,arxiv:2608.19981v1,abstract,en,https://arxiv.org/abs/2608.19981v1,e76f740ab5b1ce1e52275a294a09388ec69f9b4ed9c9e125d37637ed3df6b003,1043
intent-vs-fact/arxiv:2608.20047v1/abstract,intent-vs-fact,arxiv-abstracts,arxiv:2608.20047v1,abstract,en,https://arxiv.org/abs/2608.20047v1,4b1042cc5b16980b3bffbbe1c05368020d9a506f3081202bb6aaf6708214fdf8,1310
intent-vs-fact/arxiv:2608.20054v3/abstract,intent-vs-fact,arxiv-abstracts,arxiv:2608.20054v3,abstract,en,https://arxiv.org/abs/2608.20054v3,0a06d64eaf61b908a038b7a655d341fd1483cd74e232f78a4ad2888cdfe347a0,1919
intent-vs-fact/arxiv:2608.20061v1/abstract,intent-vs-fact,arxiv-abstracts,arxiv:2608.20061v1,abstract,en,https://arxiv.org/abs/2608.20061v1,7d677d46f36982c05d5b9954044cf4cf74833cc026c4edbd704c6c0d5c9845ca,1636
intent-vs-fact/arxiv:2608.20083v1/abstract,intent-vs-fact,arxiv-abstracts,arxiv:2608.20083v1,abstract,en,https://arxiv.org/abs/2608.20083v1,92af93ef85168c752f052d08adc2b0d7bf991c467a0847c46edc6319d07bbe79,812
intent-vs-fact/arxiv:2608.20084v1/abstract,intent-vs-fact,arxiv-abstracts,arxiv:2608.20084v1,abstract,en,https://arxiv.org/abs/2608.20084v1,cfefe7f275406c0d0a7de38a0093b6414e259e1bdbabe64562e50749c295bbaf,1102
intent-vs-fact/arxiv:2608.20087v1/abstract,intent-vs-fact,arxiv-abstracts,arxiv:2608.20087v1,abstract,en,https://arxiv.org/abs/2608.20087v1,b6e4dbbea77c38cb4dd18d4647686b53bf436229c1f51406798a11e6b5622e27,1554
intent-vs-fact/arxiv:2608.20099v1/abstract,intent-vs-fact,arxiv-abstracts,arxiv:2608.20099v1,abstract,en,https://arxiv.org/abs/2608.20099v1,bd37f53f3cd23e688b23a9f5428003c279361715c987ce87f634675900155ae1,878
intent-vs-fact/arxiv:2608.20104v1/abstract,intent-vs-fact,arxiv-abstracts,arxiv:2608.20104v1,abstract,en,https://arxiv.org/abs/2608.20104v1,29e10588f59eeeb1ddc2fd1597bcc129645eed7b48d42d1ee2d972ff51cd2631,1914
intent-vs-fact/arxiv:2608.20106v1/abstract,intent-vs-fact,arxiv-abstracts,arxiv:2608.20106v1,abstract,en,https://arxiv.org/abs/2608.20106v1,96458c2d7b7bbee08d4f861a9c00a19aef747f27eaca27f24a2f2bf659a2aebe,1478
intent-vs-fact/arxiv:2608.20114v2/abstract,intent-vs-fact,arxiv-abstracts,arxiv:2608.20114v2,abstract,en,https://arxiv.org/abs/2608.20114v2,b93ab92ee47cc6794013fc436c3a0070b555f04af71f6aa31abbb28a4c28b954,1333
intent-vs-fact/arxiv:2608.20116v1/abstract,intent-vs-fact,arxiv-abstracts,arxiv:2608.20116v1,abstract,en,https://arxiv.org/abs/2608.20116v1,7466a6bea754b1645c9f652d1df028289fde5831c6517d9584b40e29efc5e9c7,1177
intent-vs-fact/arxiv:2608.20129v2/abstract,intent-vs-fact,arxiv-abstracts,arxiv:2608.20129v2,abstract,en,https://arxiv.org/abs/2608.20129v2,aff0d505de72c18cb5665bea4e614a14cace3dd2f92444c4c8ffb3540290bdcc,1180
intent-vs-fact/arxiv:2608.20153v3/abstract,intent-vs-fact,arxiv-abstracts,arxiv:2608.20153v3,abstract,en,https://arxiv.org/abs/2608.20153v3,518a80356a96cdf2abe339562c0cd8afc8a12409c712302b22f6207372c1dc47,1256
intent-vs-fact/arxiv:2608.20161v1/abstract,intent-vs-fact,arxiv-abstracts,arxiv:2608.20161v1,abstract,en,https://arxiv.org/abs/2608.20161v1,fd0c505696f255ab673404e82cf33a84cb796f2cc846578bc78b451867c9da52,1192
intent-vs-fact/arxiv:2608.20169v2/abstract,intent-vs-fact,arxiv-abstracts,arxiv:2608.20169v2,abstract,en,https://arxiv.org/abs/2608.20169v2,16d92ea7de44c47ffe2ccb91b72dad81a4662a357fa9807c13e05f010bafc476,1602
intent-vs-fact/arxiv:2608.20181v1/abstract,intent-vs-fact,arxiv-abstracts,arxiv:2608.20181v1,abstract,en,https://arxiv.org/abs/2608.20181v1,03ca971afc99905b99fae442530d5faa4491bc7a43d1c8bdf5440f4db8a238dc,1896
intent-vs-fact/arxiv:2608.20187v1/abstract,intent-vs-fact,arxiv-abstracts,arxiv:2608.20187v1,abstract,en,https://arxiv.org/abs/2608.20187v1,5d809363b73f4b0bef3fd5ea96b343e58d41914cb8eaf04d438980551e1e586b,1907
intent-vs-fact/arxiv:2608.20195v1/abstract,intent-vs-fact,arxiv-abstracts,arxiv:2608.20195v1,abstract,en,https://arxiv.org/abs/2608.20195v1,f52ffb0e586081da0de60048374de8ae8e9439885fbcb90f010f226f53f71e30,1919
intent-vs-fact/arxiv:2608.20201v1/abstract,intent-vs-fact,arxiv-abstracts,arxiv:2608.20201v1,abstract,en,https://arxiv.org/abs/2608.20201v1,6a2dfcc47c4d505a97fb1724c7bc7841c838a513b865d96420700bd8d55afaa9,1616
intent-vs-fact/arxiv:2608.20202v1/abstract,intent-vs-fact,arxiv-abstracts,arxiv:2608.20202v1,abstract,en,https://arxiv.org/abs/2608.20202v1,761a309520c69f7bbdcd8a652235ec1cf6c7a86fecb8dfe62a7c503533dc5238,1271
intent-vs-fact/arxiv:2608.20204v1/abstract,intent-vs-fact,arxiv-abstracts,arxiv:2608.20204v1,abstract,en,https://arxiv.org/abs/2608.20204v1,09535a5e3151bf98ba4a6a914aa72fadc8c801d74810271d19aa62eeb4cb7a65,1296
intent-vs-fact/arxiv:2608.20210v1/abstract,intent-vs-fact,arxiv-abstracts,arxiv:2608.20210v1,abstract,en,https://arxiv.org/abs/2608.20210v1,890ce55fed0d1236578524acefbd95bce9a5544bf8c4e6fe65c232c360812b86,1762
intent-vs-fact/arxiv:2608.20218v2/abstract,intent-vs-fact,arxiv-abstracts,arxiv:2608.20218v2,abstract,en,https://arxiv.org/abs/2608.20218v2,14a23def9ffbc0fd5d8c24bdd7d3ad310344516f43ae16a5b9daaf150c412af3,1882
intent-vs-fact/arxiv:2608.20220v1/abstract,intent-vs-fact,arxiv-abstracts,arxiv:2608.20220v1,abstract,en,https://arxiv.org/abs/2608.20220v1,902ab453f96c44520625ce23788acfc93fbd061100288b6a63b70aa58339fcfc,1101
intent-vs-fact/arxiv:2608.20229v1/abstract,intent-vs-fact,arxiv-abstracts,arxiv:2608.20229v1,abstract,en,https://arxiv.org/abs/2608.20229v1,2080b9239d05facb8a857056eabc2c759952f19574fd2c11b6357084e441a4cf,1915
intent-vs-fact/arxiv:2608.20231v1/abstract,intent-vs-fact,arxiv-abstracts,arxiv:2608.20231v1,abstract,en,https://arxiv.org/abs/2608.20231v1,9321e085d341c8d085cdc69e8e5ae2d15180a0a1124934209123bea8e7251927,1877
intent-vs-fact/arxiv:2608.20237v1/abstract,intent-vs-fact,arxiv-abstracts,arxiv:2608.20237v1,abstract,en,https://arxiv.org/abs/2608.20237v1,86e6259fe2eca064414314ec1c521201eb7a14588c55094eb235024581ea2ed1,1653
intent-vs-fact/arxiv:2608.20240v1/abstract,intent-vs-fact,arxiv-abstracts,arxiv:2608.20240v1,abstract,en,https://arxiv.org/abs/2608.20240v1,4b70b0fcabcc6f98a6ad339c2686d74fedbe0dc4340466f9882941b82270fcef,1566
intent-vs-fact/arxiv:2608.20256v2/abstract,intent-vs-fact,arxiv-abstracts,arxiv:2608.20256v2,abstract,en,https://arxiv.org/abs/2608.20256v2,216b595763c693ebe8d592cba0d12c9da71f4a556fce6f2cfcbc42a8d15f0ea0,1582
intent-vs-fact/arxiv:2608.20271v1/abstract,intent-vs-fact,arxiv-abstracts,arxiv:2608.20271v1,abstract,en,https://arxiv.org/abs/2608.20271v1,d5f647dbab20acdbd05300688720f85a5838629cc5807db3b4830b4482ccb181,1387
intent-vs-fact/arxiv:2608.20274v1/abstract,intent-vs-fact,arxiv-abstracts,arxiv:2608.20274v1,abstract,en,https://arxiv.org/abs/2608.20274v1,18bec6a9c4b0b7382215250a5afe09056327f6308711b8719070b6c4d6198fd4,1460
intent-vs-fact/arxiv:2608.20281v1/abstract,intent-vs-fact,arxiv-abstracts,arxiv:2608.20281v1,abstract,en,https://arxiv.org/abs/2608.20281v1,b7a575dbd6131e3d0c9dfe28640d44d2702e5198a8164dac1059d92e5f027170,1521
intent-vs-fact/arxiv:2608.20290v1/abstract,intent-vs-fact,arxiv-abstracts,arxiv:2608.20290v1,abstract,en,https://arxiv.org/abs/2608.20290v1,a55a5f6392f7cdf3dbfe1c61c6c8e3e919bf70161758389b8afa130e2ed6dfe6,1905
intent-vs-fact/arxiv:2608.20314v1/abstract,intent-vs-fact,arxiv-abstracts,arxiv:2608.20314v1,abstract,en,https://arxiv.org/abs/2608.20314v1,6aaa9e14dc0ac08ce49f9c9f2d8a853f21fb0cc62caed744edeb123b969b7589,1290
intent-vs-fact/arxiv:2608.20316v2/abstract,intent-vs-fact,arxiv-abstracts,arxiv:2608.20316v2,abstract,en,https://arxiv.org/abs/2608.20316v2,237d679ff768762c8835d4f6619685809a8b10480eaffeb1b29533a7733efbfa,1638
intent-vs-fact/arxiv:2608.20318v1/abstract,intent-vs-fact,arxiv-abstracts,arxiv:2608.20318v1,abstract,en,https://arxiv.org/abs/2608.20318v1,1d1d8795424c2fb13f31ccb695c2c137fe367d7b27a4d0ec6ef3eef20dfa4cf9,1917
intent-vs-fact/arxiv:2608.20319v1/abstract,intent-vs-fact,arxiv-abstracts,arxiv:2608.20319v1,abstract,en,https://arxiv.org/abs/2608.20319v1,a85b3a99d551fcdffdd306d839b39cdfbe7f0f7654aa9adbf81f939aa874e3b9,1384
intent-vs-fact/arxiv:2608.20320v1/abstract,intent-vs-fact,arxiv-abstracts,arxiv:2608.20320v1,abstract,en,https://arxiv.org/abs/2608.20320v1,e36831f90522db2aa319b262c1ae34793c029803a934c69b7837a135ca788e7c,1790
intent-vs-fact/arxiv:2608.20331v1/abstract,intent-vs-fact,arxiv-abstracts,arxiv:2608.20331v1,abstract,en,https://arxiv.org/abs/2608.20331v1,233712ebaa412ed4c57dd974cf91af1c9707bcb296074bf67730f425be2a5046,1667
intent-vs-fact/arxiv:2608.20338v1/abstract,intent-vs-fact,arxiv-abstracts,arxiv:2608.20338v1,abstract,en,https://arxiv.org/abs/2608.20338v1,15c340717657d159247e5081c50d8de915198d1414e9ed9f953f7d34d9bf851e,1795
intent-vs-fact/arxiv:2608.20438v1/abstract,intent-vs-fact,arxiv-abstracts,arxiv:2608.20438v1,abstract,en,https://arxiv.org/abs/2608.20438v1,dea824181556c3da09bf301a935b8bef5f153f667ab1950763261bdcc780d542,1787
intent-vs-fact/arxiv:2608.20494v1/abstract,intent-vs-fact,arxiv-abstracts,arxiv:2608.20494v1,abstract,en,https://arxiv.org/abs/2608.20494v1,763da9200a91809ee35cb6591f6619891eea0b19bb9a9888eb8d5082fd1b61ed,1232
intent-vs-fact/arxiv:2608.20856v1/abstract,intent-vs-fact,arxiv-abstracts,arxiv:2608.20856v1,abstract,en,https://arxiv.org/abs/2608.20856v1,eb26a43a98e5c501f2a366d469739971b634023706d1953f1618a59d82ea5b32,983
intent-vs-fact/arxiv:2608.20868v1/abstract,intent-vs-fact,arxiv-abstracts,arxiv:2608.20868v1,abstract,en,https://arxiv.org/abs/2608.20868v1,7d9d760198703ef8e1b748879ed6099959c476ea2fe5c3ebab7296bd1baa8a58,1166
intent-vs-fact/arxiv:2608.20887v2/abstract,intent-vs-fact,arxiv-abstracts,arxiv:2608.20887v2,abstract,en,https://arxiv.org/abs/2608.20887v2,5d415c6012626c4ac0dbf39bb1782a188dad0e16a8230783409088622ccf2f8f,1222
intent-vs-fact/arxiv:2608.20906v1/abstract,intent-vs-fact,arxiv-abstracts,arxiv:2608.20906v1,abstract,en,https://arxiv.org/abs/2608.20906v1,4da03fd7479f49d9b7b47e27ac544b16969e513ecf267e2681f18e1cf965a202,1174
intent-vs-fact/arxiv:2608.20920v2/abstract,intent-vs-fact,arxiv-abstracts,arxiv:2608.20920v2,abstract,en,https://arxiv.org/abs/2608.20920v2,cb5acbd5e5daa22f6a4e82f3704a23516ca80c2f21b9127c168cab6ed2ee5731,1281
intent-vs-fact/arxiv:2608.20925v1/abstract,intent-vs-fact,arxiv-abstracts,arxiv:2608.20925v1,abstract,en,https://arxiv.org/abs/2608.20925v1,3c1b53ad24f68afa101c3410acfadb09c2633fa9cee91055d05faf6de4a13645,1656
intent-vs-fact/arxiv:2608.20927v1/abstract,intent-vs-fact,arxiv-abstracts,arxiv:2608.20927v1,abstract,en,https://arxiv.org/abs/2608.20927v1,df06720c16e768f95a6571093fcea0aba3b7921bd934a62c6ca92d50268568f1,1370
intent-vs-fact/arxiv:2608.20940v1/abstract,intent-vs-fact,arxiv-abstracts,arxiv:2608.20940v1,abstract,en,https://arxiv.org/abs/2608.20940v1,555d15a826b43caf2189502927a8b23fe222d25e2d2e7ae609e5944cfae257bf,1035
intent-vs-fact/arxiv:2608.20953v1/abstract,intent-vs-fact,arxiv-abstracts,arxiv:2608.20953v1,abstract,en,https://arxiv.org/abs/2608.20953v1,905c2aadee1d461644b1b09b2f6851e8a46830e03f82a47b175023aff64bb3a2,1399
intent-vs-fact/arxiv:2608.20961v1/abstract,intent-vs-fact,arxiv-abstracts,arxiv:2608.20961v1,abstract,en,https://arxiv.org/abs/2608.20961v1,d3ea76095c08c5a9352fd0f42adb949d6c9a8913c25237f512c578ca72908ae4,1391
intent-vs-fact/arxiv:2608.20964v1/abstract,intent-vs-fact,arxiv-abstracts,arxiv:2608.20964v1,abstract,en,https://arxiv.org/abs/2608.20964v1,0c78ae8857da4b92640cc921009cf19e53cef9b9bf792e2ddcda70de1f0fbce7,595
intent-vs-fact/arxiv:2608.20984v1/abstract,intent-vs-fact,arxiv-abstracts,arxiv:2608.20984v1,abstract,en,https://arxiv.org/abs/2608.20984v1,def7cba5f8cfbcf6062d9251e82eb43c4c3764d2d295ea5035f13e975e087d66,1135
intent-vs-fact/arxiv:2608.21019v1/abstract,intent-vs-fact,arxiv-abstracts,arxiv:2608.21019v1,abstract,en,https://arxiv.org/abs/2608.21019v1,40af9c9312208194ba7d988ba1d6d80fce5c44e7950683ab083337cf04de5f3f,1443
intent-vs-fact/arxiv:2608.21021v1/abstract,intent-vs-fact,arxiv-abstracts,arxiv:2608.21021v1,abstract,en,https://arxiv.org/abs/2608.21021v1,5a66c94e6e394cffea6c6eb6542efe904f0a57298174a2b2986709115fdbae23,1715
intent-vs-fact/arxiv:2608.21023v1/abstract,intent-vs-fact,arxiv-abstracts,arxiv:2608.21023v1,abstract,en,https://arxiv.org/abs/2608.21023v1,8452b7f8feb786faf437922612f36af908c2e46ed85b07e536dd743f65c4945f,1292
intent-vs-fact/arxiv:2608.21030v1/abstract,intent-vs-fact,arxiv-abstracts,arxiv:2608.21030v1,abstract,en,https://arxiv.org/abs/2608.21030v1,24adf10b1dd73fb6f0c59f166eec04f53eb6188c3091a3592d12e7bc75eddf49,1464
intent-vs-fact/arxiv:2608.21043v1/abstract,intent-vs-fact,arxiv-abstracts,arxiv:2608.21043v1,abstract,en,https://arxiv.org/abs/2608.21043v1,2269e77d3dda80dd4f4605843c92e0483afa6f4c8098a68532fcf20d6b7f5d12,1777
intent-vs-fact/arxiv:2608.21074v1/abstract,intent-vs-fact,arxiv-abstracts,arxiv:2608.21074v1,abstract,en,https://arxiv.org/abs/2608.21074v1,142b89eb73423c16aeccd9089621d7e90f419bebd87298b93e92b435689af29f,1306
intent-vs-fact/arxiv:2608.21087v1/abstract,intent-vs-fact,arxiv-abstracts,arxiv:2608.21087v1,abstract,en,https://arxiv.org/abs/2608.21087v1,f4da3eaea365e2e6c61d03d70ba617ee632bf044823fec5fe687c1372815ce8b,1733
intent-vs-fact/arxiv:2608.21088v1/abstract,intent-vs-fact,arxiv-abstracts,arxiv:2608.21088v1,abstract,en,https://arxiv.org/abs/2608.21088v1,18cf296192fe642c73a1540ca41c7098e8b4570c2f582dd67ffa024207dee593,1367
intent-vs-fact/arxiv:2608.21095v1/abstract,intent-vs-fact,arxiv-abstracts,arxiv:2608.21095v1,abstract,en,https://arxiv.org/abs/2608.21095v1,a46d6ee604aa51d655a17bf3c962376977c8a0d9bd2edb7e6a2746a472bd854d,1833
intent-vs-fact/arxiv:2608.21156v2/abstract,intent-vs-fact,arxiv-abstracts,arxiv:2608.21156v2,abstract,en,https://arxiv.org/abs/2608.21156v2,24e07d05444c014f48bf7033006e4206c65cdac46249cbfdc936f0fb5f68f82a,1918
intent-vs-fact/arxiv:2608.21157v1/abstract,intent-vs-fact,arxiv-abstracts,arxiv:2608.21157v1,abstract,en,https://arxiv.org/abs/2608.21157v1,6fb5eca7c2cde4a446c8cf1f7293d7e9835ee1197deaead8a2e5e4eeae3ccf7b,1357
intent-vs-fact/arxiv:2608.21159v1/abstract,intent-vs-fact,arxiv-abstracts,arxiv:2608.21159v1,abstract,en,https://arxiv.org/abs/2608.21159v1,db1e68d021d8efcb0c6a6be0afab72bbf3c97429317d2cd1433e4f164a3e1efd,1808
intent-vs-fact/arxiv:2608.21170v2/abstract,intent-vs-fact,arxiv-abstracts,arxiv:2608.21170v2,abstract,en,https://arxiv.org/abs/2608.21170v2,7e540586e3ec807b78673ac31f8337182ef090033a6b4418db6a217383c44d07,1213
intent-vs-fact/arxiv:2608.21174v1/abstract,intent-vs-fact,arxiv-abstracts,arxiv:2608.21174v1,abstract,en,https://arxiv.org/abs/2608.21174v1,7a3385a152c54866488a0221a148e5b27db053b26d6a72e39694ea17f177b50b,1877
intent-vs-fact/arxiv:2608.21175v1/abstract,intent-vs-fact,arxiv-abstracts,arxiv:2608.21175v1,abstract,en,https://arxiv.org/abs/2608.21175v1,be8855ebef4e4e6b6e46d33c56a75df9308bfcaa042331f901fc76c3d17d519b,1409
intent-vs-fact/arxiv:2608.21176v1/abstract,intent-vs-fact,arxiv-abstracts,arxiv:2608.21176v1,abstract,en,https://arxiv.org/abs/2608.21176v1,ade492442edc6cd7f6adcb08d7ebac8a5b846a5103d53cf9c785dfa0b964b711,1331
intent-vs-fact/arxiv:2608.21187v2/abstract,intent-vs-fact,arxiv-abstracts,arxiv:2608.21187v2,abstract,en,https://arxiv.org/abs/2608.21187v2,49f7311182ae3e5b0cf1e4556c7ef850dfbb0a84d0309426130ea8517d213a6f,1900
intent-vs-fact/arxiv:2608.21189v1/abstract,intent-vs-fact,arxiv-abstracts,arxiv:2608.21189v1,abstract,en,https://arxiv.org/abs/2608.21189v1,1b68c74eb0eb8437663f5098df68f2bc0a5841516323394711c570f6e1cfa559,1787
intent-vs-fact/arxiv:2608.21203v1/abstract,intent-vs-fact,arxiv-abstracts,arxiv:2608.21203v1,abstract,en,https://arxiv.org/abs/2608.21203v1,05955cfff9de1ed060ba2be4647ac8be55fbb2d01328b816429278426e600a79,1397
intent-vs-fact/arxiv:2608.21206v1/abstract,intent-vs-fact,arxiv-abstracts,arxiv:2608.21206v1,abstract,en,https://arxiv.org/abs/2608.21206v1,12755c79a23b8a88f96cf9ca56792a483a263de77b4a15ecffa1537f813b5b06,889
intent-vs-fact/arxiv:2608.21207v1/abstract,intent-vs-fact,arxiv-abstracts,arxiv:2608.21207v1,abstract,en,https://arxiv.org/abs/2608.21207v1,8f71e209e45a1d769e5371f7d7c8381d59170b90e7f982e51f3236c673cd5118,1805
intent-vs-fact/arxiv:2608.21208v1/abstract,intent-vs-fact,arxiv-abstracts,arxiv:2608.21208v1,abstract,en,https://arxiv.org/abs/2608.21208v1,731a321ca039a36c80f61f850e2df7b143d0ecde4d07c9208bc9a57835aa1fea,1720
intent-vs-fact/arxiv:2608.21209v1/abstract,intent-vs-fact,arxiv-abstracts,arxiv:2608.21209v1,abstract,en,https://arxiv.org/abs/2608.21209v1,fdd5141ce1277ed8ade056bf24443bb13b310b6f0bb9f5b91ccc2f563e3c7d5c,1219
intent-vs-fact/arxiv:2608.21218v1/abstract,intent-vs-fact,arxiv-abstracts,arxiv:2608.21218v1,abstract,en,https://arxiv.org/abs/2608.21218v1,2cdc77d42662bf99a2f6b4a6fbd1b183bac42ccd68aa98f2b50f87f1e21cdcc3,1187
intent-vs-fact/arxiv:2608.21224v1/abstract,intent-vs-fact,arxiv-abstracts,arxiv:2608.21224v1,abstract,en,https://arxiv.org/abs/2608.21224v1,6dc384bd755e9a51fd4176d4fc5dbf8faaaaa11fa2c0fa4784035a2fbe9c4ff4,1058
intent-vs-fact/arxiv:2608.21230v1/abstract,intent-vs-fact,arxiv-abstracts,arxiv:2608.21230v1,abstract,en,https://arxiv.org/abs/2608.21230v1,a95b7142ac14ffc8b31d2043cfa317ab07a867fe30064008bf7de32b8cebc50e,1548
intent-vs-fact/arxiv:2608.21233v1/abstract,intent-vs-fact,arxiv-abstracts,arxiv:2608.21233v1,abstract,en,https://arxiv.org/abs/2608.21233v1,f752459390b8ad045bed29b4974b54858825a197288553da88264c1c11afc16c,1555
intent-vs-fact/arxiv:2608.21236v1/abstract,intent-vs-fact,arxiv-abstracts,arxiv:2608.21236v1,abstract,en,https://arxiv.org/abs/2608.21236v1,c1bfef85aabb55eae92547474ff369c9750e772db867ac13be7b92121ec8faca,1499
intent-vs-fact/arxiv:2608.21242v1/abstract,intent-vs-fact,arxiv-abstracts,arxiv:2608.21242v1,abstract,en,https://arxiv.org/abs/2608.21242v1,df0b553c071222ccc75b84a22d28c0749e2d524170d72257df2a7201e7c1a44c,1170
intent-vs-fact/arxiv:2608.21243v1/abstract,intent-vs-fact,arxiv-abstracts,arxiv:2608.21243v1,abstract,en,https://arxiv.org/abs/2608.21243v1,652ee35277b9f801397b064ad5f3e61f301e4ab7eaa4cf7d39e54ec5158dac6a,1505
intent-vs-fact/arxiv:2608.21249v1/abstract,intent-vs-fact,arxiv-abstracts,arxiv:2608.21249v1,abstract,en,https://arxiv.org/abs/2608.21249v1,1ce7b99b0510eb7659c7a75c0a30717cc39ab2a95aba0f9de1c688d25c38aa24,1223
intent-vs-fact/arxiv:2608.21252v1/abstract,intent-vs-fact,arxiv-abstracts,arxiv:2608.21252v1,abstract,en,https://arxiv.org/abs/2608.21252v1,362877cca184d60f7f9fb365d75ec01475bdb4029c9a057b06068db6b99c7b41,1305
intent-vs-fact/arxiv:2608.21265v2/abstract,intent-vs-fact,arxiv-abstracts,arxiv:2608.21265v2,abstract,en,https://arxiv.org/abs/2608.21265v2,d5252b5b37d518e385103f7d8cd1b407a36c9d6fac560f3b300c845593c4ee3b,1309
intent-vs-fact/arxiv:2608.21278v1/abstract,intent-vs-fact,arxiv-abstracts,arxiv:2608.21278v1,abstract,en,https://arxiv.org/abs/2608.21278v1,ebebc4f3a5d349fd733b7b4c5859dbfa3833f6c1371fd12e5e01850129515fd0,1181
intent-vs-fact/arxiv:2608.21292v1/abstract,intent-vs-fact,arxiv-abstracts,arxiv:2608.21292v1,abstract,en,https://arxiv.org/abs/2608.21292v1,0f1b8075fb1eb18d003975975b40aa6dd555c9f13f235c9d5f6516348c81ab9e,1805
intent-vs-fact/arxiv:2608.21296v2/abstract,intent-vs-fact,arxiv-abstracts,arxiv:2608.21296v2,abstract,en,https://arxiv.org/abs/2608.21296v2,8e66eda4a05f3b770ecd5aa27f80b6133cf1f9db6d90a55e987d75fb23b8edd0,1303
intent-vs-fact/arxiv:2608.21305v1/abstract,intent-vs-fact,arxiv-abstracts,arxiv:2608.21305v1,abstract,en,https://arxiv.org/abs/2608.21305v1,766ff15c45a3d5f1d6bb3f8274ef8708b4ef5e3e5b009c96cdee918b0abbc675,1082
intent-vs-fact/arxiv:2608.21315v1/abstract,intent-vs-fact,arxiv-abstracts,arxiv:2608.21315v1,abstract,en,https://arxiv.org/abs/2608.21315v1,9975deb10acdc1d41534d24d454a28a5715fd397a2a6df763f60595115ed28d6,1885
intent-vs-fact/arxiv:2608.21317v1/abstract,intent-vs-fact,arxiv-abstracts,arxiv:2608.21317v1,abstract,en,https://arxiv.org/abs/2608.21317v1,b653bf1aca2dff6c29bedd17cb27c452ab208f76097c3f5e3e72efd4b90e50ba,1813
intent-vs-fact/arxiv:2608.21319v1/abstract,intent-vs-fact,arxiv-abstracts,arxiv:2608.21319v1,abstract,en,https://arxiv.org/abs/2608.21319v1,44890e85bdcd1eea087e3d75ccb70a5a779d9d5a6e278bac0ab26cd23bb53433,1398
intent-vs-fact/arxiv:2608.21325v1/abstract,intent-vs-fact,arxiv-abstracts,arxiv:2608.21325v1,abstract,en,https://arxiv.org/abs/2608.21325v1,c77a7ae819a619c31a6c3d58492841fe1650570256d73c8e3fa1eb8b231b061c,1017
intent-vs-fact/arxiv:2608.21332v1/abstract,intent-vs-fact,arxiv-abstracts,arxiv:2608.21332v1,abstract,en,https://arxiv.org/abs/2608.21332v1,9c290ae89f67fbe30642badbff955f048de7e3301ad8ce60f6ae22f0091ae19e,1842
intent-vs-fact/arxiv:2608.21343v1/abstract,intent-vs-fact,arxiv-abstracts,arxiv:2608.21343v1,abstract,en,https://arxiv.org/abs/2608.21343v1,25d310cdcd3ffee99e64b4a02c206f22cf1ff395d26d86c557eb77767d059363,1138
intent-vs-fact/arxiv:2608.21356v2/abstract,intent-vs-fact,arxiv-abstracts,arxiv:2608.21356v2,abstract,en,https://arxiv.org/abs/2608.21356v2,d913a5e430d894f4a7f1083fbb8e447e839ed42f40195e6156f3dbdfdf30a01f,1436
intent-vs-fact/arxiv:2608.21357v2/abstract,intent-vs-fact,arxiv-abstracts,arxiv:2608.21357v2,abstract,en,https://arxiv.org/abs/2608.21357v2,29749df4a30b1eed28faa79544a710e88f5fd8ff1eaa6e17a0d2912cb4a1f67e,1038
intent-vs-fact/arxiv:2608.21359v1/abstract,intent-vs-fact,arxiv-abstracts,arxiv:2608.21359v1,abstract,en,https://arxiv.org/abs/2608.21359v1,987deb730152ac4ea277ac1a5ccdd3bb1f7f7baa5dbf8922c8fc7ea01c5c935d,952
intent-vs-fact/arxiv:2608.21554v1/abstract,intent-vs-fact,arxiv-abstracts,arxiv:2608.21554v1,abstract,en,https://arxiv.org/abs/2608.21554v1,7fbbdb9942b0b16266fc92743965e4bd4eb483497591ec4d3bf8526b2e9ee5d8,1611
intent-vs-fact/arxiv:2608.21712v2/abstract,intent-vs-fact,arxiv-abstracts,arxiv:2608.21712v2,abstract,en,https://arxiv.org/abs/2608.21712v2,992a8446baadad533abaeeea3b6d8ca232f3495417caebd37ceb7052e72fb6c4,1920
intent-vs-fact/arxiv:2608.21790v1/abstract,intent-vs-fact,arxiv-abstracts,arxiv:2608.21790v1,abstract,en,https://arxiv.org/abs/2608.21790v1,18b2541fee382ff04be71a4cb1ecbc232be71bc72acb82a332a6ed5baf44d7fd,1880
intent-vs-fact/arxiv:2608.21918v1/abstract,intent-vs-fact,arxiv-abstracts,arxiv:2608.21918v1,abstract,en,https://arxiv.org/abs/2608.21918v1,40d9ca224147a7e378771111602230a6fb00010d6af77defce3aaba41f6e649f,1280
intent-vs-fact/arxiv:2608.21942v1/abstract,intent-vs-fact,arxiv-abstracts,arxiv:2608.21942v1,abstract,en,https://arxiv.org/abs/2608.21942v1,c502f351c11cb2975f2605b19bea3b9be289428b5ceb225ca626b0d3a7369569,1861
intent-vs-fact/arxiv:2608.22077v1/abstract,intent-vs-fact,arxiv-abstracts,arxiv:2608.22077v1,abstract,en,https://arxiv.org/abs/2608.22077v1,2dcd0aff503b37a98c15cfa4dea6ddbd0935eaabca69cfded8289daa9aca12d4,1054
intent-vs-fact/arxiv:2608.22104v1/abstract,intent-vs-fact,arxiv-abstracts,arxiv:2608.22104v1,abstract,en,https://arxiv.org/abs/2608.22104v1,741783ee09ad0aa8423e9a98119aa2ab4960b9cadbde97fdce2168d14810426b,1714
intent-vs-fact/arxiv:2608.22130v3/abstract,intent-vs-fact,arxiv-abstracts,arxiv:2608.22130v3,abstract,en,https://arxiv.org/abs/2608.22130v3,fbf5915dac013a77f8baf42930661bcac709bd4ac13a915e0e3a2428c935c42a,886
intent-vs-fact/arxiv:2608.22400v2/abstract,intent-vs-fact,arxiv-abstracts,arxiv:2608.22400v2,abstract,en,https://arxiv.org/abs/2608.22400v2,8bcaa99b536e88d665b3a71a955dd7b120ca56c9a813a08b5a681fde562a9aa9,1216
intent-vs-fact/arxiv:2608.22657v1/abstract,intent-vs-fact,arxiv-abstracts,arxiv:2608.22657v1,abstract,en,https://arxiv.org/abs/2608.22657v1,1d03ff1eca6e6f8c6e9fbe8bfe7b47fb6bb9f2a4f173b826fc508c34c099a4c8,1877
intent-vs-fact/arxiv:2608.22808v4/abstract,intent-vs-fact,arxiv-abstracts,arxiv:2608.22808v4,abstract,en,https://arxiv.org/abs/2608.22808v4,57b6e215da38543de59eff2abed39fe755922a6554d46a0330dde462c9c39332,1674
intent-vs-fact/arxiv:2608.22833v1/abstract,intent-vs-fact,arxiv-abstracts,arxiv:2608.22833v1,abstract,en,https://arxiv.org/abs/2608.22833v1,1b7593e6d4ec4e4fa2f9ba4d658f1ec2e2f33b34eb1cf48cd67a0d3519b3a7fa,1034
intent-vs-fact/arxiv:2608.22884v1/abstract,intent-vs-fact,arxiv-abstracts,arxiv:2608.22884v1,abstract,en,https://arxiv.org/abs/2608.22884v1,7a1a0091e8af556af458e8769730911e19f5c1145a33b84d529fbbf8a057e26b,1282
intent-vs-fact/arxiv:2608.23041v1/abstract,intent-vs-fact,arxiv-abstracts,arxiv:2608.23041v1,abstract,en,https://arxiv.org/abs/2608.23041v1,1383622c9750a039497629984495966364c8f59f4a8a5d9cce7282b63c35ca60,1379
intent-vs-fact/arxiv:2608.23244v1/abstract,intent-vs-fact,arxiv-abstracts,arxiv:2608.23244v1,abstract,en,https://arxiv.org/abs/2608.23244v1,fa7faa4c920cd23b759df60ff70d14cbb1b712917054d3e1cbe40855ec853284,1493
intent-vs-fact/arxiv:2608.23248v1/abstract,intent-vs-fact,arxiv-abstracts,arxiv:2608.23248v1,abstract,en,https://arxiv.org/abs/2608.23248v1,245094e170e1b9cae52e1c3098c8221b267040a53162bc20f29f60c368f7498c,1024
intent-vs-fact/arxiv:2608.23252v1/abstract,intent-vs-fact,arxiv-abstracts,arxiv:2608.23252v1,abstract,en,https://arxiv.org/abs/2608.23252v1,1b9cfedb425b57afd6b06654d80085c3b447e2cf7ef3287e6020ede4fd0891c9,1461
intent-vs-fact/arxiv:2608.23261v1/abstract,intent-vs-fact,arxiv-abstracts,arxiv:2608.23261v1,abstract,en,https://arxiv.org/abs/2608.23261v1,d48415d5f9a4cfdf9be2def11605c1d2414938e57ac5ebfe10f45d3cca7edea7,891
intent-vs-fact/arxiv:2608.23263v1/abstract,intent-vs-fact,arxiv-abstracts,arxiv:2608.23263v1,abstract,en,https://arxiv.org/abs/2608.23263v1,ea2d01a89d9c52c2f06dcfdfd36965d6a296ee3a0b42b496354450da7faea32f,1652
intent-vs-fact/arxiv:2608.23264v1/abstract,intent-vs-fact,arxiv-abstracts,arxiv:2608.23264v1,abstract,en,https://arxiv.org/abs/2608.23264v1,0a448368f0a0d9150579df88a02ac81c433066749b1adfbc91f09fd72154d82b,1297
intent-vs-fact/arxiv:2608.23265v1/abstract,intent-vs-fact,arxiv-abstracts,arxiv:2608.23265v1,abstract,en,https://arxiv.org/abs/2608.23265v1,4b3982ae5132da331fe972a482b22bc488bb566ed0f6dd9ffe8d5d2f03ee7a28,1828
intent-vs-fact/arxiv:2608.23271v2/abstract,intent-vs-fact,arxiv-abstracts,arxiv:2608.23271v2,abstract,en,https://arxiv.org/abs/2608.23271v2,b42faaf0a2a30746f8177f59070fe26b47749669e7a96725d7841f2e8187a506,1422
intent-vs-fact/arxiv:2608.23283v2/abstract,intent-vs-fact,arxiv-abstracts,arxiv:2608.23283v2,abstract,en,https://arxiv.org/abs/2608.23283v2,8af41564759c53a5af5abe6734c08a88c6de71d774d7481678748bca267937b8,1398
intent-vs-fact/arxiv:2608.23284v1/abstract,intent-vs-fact,arxiv-abstracts,arxiv:2608.23284v1,abstract,en,https://arxiv.org/abs/2608.23284v1,a1acc8d9d755a956ecc6557b9664cb1042b9d15d8c5be4bf8d7700d8a90d8ee3,1513
intent-vs-fact/arxiv:2608.23311v2/abstract,intent-vs-fact,arxiv-abstracts,arxiv:2608.23311v2,abstract,en,https://arxiv.org/abs/2608.23311v2,a74168016e1b7e7853da411bc4274a0f94726ea3c3fcdd02f43f6edc2644935e,1595
intent-vs-fact/arxiv:2608.23318v1/abstract,intent-vs-fact,arxiv-abstracts,arxiv:2608.23318v1,abstract,en,https://arxiv.org/abs/2608.23318v1,e23aeee43f143f3b71cf5637ed023ec34baaf12caa7d9c41c95f028a6c6bb229,1339
intent-vs-fact/arxiv:2608.23327v1/abstract,intent-vs-fact,arxiv-abstracts,arxiv:2608.23327v1,abstract,en,https://arxiv.org/abs/2608.23327v1,fdaf852f9b9d4aac3902e98f64c9fc40e3cfdc8b998175a3c5fea974e4df1905,1472
intent-vs-fact/arxiv:2608.23338v1/abstract,intent-vs-fact,arxiv-abstracts,arxiv:2608.23338v1,abstract,en,https://arxiv.org/abs/2608.23338v1,848e9c6067c48d19f0b48b76c2cdf032626aee3aa552f9e36d0cbf8f7bd93186,1336
intent-vs-fact/arxiv:2608.23353v1/abstract,intent-vs-fact,arxiv-abstracts,arxiv:2608.23353v1,abstract,en,https://arxiv.org/abs/2608.23353v1,187aa9aff858f96012e7ce6e6be1a0a6716990647c9b03a7528f5fffe7727915,1482
intent-vs-fact/arxiv:2608.23358v1/abstract,intent-vs-fact,arxiv-abstracts,arxiv:2608.23358v1,abstract,en,https://arxiv.org/abs/2608.23358v1,46c92146913da9b827fad6c25f932fc668e718bcac53e05fefcd4f46be22c1fc,1222
intent-vs-fact/arxiv:2608.23390v2/abstract,intent-vs-fact,arxiv-abstracts,arxiv:2608.23390v2,abstract,en,https://arxiv.org/abs/2608.23390v2,2e041b1fbf5ebe6e4e5d6f6f7c0c4038530a920b694c8eb8cb74c71ccedbe2f2,1041
intent-vs-fact/arxiv:2608.23391v2/abstract,intent-vs-fact,arxiv-abstracts,arxiv:2608.23391v2,abstract,en,https://arxiv.org/abs/2608.23391v2,e3cb4c4f53d8b3d64e7dc0d6e9274ab513dfc008ddc9bc5b6d096994e5f7dda5,1359
intent-vs-fact/arxiv:2608.23395v1/abstract,intent-vs-fact,arxiv-abstracts,arxiv:2608.23395v1,abstract,en,https://arxiv.org/abs/2608.23395v1,9aa3685d88bf5df4db96dafee80d25d9ac7b0e3efdb2e86f9a1a7342ec45d572,1913
intent-vs-fact/arxiv:2608.23397v2/abstract,intent-vs-fact,arxiv-abstracts,arxiv:2608.23397v2,abstract,en,https://arxiv.org/abs/2608.23397v2,167bb0868f9c369bb2e418f45fefe181ede86db75a408bb0cd1a5061b5f03a71,1687
intent-vs-fact/arxiv:2608.23400v1/abstract,intent-vs-fact,arxiv-abstracts,arxiv:2608.23400v1,abstract,en,https://arxiv.org/abs/2608.23400v1,b8f9a6f698a30a855ad82a160964583330eba151551ea7e5ff860bf7c10d6e7c,1621
intent-vs-fact/arxiv:2608.23411v1/abstract,intent-vs-fact,arxiv-abstracts,arxiv:2608.23411v1,abstract,en,https://arxiv.org/abs/2608.23411v1,5a3fe23dd602ae82b5f0b7467623dc096472d0952c3bbe23ea133c9fbb714f58,1323
intent-vs-fact/arxiv:2608.23417v1/abstract,intent-vs-fact,arxiv-abstracts,arxiv:2608.23417v1,abstract,en,https://arxiv.org/abs/2608.23417v1,62c8434072fa9bcd3c0a69b78157fba0f68e8bc1d04b1a04d779300de171ffd9,1246
intent-vs-fact/arxiv:2608.23419v2/abstract,intent-vs-fact,arxiv-abstracts,arxiv:2608.23419v2,abstract,en,https://arxiv.org/abs/2608.23419v2,5989c11a72ac33c519c5fdd2e620167abce31e315cd1086872d7ea4b1b12de3f,1144
intent-vs-fact/arxiv:2608.23421v2/abstract,intent-vs-fact,arxiv-abstracts,arxiv:2608.23421v2,abstract,en,https://arxiv.org/abs/2608.23421v2,060bc7f20fc303d2167234ae493caa5af473532d35135c930390e07008164d6d,1548
intent-vs-fact/arxiv:2608.23429v1/abstract,intent-vs-fact,arxiv-abstracts,arxiv:2608.23429v1,abstract,en,https://arxiv.org/abs/2608.23429v1,9dec352ebbb9e469f2f7dfeb868702e1f8281415146317c50a3f9815bc8073dd,1278
intent-vs-fact/arxiv:2608.23435v1/abstract,intent-vs-fact,arxiv-abstracts,arxiv:2608.23435v1,abstract,en,https://arxiv.org/abs/2608.23435v1,67eca79d88ecada97f489af14cc45d21f99664ec18316e22b4d1212007c388fe,1080
intent-vs-fact/arxiv:2608.23446v2/abstract,intent-vs-fact,arxiv-abstracts,arxiv:2608.23446v2,abstract,en,https://arxiv.org/abs/2608.23446v2,15795a85a7f56912c7803e95bab436448563b724439c0767f8598c87f2ebf986,912
intent-vs-fact/arxiv:2608.23448v1/abstract,intent-vs-fact,arxiv-abstracts,arxiv:2608.23448v1,abstract,en,https://arxiv.org/abs/2608.23448v1,e0eb1e1e3bf0dae17a59e74a472c4015ed2b0bf269bddda1a910014bf9613abb,1165
intent-vs-fact/arxiv:2608.23452v1/abstract,intent-vs-fact,arxiv-abstracts,arxiv:2608.23452v1,abstract,en,https://arxiv.org/abs/2608.23452v1,3153d75bbe7a71a122f50f794787ca1c768d557c93f5d415ebc31c7e0529b5f4,1283
intent-vs-fact/arxiv:2608.23469v1/abstract,intent-vs-fact,arxiv-abstracts,arxiv:2608.23469v1,abstract,en,https://arxiv.org/abs/2608.23469v1,5560bcaeaabf5817d6a0e6c5e895a48d3c8ac2622735204b1c26a6c946d838f1,1644
intent-vs-fact/arxiv:2608.23471v1/abstract,intent-vs-fact,arxiv-abstracts,arxiv:2608.23471v1,abstract,en,https://arxiv.org/abs/2608.23471v1,810ccb85ace78b1e50c816ce5c57f0317a0534a282b8dd25784185adf1438cbc,1439
intent-vs-fact/arxiv:2608.23473v2/abstract,intent-vs-fact,arxiv-abstracts,arxiv:2608.23473v2,abstract,en,https://arxiv.org/abs/2608.23473v2,b9b7b7aae8d6e7d6130e6e1871acd4b6523c9e6edf3a12cf32618b233feefc32,1122
intent-vs-fact/arxiv:2608.23474v3/abstract,intent-vs-fact,arxiv-abstracts,arxiv:2608.23474v3,abstract,en,https://arxiv.org/abs/2608.23474v3,57dafe0c639854a330633852a24e4669277c2deea30836113504f41f8beccb8c,1474
intent-vs-fact/arxiv:2608.23475v1/abstract,intent-vs-fact,arxiv-abstracts,arxiv:2608.23475v1,abstract,en,https://arxiv.org/abs/2608.23475v1,65c42880515e843f4b722483556ca72c66a47e69962c73b1c8b88e1340ab93e0,1173
intent-vs-fact/arxiv:2608.23476v1/abstract,intent-vs-fact,arxiv-abstracts,arxiv:2608.23476v1,abstract,en,https://arxiv.org/abs/2608.23476v1,e0f4eb65bf61439eb81d4ff88ce3129939896d5b58588d2d11377d2e1fd40f0f,1240
intent-vs-fact/arxiv:2608.23478v1/abstract,intent-vs-fact,arxiv-abstracts,arxiv:2608.23478v1,abstract,en,https://arxiv.org/abs/2608.23478v1,777fef54c044542fa085ae94eb636eb65e788f173b7475f72706ed5fc9e45dc8,1760
intent-vs-fact/arxiv:2608.23484v1/abstract,intent-vs-fact,arxiv-abstracts,arxiv:2608.23484v1,abstract,en,https://arxiv.org/abs/2608.23484v1,c3e43c6e6c79275426d440f3f68ab056f22d4fce81ae6055792c031978047254,1580
intent-vs-fact/arxiv:2608.23493v1/abstract,intent-vs-fact,arxiv-abstracts,arxiv:2608.23493v1,abstract,en,https://arxiv.org/abs/2608.23493v1,5d7e8514b789856677ddf6f1e8b785331d15d3beea653059b4b12429c7da9db3,1235
intent-vs-fact/arxiv:2608.23497v1/abstract,intent-vs-fact,arxiv-abstracts,arxiv:2608.23497v1,abstract,en,https://arxiv.org/abs/2608.23497v1,4eb3e35a9025ecbeb85a08d2c65b62765b40500e30d544ce93ffb658a15cf3f6,1496
intent-vs-fact/arxiv:2608.23507v1/abstract,intent-vs-fact,arxiv-abstracts,arxiv:2608.23507v1,abstract,en,https://arxiv.org/abs/2608.23507v1,f31cc96be376f0e6ffb1bda087bd8167a814be9aa53ac1a9ee38388d9c9f296a,1712
intent-vs-fact/arxiv:2608.23524v1/abstract,intent-vs-fact,arxiv-abstracts,arxiv:2608.23524v1,abstract,en,https://arxiv.org/abs/2608.23524v1,4461342d82ff2536d8fb6b9bd603006059193b2bc2a5bc89e7a1beb4b3a3f1ab,1002
intent-vs-fact/arxiv:2608.23525v1/abstract,intent-vs-fact,arxiv-abstracts,arxiv:2608.23525v1,abstract,en,https://arxiv.org/abs/2608.23525v1,c6e871e61e2355546ed170feeb4e0ce115c3e88092f74e2e7c22ae3304ff4f7f,1475
intent-vs-fact/arxiv:2608.23526v1/abstract,intent-vs-fact,arxiv-abstracts,arxiv:2608.23526v1,abstract,en,https://arxiv.org/abs/2608.23526v1,c885a23cd18e59d7647dc742ac5cba5ac860fe8930cac101bc352e1bfa80c2fd,891
intent-vs-fact/arxiv:2608.23536v1/abstract,intent-vs-fact,arxiv-abstracts,arxiv:2608.23536v1,abstract,en,https://arxiv.org/abs/2608.23536v1,6bec015324028c57320c6aa23998f4daca099473d8a7ea3821196614132a48a5,1327
intent-vs-fact/arxiv:2608.23541v1/abstract,intent-vs-fact,arxiv-abstracts,arxiv:2608.23541v1,abstract,en,https://arxiv.org/abs/2608.23541v1,932ff5933a84c73f3e936ee3dc16f7a66498c236a13c488ac5a57e27be03e24b,1406
intent-vs-fact/arxiv:2608.23543v1/abstract,intent-vs-fact,arxiv-abstracts,arxiv:2608.23543v1,abstract,en,https://arxiv.org/abs/2608.23543v1,edbccb015b51a2732b5ac86b7967c62f824cd757b296fc5f41f788f189f4788a,1145
intent-vs-fact/arxiv:2608.23551v1/abstract,intent-vs-fact,arxiv-abstracts,arxiv:2608.23551v1,abstract,en,https://arxiv.org/abs/2608.23551v1,cdd619da2668fd5bcfc5d64b1bb86a13a3c9a232913f3e09e936c9649fe7ff50,1213
intent-vs-fact/arxiv:2608.23552v1/abstract,intent-vs-fact,arxiv-abstracts,arxiv:2608.23552v1,abstract,en,https://arxiv.org/abs/2608.23552v1,bf2ce8cb3d6425df590b4038c658fb23cac23feff02b73e3d98283ad6fa1692d,1376
intent-vs-fact/arxiv:2608.23562v1/abstract,intent-vs-fact,arxiv-abstracts,arxiv:2608.23562v1,abstract,en,https://arxiv.org/abs/2608.23562v1,d9ef3012df3a750df5eec7ab2eacdddaa4aea119e69a31f53d6039cf0c6697ec,1465
intent-vs-fact/arxiv:2608.23563v1/abstract,intent-vs-fact,arxiv-abstracts,arxiv:2608.23563v1,abstract,en,https://arxiv.org/abs/2608.23563v1,6a017c5a69c07fa81c24af81a07182491d6781c8d9a4dd783c707e8370c002b6,1735
intent-vs-fact/arxiv:2608.23564v1/abstract,intent-vs-fact,arxiv-abstracts,arxiv:2608.23564v1,abstract,en,https://arxiv.org/abs/2608.23564v1,af06cbf6908613be7cd87733203f1480194858961c6b6b2b6bc44c2eaae9fff3,1905
intent-vs-fact/arxiv:2608.23565v1/abstract,intent-vs-fact,arxiv-abstracts,arxiv:2608.23565v1,abstract,en,https://arxiv.org/abs/2608.23565v1,b48ed1b0f08977efd6d77a6a193ba1fc7518841dab6379418e4c1b103c34d46c,1860
intent-vs-fact/arxiv:2608.23566v2/abstract,intent-vs-fact,arxiv-abstracts,arxiv:2608.23566v2,abstract,en,https://arxiv.org/abs/2608.23566v2,94ba8b158fbc57410c0babf5b9fdee736fdfb74fd20e62fde2cf9815435683fe,1329
intent-vs-fact/arxiv:2608.23622v1/abstract,intent-vs-fact,arxiv-abstracts,arxiv:2608.23622v1,abstract,en,https://arxiv.org/abs/2608.23622v1,a7f451d0db6ea5ef5ce543d1f37506fac83b605f9f9c237e7e31b51e4b3ae724,1361
intent-vs-fact/arxiv:2608.23691v2/abstract,intent-vs-fact,arxiv-abstracts,arxiv:2608.23691v2,abstract,en,https://arxiv.org/abs/2608.23691v2,488ee2654fbb5b4a388b565ef185f9759c55fb9542f93fb28545eda4447f8ec3,1574
intent-vs-fact/arxiv:2608.23867v1/abstract,intent-vs-fact,arxiv-abstracts,arxiv:2608.23867v1,abstract,en,https://arxiv.org/abs/2608.23867v1,75c63f852560f4e9ca35826aa4475d20b8e1cd1110552283ec4e9722a51c21cd,1474
intent-vs-fact/arxiv:2608.23918v1/abstract,intent-vs-fact,arxiv-abstracts,arxiv:2608.23918v1,abstract,en,https://arxiv.org/abs/2608.23918v1,7a4d5e18e0c91f7c434537c10639b086d36f323c5576593fb81ef7f2d83a4cf5,1324
intent-vs-fact/arxiv:2608.23979v1/abstract,intent-vs-fact,arxiv-abstracts,arxiv:2608.23979v1,abstract,en,https://arxiv.org/abs/2608.23979v1,dee1e4f854386bd9d69d4d7e2425b23e18a3729845ed685ad31bb5772cec1a58,1917
intent-vs-fact/arxiv:2608.24069v1/abstract,intent-vs-fact,arxiv-abstracts,arxiv:2608.24069v1,abstract,en,https://arxiv.org/abs/2608.24069v1,ac6c82288020820216bc3f4889b40c79db2421c12f93ee78b04742936c597a23,1564
intent-vs-fact/arxiv:2608.24215v1/abstract,intent-vs-fact,arxiv-abstracts,arxiv:2608.24215v1,abstract,en,https://arxiv.org/abs/2608.24215v1,819d148397d74f62ac4d9393501199bd3538806d0fe258c1fab8175960b77bd9,1552
intent-vs-fact/arxiv:2608.24354v1/abstract,intent-vs-fact,arxiv-abstracts,arxiv:2608.24354v1,abstract,en,https://arxiv.org/abs/2608.24354v1,6682714a55ab72e109ae09d3fb8012577e0ead0990c33ca5ec5b249767a35c1c,1909
intent-vs-fact/arxiv:2608.24360v1/abstract,intent-vs-fact,arxiv-abstracts,arxiv:2608.24360v1,abstract,en,https://arxiv.org/abs/2608.24360v1,77107c0ddc9d4b2bda16381acef7cffde20e4f2245c07adb39c286125f3a8572,1472
intent-vs-fact/arxiv:2608.24400v1/abstract,intent-vs-fact,arxiv-abstracts,arxiv:2608.24400v1,abstract,en,https://arxiv.org/abs/2608.24400v1,506a104f7b26f8a8f09e935979b429b3aecdee357de0d2be08808bd5185d1a11,1025
intent-vs-fact/arxiv:2608.24460v1/abstract,intent-vs-fact,arxiv-abstracts,arxiv:2608.24460v1,abstract,en,https://arxiv.org/abs/2608.24460v1,594f7c83f9dfccd7936221220ce2fc6d28f44b7e11d1cccb00831a32a8e1531f,1392
intent-vs-fact/arxiv:2608.24473v1/abstract,intent-vs-fact,arxiv-abstracts,arxiv:2608.24473v1,abstract,en,https://arxiv.org/abs/2608.24473v1,219956b7c1dff3f6d4493abcd27ae7934ada9651c77978ba7a8724d2933572ca,1570
intent-vs-fact/arxiv:2608.24477v1/abstract,intent-vs-fact,arxiv-abstracts,arxiv:2608.24477v1,abstract,en,https://arxiv.org/abs/2608.24477v1,db588f11dd4bea42874136725ccb515959b45bfa6f5b655e5ebff7af3d7143ca,1753
intent-vs-fact/arxiv:2608.24482v1/abstract,intent-vs-fact,arxiv-abstracts,arxiv:2608.24482v1,abstract,en,https://arxiv.org/abs/2608.24482v1,94ba79c483895470606e3dfc4977ddc6e9b37e954a9e15d6a5dbc2ff73bd0ebb,1486
intent-vs-fact/arxiv:2608.24492v2/abstract,intent-vs-fact,arxiv-abstracts,arxiv:2608.24492v2,abstract,en,https://arxiv.org/abs/2608.24492v2,d61814f5d9a8a6f40aea9d39e3db3fddf7dc79bd2e856bbafade87d8a50a7312,1369
intent-vs-fact/arxiv:2608.24521v3/abstract,intent-vs-fact,arxiv-abstracts,arxiv:2608.24521v3,abstract,en,https://arxiv.org/abs/2608.24521v3,37fda5cf4e91def9cbc8ad1fa7c59bfed32d0c216804c2a9a1ebc0666030d861,1539
intent-vs-fact/arxiv:2608.24554v1/abstract,intent-vs-fact,arxiv-abstracts,arxiv:2608.24554v1,abstract,en,https://arxiv.org/abs/2608.24554v1,36a10865414fac4c2dd26c4d5cee7855b8be5a9858f10586fd206f0acc00f759,1574
intent-vs-fact/arxiv:2608.24555v1/abstract,intent-vs-fact,arxiv-abstracts,arxiv:2608.24555v1,abstract,en,https://arxiv.org/abs/2608.24555v1,a578b1ae727448c08e2fe75ccd63ca519e59ccbb6fcf7f59cfd050c107a10323,1871
intent-vs-fact/arxiv:2608.24569v1/abstract,intent-vs-fact,arxiv-abstracts,arxiv:2608.24569v1,abstract,en,https://arxiv.org/abs/2608.24569v1,5bcfb7188383f7585c2f3a49a0efc8d63fe80bd797447f6a9424e0216df2fe3f,1783
intent-vs-fact/arxiv:2608.24590v1/abstract,intent-vs-fact,arxiv-abstracts,arxiv:2608.24590v1,abstract,en,https://arxiv.org/abs/2608.24590v1,9f35f739ed51b40bf32a65b6c0bab97a9143697a3c52a792ad9b6c8bb66f1a55,1199
intent-vs-fact/arxiv:2608.24615v1/abstract,intent-vs-fact,arxiv-abstracts,arxiv:2608.24615v1,abstract,en,https://arxiv.org/abs/2608.24615v1,484da00ea9f3ff1db7514f25cc585d4feff3d79b68f3e98f515122db807bcb27,1456
intent-vs-fact/arxiv:2608.24621v2/abstract,intent-vs-fact,arxiv-abstracts,arxiv:2608.24621v2,abstract,en,https://arxiv.org/abs/2608.24621v2,84117976da45020de0b54a55140bfa97ed074950be59895e65e9d207a49025b9,1170
intent-vs-fact/arxiv:2608.24654v1/abstract,intent-vs-fact,arxiv-abstracts,arxiv:2608.24654v1,abstract,en,https://arxiv.org/abs/2608.24654v1,048e971576d2ef356d368041c8cd47d18f9da5a90c51777ceb9d763fd213dd4a,989
intent-vs-fact/arxiv:2608.24660v1/abstract,intent-vs-fact,arxiv-abstracts,arxiv:2608.24660v1,abstract,en,https://arxiv.org/abs/2608.24660v1,2460ba52e2b731241aa996ff3eee762b1090f5f4381ea7f9ec360bdc1f22697b,1355
intent-vs-fact/arxiv:2608.24662v2/abstract,intent-vs-fact,arxiv-abstracts,arxiv:2608.24662v2,abstract,en,https://arxiv.org/abs/2608.24662v2,b511ad339144da46c02c488ca13b0da7c7205dd57ed2d6cef0ea7f0d97d4f6ac,1785
intent-vs-fact/arxiv:2608.24664v1/abstract,intent-vs-fact,arxiv-abstracts,arxiv:2608.24664v1,abstract,en,https://arxiv.org/abs/2608.24664v1,766075f5145018e112e0dc697bb0716a90120f42f4bc907c49507dcc24607126,847
intent-vs-fact/arxiv:2608.24683v1/abstract,intent-vs-fact,arxiv-abstracts,arxiv:2608.24683v1,abstract,en,https://arxiv.org/abs/2608.24683v1,6c6cd9747187927c3579532f0385e6fce32ae3c51a5795ca3588cefb340a3662,1039
intent-vs-fact/arxiv:2608.24691v1/abstract,intent-vs-fact,arxiv-abstracts,arxiv:2608.24691v1,abstract,en,https://arxiv.org/abs/2608.24691v1,938f38b035bc9f8bdbf22c73477a55f83464754b6cd29b31745b2f2b5fcbfb90,1626
intent-vs-fact/arxiv:2608.24696v3/abstract,intent-vs-fact,arxiv-abstracts,arxiv:2608.24696v3,abstract,en,https://arxiv.org/abs/2608.24696v3,71bc581518b4371b0c8a3e61ad820a19070a0d23a2d8222b6dbc159fe1064269,1476
intent-vs-fact/arxiv:2608.24698v1/abstract,intent-vs-fact,arxiv-abstracts,arxiv:2608.24698v1,abstract,en,https://arxiv.org/abs/2608.24698v1,1d5ecda1e5a73a41e9f20510095fb3f124cb3f7c3857390a118ca5e024bc5ddc,1593
intent-vs-fact/arxiv:2608.24707v2/abstract,intent-vs-fact,arxiv-abstracts,arxiv:2608.24707v2,abstract,en,https://arxiv.org/abs/2608.24707v2,9ea4415c595463394fa30a0ce9882ba6c602f42145f2955515a3d6e3bef444fb,1504
intent-vs-fact/arxiv:2608.24712v1/abstract,intent-vs-fact,arxiv-abstracts,arxiv:2608.24712v1,abstract,en,https://arxiv.org/abs/2608.24712v1,c46862a6094d6564764c054231e785e7c77182c6421e8e0a72540b5169074773,1356
intent-vs-fact/arxiv:2608.24713v1/abstract,intent-vs-fact,arxiv-abstracts,arxiv:2608.24713v1,abstract,en,https://arxiv.org/abs/2608.24713v1,5f3c39e93335a942d690bed7f50a82a7062bcc1215a53fa2663a92d46d20ebbd,1265
intent-vs-fact/arxiv:2608.24715v1/abstract,intent-vs-fact,arxiv-abstracts,arxiv:2608.24715v1,abstract,en,https://arxiv.org/abs/2608.24715v1,c94fb0f510340eb470e7b036719c543dfb0ce819b0e6fe6921dde430e776fd0a,1481
intent-vs-fact/arxiv:2608.24721v2/abstract,intent-vs-fact,arxiv-abstracts,arxiv:2608.24721v2,abstract,en,https://arxiv.org/abs/2608.24721v2,6dcb19ca962f564c16dffec4c014aadfd341f87f6740d0b393553f48f59ebb64,1459
intent-vs-fact/arxiv:2608.24726v1/abstract,intent-vs-fact,arxiv-abstracts,arxiv:2608.24726v1,abstract,en,https://arxiv.org/abs/2608.24726v1,651e96efcba0b5fb086d1db95e8aaf96100c59a6b3cafadb937525a84dee67e0,1499
intent-vs-fact/arxiv:2608.24727v1/abstract,intent-vs-fact,arxiv-abstracts,arxiv:2608.24727v1,abstract,en,https://arxiv.org/abs/2608.24727v1,34d20891c0dc330584b196fc08fe081a0bc13acb2446ee37d9fbd0d38dac8b3f,1428
intent-vs-fact/arxiv:2608.24735v1/abstract,intent-vs-fact,arxiv-abstracts,arxiv:2608.24735v1,abstract,en,https://arxiv.org/abs/2608.24735v1,1e3b4c39cbec745ce305b5fd81c8696665b628455c26061159e48e26a60ebc96,1356
intent-vs-fact/arxiv:2608.24742v1/abstract,intent-vs-fact,arxiv-abstracts,arxiv:2608.24742v1,abstract,en,https://arxiv.org/abs/2608.24742v1,ac8ffd654b081e061ba92fb71291cb71be336a2a8b8cf1e769cb8951d980955c,1816
intent-vs-fact/arxiv:2608.24747v1/abstract,intent-vs-fact,arxiv-abstracts,arxiv:2608.24747v1,abstract,en,https://arxiv.org/abs/2608.24747v1,e27c679a02d3cef1b7cad130a19fff459c124e617a2049b261e2a542040b70ba,1137
intent-vs-fact/arxiv:2608.24748v1/abstract,intent-vs-fact,arxiv-abstracts,arxiv:2608.24748v1,abstract,en,https://arxiv.org/abs/2608.24748v1,2f442eb7c6185cda8dea8e66c7c94ff50b99721be9caf0601d15a40e6d7d5aea,1270
intent-vs-fact/arxiv:2608.24753v1/abstract,intent-vs-fact,arxiv-abstracts,arxiv:2608.24753v1,abstract,en,https://arxiv.org/abs/2608.24753v1,6b33cc7d4c94f5187e62f29957ccbb64836c645ac8f0cea2f791429419017e35,1319
intent-vs-fact/arxiv:2608.24758v2/abstract,intent-vs-fact,arxiv-abstracts,arxiv:2608.24758v2,abstract,en,https://arxiv.org/abs/2608.24758v2,860739514a911bfa7d1d58b35005bc7ed70060ec4a67b02e420ab41d3113a436,880
intent-vs-fact/arxiv:2608.24760v1/abstract,intent-vs-fact,arxiv-abstracts,arxiv:2608.24760v1,abstract,en,https://arxiv.org/abs/2608.24760v1,1786b35165bc8fc56ab99ef15a6c9089b21f220d8a8d93da31a02bd6f0ee61fb,1104
intent-vs-fact/arxiv:2608.24762v1/abstract,intent-vs-fact,arxiv-abstracts,arxiv:2608.24762v1,abstract,en,https://arxiv.org/abs/2608.24762v1,60349feec89e7753972f87d4d1a17e46dc4192bb3d8972f70ba7c6d9633bdb06,968
intent-vs-fact/arxiv:2608.24764v1/abstract,intent-vs-fact,arxiv-abstracts,arxiv:2608.24764v1,abstract,en,https://arxiv.org/abs/2608.24764v1,9d76dec99ac3cd82d549f7d86062aeb5d30301deef64d76374c8f37c5125de0f,1877
intent-vs-fact/arxiv:2608.24768v1/abstract,intent-vs-fact,arxiv-abstracts,arxiv:2608.24768v1,abstract,en,https://arxiv.org/abs/2608.24768v1,bc31f15cf5867f24389f28bc53d3838751ad2d90b6ac3af9f47b0e037fc485e3,1531
intent-vs-fact/arxiv:2608.24771v1/abstract,intent-vs-fact,arxiv-abstracts,arxiv:2608.24771v1,abstract,en,https://arxiv.org/abs/2608.24771v1,570eeacfb193bff8884fcbf76a096feb785d2d80e3561ef50ed31e85cf1f6d69,1109
intent-vs-fact/arxiv:2608.24777v1/abstract,intent-vs-fact,arxiv-abstracts,arxiv:2608.24777v1,abstract,en,https://arxiv.org/abs/2608.24777v1,d870e7067a477e5febdce69e944046b997197d2f516f11875932134a1df83b13,1163
intent-vs-fact/arxiv:2608.24780v1/abstract,intent-vs-fact,arxiv-abstracts,arxiv:2608.24780v1,abstract,en,https://arxiv.org/abs/2608.24780v1,89f2ac822b9b29a4ea983c26498a42b715141ee864c8dce667ae5bd1a4ae8572,1481
intent-vs-fact/arxiv:2608.24787v1/abstract,intent-vs-fact,arxiv-abstracts,arxiv:2608.24787v1,abstract,en,https://arxiv.org/abs/2608.24787v1,ea60a13ced1e04953cab9174c5efda2419ab4fd632cfc058fdec9a9f4e842213,1461
intent-vs-fact/arxiv:2608.24790v1/abstract,intent-vs-fact,arxiv-abstracts,arxiv:2608.24790v1,abstract,en,https://arxiv.org/abs/2608.24790v1,701420dab4140501b77a256ee9f8be85308f8dec3058d182eaa3422cdab67caf,1361
intent-vs-fact/arxiv:2608.24794v2/abstract,intent-vs-fact,arxiv-abstracts,arxiv:2608.24794v2,abstract,en,https://arxiv.org/abs/2608.24794v2,c94701194a57928d52c35072601e9630f4f88b37344c62efa33567270e260e9d,1817
intent-vs-fact/arxiv:2608.24804v1/abstract,intent-vs-fact,arxiv-abstracts,arxiv:2608.24804v1,abstract,en,https://arxiv.org/abs/2608.24804v1,677e33431626e22b7ddf78c0b16b6bbcc4accf746d5ede2d9be9c881def406f0,1208
intent-vs-fact/arxiv:2608.24807v1/abstract,intent-vs-fact,arxiv-abstracts,arxiv:2608.24807v1,abstract,en,https://arxiv.org/abs/2608.24807v1,b16abef69b6eb49d403e5b7fbd35fa660222a54e8a7b7b8197182330cd5cd7dc,1466
intent-vs-fact/arxiv:2608.24809v1/abstract,intent-vs-fact,arxiv-abstracts,arxiv:2608.24809v1,abstract,en,https://arxiv.org/abs/2608.24809v1,2444137f48322e1c0fb123e4b42970a0b7853a6836baa80226bfeff29006922e,697
intent-vs-fact/arxiv:2608.24810v1/abstract,intent-vs-fact,arxiv-abstracts,arxiv:2608.24810v1,abstract,en,https://arxiv.org/abs/2608.24810v1,cee00785e3706adc282b1fba3a5a70313ddb9e2b1cede26448168fc462be908c,1841
intent-vs-fact/arxiv:2608.24824v1/abstract,intent-vs-fact,arxiv-abstracts,arxiv:2608.24824v1,abstract,en,https://arxiv.org/abs/2608.24824v1,30735701a01284620e83ab1ef547d67d5aad6eb59680c4d7192f74fbc646fe0a,1568
intent-vs-fact/arxiv:2608.24825v1/abstract,intent-vs-fact,arxiv-abstracts,arxiv:2608.24825v1,abstract,en,https://arxiv.org/abs/2608.24825v1,ae0b0e80aad8dfa7f1c91a564c9a8a225ff94e064a07601880c9de60dbb418a6,1437
intent-vs-fact/arxiv:2608.24842v1/abstract,intent-vs-fact,arxiv-abstracts,arxiv:2608.24842v1,abstract,en,https://arxiv.org/abs/2608.24842v1,51366b7df312f9ddf241ab7286ba3415db749c10fb4f3ca39480404b2e13e3c7,1364
intent-vs-fact/arxiv:2608.24845v1/abstract,intent-vs-fact,arxiv-abstracts,arxiv:2608.24845v1,abstract,en,https://arxiv.org/abs/2608.24845v1,a0eaf56ad28556c4377429e04ccf772422b1e17207bc038c4d24c6690e58ddc2,1048
intent-vs-fact/arxiv:2608.24846v1/abstract,intent-vs-fact,arxiv-abstracts,arxiv:2608.24846v1,abstract,en,https://arxiv.org/abs/2608.24846v1,600122dc6e3fd04bd0ee27ceb16370d8847fe2725b5683c601a1ad990d9bdf20,1077
intent-vs-fact/arxiv:2608.24848v1/abstract,intent-vs-fact,arxiv-abstracts,arxiv:2608.24848v1,abstract,en,https://arxiv.org/abs/2608.24848v1,0d2180e9b1b0c3ae20e32b0b597dc209e363551aaa5031c98504ef08314979a6,1909
intent-vs-fact/arxiv:2608.24870v1/abstract,intent-vs-fact,arxiv-abstracts,arxiv:2608.24870v1,abstract,en,https://arxiv.org/abs/2608.24870v1,c2acbb7bb5e9949e08fec35835179f9b3ffe9e838e8aa24e8a57ba9aee1135db,894
intent-vs-fact/arxiv:2608.24876v1/abstract,intent-vs-fact,arxiv-abstracts,arxiv:2608.24876v1,abstract,en,https://arxiv.org/abs/2608.24876v1,c07524754067877e97e9980b28da83897ad0087ec33531d2c843ef54f78b17f1,1473
intent-vs-fact/arxiv:2608.25215v1/abstract,intent-vs-fact,arxiv-abstracts,arxiv:2608.25215v1,abstract,en,https://arxiv.org/abs/2608.25215v1,7921c983f4e0d35316c364a73af343e3c89bdfbcce008b0d7c5f59c8e654e958,1500
intent-vs-fact/arxiv:2608.25419v1/abstract,intent-vs-fact,arxiv-abstracts,arxiv:2608.25419v1,abstract,en,https://arxiv.org/abs/2608.25419v1,0f1cd37b9739b32a08a4ca14488048fbd338c3b73402c4ab959fdcf46738a669,1363
intent-vs-fact/arxiv:2608.25457v3/abstract,intent-vs-fact,arxiv-abstracts,arxiv:2608.25457v3,abstract,en,https://arxiv.org/abs/2608.25457v3,efa5b028d245d0ca0f1e27eb870854624b2678d44b318a763db92c224a9a4c82,1430
intent-vs-fact/arxiv:2608.25570v1/abstract,intent-vs-fact,arxiv-abstracts,arxiv:2608.25570v1,abstract,en,https://arxiv.org/abs/2608.25570v1,35fa2c94e09b9fbe933122d700e0255cf13ed6a1a51fe09142e1b5fd39c61583,1876
intent-vs-fact/arxiv:2608.25690v1/abstract,intent-vs-fact,arxiv-abstracts,arxiv:2608.25690v1,abstract,en,https://arxiv.org/abs/2608.25690v1,1455844e19baeab33ed4d8a59ed526d48e54a681f4138898c7e41ded2bfb0b14,1414
intent-vs-fact/arxiv:2608.25761v1/abstract,intent-vs-fact,arxiv-abstracts,arxiv:2608.25761v1,abstract,en,https://arxiv.org/abs/2608.25761v1,3f0a7007fb96de8a91152ff3a6544856e12297c8c5d11a6174e23625c7d654d1,1572
intent-vs-fact/arxiv:2608.25768v1/abstract,intent-vs-fact,arxiv-abstracts,arxiv:2608.25768v1,abstract,en,https://arxiv.org/abs/2608.25768v1,f2017bcec5c163448cd5e707335b3913bcd0f7a2dd977dd268b25e12b1d28dcc,1911
intent-vs-fact/arxiv:2608.25770v1/abstract,intent-vs-fact,arxiv-abstracts,arxiv:2608.25770v1,abstract,en,https://arxiv.org/abs/2608.25770v1,0b3ecb39fd78d4d4528808a302a75f4f5952eea352381b7d90618e2eacfccc9f,1242
intent-vs-fact/arxiv:2608.25779v3/abstract,intent-vs-fact,arxiv-abstracts,arxiv:2608.25779v3,abstract,en,https://arxiv.org/abs/2608.25779v3,0dfb049d427ce0cba77396804fd9ceb5b680d5e9863ab8daa5dff02644da84db,1423
intent-vs-fact/arxiv:2608.25824v1/abstract,intent-vs-fact,arxiv-abstracts,arxiv:2608.25824v1,abstract,en,https://arxiv.org/abs/2608.25824v1,457f25dc657950b974c7206acbab6c4e4a1a730c685abb78a067d023cfebfa82,1273
intent-vs-fact/arxiv:2608.25826v2/abstract,intent-vs-fact,arxiv-abstracts,arxiv:2608.25826v2,abstract,en,https://arxiv.org/abs/2608.25826v2,45c4ce3adf225561a3232eb57b71c7ce3d47f9c4365f4b7ecbcd3cd447c1982b,1464
intent-vs-fact/arxiv:2608.25832v1/abstract,intent-vs-fact,arxiv-abstracts,arxiv:2608.25832v1,abstract,en,https://arxiv.org/abs/2608.25832v1,d3c3af0dbcd23bb6a9748f11c4065bbf678faac7dc6ce332830a61c6cbebf9ff,1565
intent-vs-fact/arxiv:2608.25854v1/abstract,intent-vs-fact,arxiv-abstracts,arxiv:2608.25854v1,abstract,en,https://arxiv.org/abs/2608.25854v1,dabcb650a3fb25970e49365105a17d470fa9f6e4139e167680921f249257cce5,1154
intent-vs-fact/arxiv:2608.25869v1/abstract,intent-vs-fact,arxiv-abstracts,arxiv:2608.25869v1,abstract,en,https://arxiv.org/abs/2608.25869v1,c580c359f210ac2409e29b0b447b6b09eefd959deb46b78fb9c2913403f5786a,1882
intent-vs-fact/arxiv:2608.25881v1/abstract,intent-vs-fact,arxiv-abstracts,arxiv:2608.25881v1,abstract,en,https://arxiv.org/abs/2608.25881v1,fa4f9d5f71cf8bd04ae94ccd42105e2200021d855e05a702e79b960fc9772886,1228
intent-vs-fact/arxiv:2608.25894v1/abstract,intent-vs-fact,arxiv-abstracts,arxiv:2608.25894v1,abstract,en,https://arxiv.org/abs/2608.25894v1,194012281cf920981f37de9c0861f093dc6e869ebad0ec6a6516901c7b50e23a,1150
intent-vs-fact/arxiv:2608.25904v3/abstract,intent-vs-fact,arxiv-abstracts,arxiv:2608.25904v3,abstract,en,https://arxiv.org/abs/2608.25904v3,9da47ec7a0c17b9459c02de0812bd965e618be23df3090fea5d518ab2bac638c,1342
intent-vs-fact/arxiv:2608.25910v1/abstract,intent-vs-fact,arxiv-abstracts,arxiv:2608.25910v1,abstract,en,https://arxiv.org/abs/2608.25910v1,6907453e51c2cf59cb912568be38ffb7e4fe83fa43aca4f7439891c42e2403c5,1190
intent-vs-fact/arxiv:2608.25922v2/abstract,intent-vs-fact,arxiv-abstracts,arxiv:2608.25922v2,abstract,en,https://arxiv.org/abs/2608.25922v2,ab9e44eb8f7e7215acd0a17e25f3c47bd2e658aa8cc2912bbfc4ba262fa44b57,1426
intent-vs-fact/arxiv:2608.25926v1/abstract,intent-vs-fact,arxiv-abstracts,arxiv:2608.25926v1,abstract,en,https://arxiv.org/abs/2608.25926v1,0b01b4b9275dd4fe40bc24c6854a3e1821e3ddc7e1a39b135776b27e7cdccb5c,1408
intent-vs-fact/arxiv:2608.25927v1/abstract,intent-vs-fact,arxiv-abstracts,arxiv:2608.25927v1,abstract,en,https://arxiv.org/abs/2608.25927v1,f4de449516c42045b29da03eede73601dd9b636e6c2900bdbf3768e27ba44dff,1569
intent-vs-fact/arxiv:2608.25928v1/abstract,intent-vs-fact,arxiv-abstracts,arxiv:2608.25928v1,abstract,en,https://arxiv.org/abs/2608.25928v1,b93eb15a32bf72231842fd3761c3c534b76368b56e0169ab304cbc7694ecb360,978
intent-vs-fact/arxiv:2608.25934v1/abstract,intent-vs-fact,arxiv-abstracts,arxiv:2608.25934v1,abstract,en,https://arxiv.org/abs/2608.25934v1,21d0080237617cff2e2e09a1e45711c0324ba9444fbfe1bf9a60446cad8b432d,1405
intent-vs-fact/arxiv:2608.25935v1/abstract,intent-vs-fact,arxiv-abstracts,arxiv:2608.25935v1,abstract,en,https://arxiv.org/abs/2608.25935v1,dc1a9278c9ff36c35c3b65bc42200a8e2122c3d723ee85dc7da71f475f523319,1036
intent-vs-fact/arxiv:2608.25936v1/abstract,intent-vs-fact,arxiv-abstracts,arxiv:2608.25936v1,abstract,en,https://arxiv.org/abs/2608.25936v1,c20ac65fde4205130b87bdb11a026db52f6c6859d851b358ea2d50e110688e86,1606
intent-vs-fact/arxiv:2608.25937v2/abstract,intent-vs-fact,arxiv-abstracts,arxiv:2608.25937v2,abstract,en,https://arxiv.org/abs/2608.25937v2,4b4f80cd4b20cde83e959e1e7956aececcc7eb3913d13ba2d4292148748a8f1e,1853
intent-vs-fact/arxiv:2608.25940v2/abstract,intent-vs-fact,arxiv-abstracts,arxiv:2608.25940v2,abstract,en,https://arxiv.org/abs/2608.25940v2,9e4ddcebfdcc341efba2a91142122f8d62550765c53df3e06f74a369ca982bbb,1097
intent-vs-fact/arxiv:2608.25944v2/abstract,intent-vs-fact,arxiv-abstracts,arxiv:2608.25944v2,abstract,en,https://arxiv.org/abs/2608.25944v2,1b09e5a27981d3794b5d87225963c2fc71e85b15a10ac14bc17556de05e90a52,1186
intent-vs-fact/arxiv:2608.25952v2/abstract,intent-vs-fact,arxiv-abstracts,arxiv:2608.25952v2,abstract,en,https://arxiv.org/abs/2608.25952v2,52fa4bb923d5dbf4335c206864c90fa767ca902c7b42d64ec4f7ced8335c43ca,1825
intent-vs-fact/arxiv:2608.25955v1/abstract,intent-vs-fact,arxiv-abstracts,arxiv:2608.25955v1,abstract,en,https://arxiv.org/abs/2608.25955v1,db90bfe49fefd7b748840bafcaf6fcd7a395ad12be3d1d81130aac2f8e0a5658,1912
intent-vs-fact/arxiv:2608.25960v1/abstract,intent-vs-fact,arxiv-abstracts,arxiv:2608.25960v1,abstract,en,https://arxiv.org/abs/2608.25960v1,398a83755e26d20c13155fc85a1ad07de054683e5d638b50be96139a5f3e3ba3,1053
intent-vs-fact/arxiv:2608.25968v1/abstract,intent-vs-fact,arxiv-abstracts,arxiv:2608.25968v1,abstract,en,https://arxiv.org/abs/2608.25968v1,f40864b6f7531d3ab66d1420389cda2de6eb579e4131e7807601998b0ceb27ef,1553
intent-vs-fact/arxiv:2608.25970v1/abstract,intent-vs-fact,arxiv-abstracts,arxiv:2608.25970v1,abstract,en,https://arxiv.org/abs/2608.25970v1,8115697d05f1d6e6868e5c79822e8301d6c4e66f5695e8daa7bf34e272e69360,1846
intent-vs-fact/arxiv:2608.25973v1/abstract,intent-vs-fact,arxiv-abstracts,arxiv:2608.25973v1,abstract,en,https://arxiv.org/abs/2608.25973v1,a6a2f8e9f4f950476fa8cc3cdc7c9d0684de56c8e6c2f753cc2dc58f29cb57c9,1563
intent-vs-fact/arxiv:2608.25976v1/abstract,intent-vs-fact,arxiv-abstracts,arxiv:2608.25976v1,abstract,en,https://arxiv.org/abs/2608.25976v1,dd4843f5a9441735092f2d5ddc59fd962df0f2074f39505dd966ca51cc7d8f58,1119
intent-vs-fact/arxiv:2608.25977v2/abstract,intent-vs-fact,arxiv-abstracts,arxiv:2608.25977v2,abstract,en,https://arxiv.org/abs/2608.25977v2,32c28873f38f19fd5981a02f51eedae63c3c0a3399e42901e801f07c8df8312a,1801
intent-vs-fact/arxiv:2608.25981v1/abstract,intent-vs-fact,arxiv-abstracts,arxiv:2608.25981v1,abstract,en,https://arxiv.org/abs/2608.25981v1,4d3ec0632173d617962a6f780b18e123582e908611406f8b01f15454b45e30a1,1621
intent-vs-fact/arxiv:2608.25986v1/abstract,intent-vs-fact,arxiv-abstracts,arxiv:2608.25986v1,abstract,en,https://arxiv.org/abs/2608.25986v1,7b1524bdc9c06ecf677dfd4b701a57a8fb530be3d1f9845baaa68c5d450c034e,1811
intent-vs-fact/arxiv:2608.25992v2/abstract,intent-vs-fact,arxiv-abstracts,arxiv:2608.25992v2,abstract,en,https://arxiv.org/abs/2608.25992v2,b9553d0ff86528108d3a85cfd2e5c0e4ed06a6835ef4842c29e0273e2e9e7654,1554
intent-vs-fact/arxiv:2608.25999v1/abstract,intent-vs-fact,arxiv-abstracts,arxiv:2608.25999v1,abstract,en,https://arxiv.org/abs/2608.25999v1,bbe60c27b336f999e16b80295f1e3adbb5d49755e50ffd337d41e4bb2a8d4932,1636
intent-vs-fact/arxiv:2608.26004v1/abstract,intent-vs-fact,arxiv-abstracts,arxiv:2608.26004v1,abstract,en,https://arxiv.org/abs/2608.26004v1,de2a32ad7fabd7b8fad50c9180186163fa0bf370010901158f3d9893b260bdb1,1209
intent-vs-fact/arxiv:2608.26005v1/abstract,intent-vs-fact,arxiv-abstracts,arxiv:2608.26005v1,abstract,en,https://arxiv.org/abs/2608.26005v1,68b1a01d27ca3eebd4f7d32fa3ef8dd1753a207945cf93ffa615d8e5dd8dc3a6,1250
intent-vs-fact/arxiv:2608.26008v1/abstract,intent-vs-fact,arxiv-abstracts,arxiv:2608.26008v1,abstract,en,https://arxiv.org/abs/2608.26008v1,ffb846d0c878c3b72af00a7206c98dabfb6bb7893cba2bb69a71bb68f68c1c13,1450
intent-vs-fact/arxiv:2608.26009v1/abstract,intent-vs-fact,arxiv-abstracts,arxiv:2608.26009v1,abstract,en,https://arxiv.org/abs/2608.26009v1,e50fe0bfe75736752a98e69a5f624b6bbf9ca632ed28fbf68cfd4da08ddd3db6,916
intent-vs-fact/arxiv:2608.26019v1/abstract,intent-vs-fact,arxiv-abstracts,arxiv:2608.26019v1,abstract,en,https://arxiv.org/abs/2608.26019v1,180eb968babce1275d53c2c0412575b76897a55a6bf592c87f3fc98285eea358,951
intent-vs-fact/arxiv:2608.26035v1/abstract,intent-vs-fact,arxiv-abstracts,arxiv:2608.26035v1,abstract,en,https://arxiv.org/abs/2608.26035v1,7413399e4c89f1d2ca4b404c74ad3fd4146505f46d6774f6b662889f2102ee95,1523
intent-vs-fact/arxiv:2608.26036v1/abstract,intent-vs-fact,arxiv-abstracts,arxiv:2608.26036v1,abstract,en,https://arxiv.org/abs/2608.26036v1,adfbf78f7f7eab8f2153d8f9eb107b744c1f481fe6926b0074ccbb8457e83dc2,1592
intent-vs-fact/arxiv:2608.26051v1/abstract,intent-vs-fact,arxiv-abstracts,arxiv:2608.26051v1,abstract,en,https://arxiv.org/abs/2608.26051v1,210c64ef32e7cbcb3d9acb6f6e78f3169ca4c2cc6fedc6a846f1fd05d7f253ea,931
intent-vs-fact/arxiv:2608.26052v1/abstract,intent-vs-fact,arxiv-abstracts,arxiv:2608.26052v1,abstract,en,https://arxiv.org/abs/2608.26052v1,44c8707a739c4a39eef2d1841ec3913a154d8b2e97d7dd561e92e7f4f18892cc,1625
intent-vs-fact/arxiv:2608.26053v1/abstract,intent-vs-fact,arxiv-abstracts,arxiv:2608.26053v1,abstract,en,https://arxiv.org/abs/2608.26053v1,784fa822ab1bfe3314ba9edc3010d40b247622859fb7382e880b11ac3e733194,1570
intent-vs-fact/arxiv:2608.26060v1/abstract,intent-vs-fact,arxiv-abstracts,arxiv:2608.26060v1,abstract,en,https://arxiv.org/abs/2608.26060v1,9c4cfe6af22884c6ad68856d349e9e2fd94e94c3d6809697cae91e4bd722cb5e,1335
intent-vs-fact/arxiv:2608.26070v1/abstract,intent-vs-fact,arxiv-abstracts,arxiv:2608.26070v1,abstract,en,https://arxiv.org/abs/2608.26070v1,0dea596132eeda22c9a372ee702eec627a807b86d00b6c9dcfe25f8bfb300c56,1322
intent-vs-fact/arxiv:2608.26074v1/abstract,intent-vs-fact,arxiv-abstracts,arxiv:2608.26074v1,abstract,en,https://arxiv.org/abs/2608.26074v1,9b01d9d623077b6b889965788e52f46541684248e7fdfcf9d028bd40bdb8e37e,1447
intent-vs-fact/arxiv:2608.26081v1/abstract,intent-vs-fact,arxiv-abstracts,arxiv:2608.26081v1,abstract,en,https://arxiv.org/abs/2608.26081v1,6f36e0a4cc34dc8cbd4307068c194711637b0492c68c475045d4395244224587,1825
intent-vs-fact/arxiv:2608.26083v3/abstract,intent-vs-fact,arxiv-abstracts,arxiv:2608.26083v3,abstract,en,https://arxiv.org/abs/2608.26083v3,7ce1f186a7a6aa0e75e2f17c1e477c1d77033eb1156a5f0ce0ad95e4321a0cfb,1075
intent-vs-fact/arxiv:2608.26086v2/abstract,intent-vs-fact,arxiv-abstracts,arxiv:2608.26086v2,abstract,en,https://arxiv.org/abs/2608.26086v2,320660da404f208568303ce35e2120ebe62b2a9ae9ffc263d6eda08a0209f7ad,1609
intent-vs-fact/arxiv:2608.26088v3/abstract,intent-vs-fact,arxiv-abstracts,arxiv:2608.26088v3,abstract,en,https://arxiv.org/abs/2608.26088v3,94b89933816622020d625371070042683faa7085b80ea07379110be90fc789bb,1905
intent-vs-fact/arxiv:2608.26090v1/abstract,intent-vs-fact,arxiv-abstracts,arxiv:2608.26090v1,abstract,en,https://arxiv.org/abs/2608.26090v1,7c76d511c1960867f80b15781feae47281c1992f23751d5cfcc08f658e3653dd,1107
intent-vs-fact/arxiv:2608.26091v1/abstract,intent-vs-fact,arxiv-abstracts,arxiv:2608.26091v1,abstract,en,https://arxiv.org/abs/2608.26091v1,07d6fd6b62b5f3d8dfd5776ced59ecc5911a49ffae9aaa9098b38f462b6b04cd,1147
intent-vs-fact/arxiv:2608.26094v1/abstract,intent-vs-fact,arxiv-abstracts,arxiv:2608.26094v1,abstract,en,https://arxiv.org/abs/2608.26094v1,5158fdccb719d2b7b6d7c30bda81d64508de83280317ce30c3428ab716a18979,1776
intent-vs-fact/arxiv:2608.26095v1/abstract,intent-vs-fact,arxiv-abstracts,arxiv:2608.26095v1,abstract,en,https://arxiv.org/abs/2608.26095v1,d183f55e01e048c7c6e11b7aec1f809cda5396aa8dccdc8ed7c4ff8363c99200,1438
intent-vs-fact/arxiv:2608.26105v2/abstract,intent-vs-fact,arxiv-abstracts,arxiv:2608.26105v2,abstract,en,https://arxiv.org/abs/2608.26105v2,62f4b86c49fa7752dc57e728b166ed5de93419fa26b3333f606db783b7c34da2,1908
intent-vs-fact/arxiv:2608.26221v1/abstract,intent-vs-fact,arxiv-abstracts,arxiv:2608.26221v1,abstract,en,https://arxiv.org/abs/2608.26221v1,23c30e9e8602e07a297385efe79377e04fe62b48541485c980240bb2e1ca542c,972
intent-vs-fact/arxiv:2608.26225v1/abstract,intent-vs-fact,arxiv-abstracts,arxiv:2608.26225v1,abstract,en,https://arxiv.org/abs/2608.26225v1,ef57aef3762d3d366d467debac48fd27604d46315ab4d47074dffcf96b1f0ea8,1791
intent-vs-fact/arxiv:2608.26263v3/abstract,intent-vs-fact,arxiv-abstracts,arxiv:2608.26263v3,abstract,en,https://arxiv.org/abs/2608.26263v3,dbc0e027b09666e94b112faf925860b569c296689a4e741230733fab93e74199,1096
intent-vs-fact/arxiv:2608.26295v1/abstract,intent-vs-fact,arxiv-abstracts,arxiv:2608.26295v1,abstract,en,https://arxiv.org/abs/2608.26295v1,c72a4b6200f30b37f4bd40aa8cb064dd7f065840985434710ab2064ff6e1c398,1913
intent-vs-fact/arxiv:2608.26480v2/abstract,intent-vs-fact,arxiv-abstracts,arxiv:2608.26480v2,abstract,en,https://arxiv.org/abs/2608.26480v2,a1a460132065b08559a031e3a2146ac1f342bf1ef313e92e5420556da1c77961,885
intent-vs-fact/arxiv:2608.26626v1/abstract,intent-vs-fact,arxiv-abstracts,arxiv:2608.26626v1,abstract,en,https://arxiv.org/abs/2608.26626v1,515bb2fd21fd8ff0b35f49a77a0618b8aef37918aacda81ed8250f7fcda58fe1,1358
intent-vs-fact/arxiv:2608.26683v1/abstract,intent-vs-fact,arxiv-abstracts,arxiv:2608.26683v1,abstract,en,https://arxiv.org/abs/2608.26683v1,6bd12eeb7ca82e0539a713a6e93496514fdb16838fd95002feaaabbac33dd66b,1583
intent-vs-fact/arxiv:2608.26759v1/abstract,intent-vs-fact,arxiv-abstracts,arxiv:2608.26759v1,abstract,en,https://arxiv.org/abs/2608.26759v1,973a0f75d33a93cb06a162d824467e48432bb3c2d007ce2fe3e08d3b0afe7616,1804
intent-vs-fact/arxiv:2608.26788v1/abstract,intent-vs-fact,arxiv-abstracts,arxiv:2608.26788v1,abstract,en,https://arxiv.org/abs/2608.26788v1,d1f8a7dca4ffb25b67262881531a2442d3305910e22130be9d14c585d9301adc,1475
intent-vs-fact/arxiv:2608.26849v2/abstract,intent-vs-fact,arxiv-abstracts,arxiv:2608.26849v2,abstract,en,https://arxiv.org/abs/2608.26849v2,49561662a565abaaf5cc1a4658861a248595b82c461b03e7c20b5341d13e1869,1137
intent-vs-fact/arxiv:2608.26896v1/abstract,intent-vs-fact,arxiv-abstracts,arxiv:2608.26896v1,abstract,en,https://arxiv.org/abs/2608.26896v1,840bcd3b72e8db4db48a9ae04fbbe29d0678b6c5110b9103f3be3c86455ae501,1302
intent-vs-fact/arxiv:2608.26939v1/abstract,intent-vs-fact,arxiv-abstracts,arxiv:2608.26939v1,abstract,en,https://arxiv.org/abs/2608.26939v1,35d9bd08c361d0e6519f9bfa894be0b4f089ddf3406c6b4ac3e42471ab56a1cd,1691
intent-vs-fact/arxiv:2608.26990v1/abstract,intent-vs-fact,arxiv-abstracts,arxiv:2608.26990v1,abstract,en,https://arxiv.org/abs/2608.26990v1,342c77d3cc18e786c7a68ab7eebd950ac29f066672a9ff68f1c907ea07a1b6d9,1597
intent-vs-fact/arxiv:2608.27086v2/abstract,intent-vs-fact,arxiv-abstracts,arxiv:2608.27086v2,abstract,en,https://arxiv.org/abs/2608.27086v2,17afc7331ccf26d8d8380648720ca66208a1930371e30993f133bb6cad0841e5,1461
intent-vs-fact/arxiv:2608.27161v1/abstract,intent-vs-fact,arxiv-abstracts,arxiv:2608.27161v1,abstract,en,https://arxiv.org/abs/2608.27161v1,928b0be85c3eb96d98ab78f509de7c84d7f650012f1e54cb04c4ff3e96b8c24a,1074
intent-vs-fact/arxiv:2608.27165v1/abstract,intent-vs-fact,arxiv-abstracts,arxiv:2608.27165v1,abstract,en,https://arxiv.org/abs/2608.27165v1,817b0a45aece0ca1fb3d9938265b7f8efd381d5e0d01c1a888d76171610d82f3,1200
intent-vs-fact/arxiv:2608.27167v2/abstract,intent-vs-fact,arxiv-abstracts,arxiv:2608.27167v2,abstract,en,https://arxiv.org/abs/2608.27167v2,74173807450c11749f08011d0353cbd333762fbf2b2bf85e48d61a3a8fe9ac45,1828
intent-vs-fact/arxiv:2608.27176v2/abstract,intent-vs-fact,arxiv-abstracts,arxiv:2608.27176v2,abstract,en,https://arxiv.org/abs/2608.27176v2,fc3d725c90d2dda07fbf3e17a4279b1ef3d8e44bf7fce7894fe68b095a73c48b,1911
intent-vs-fact/arxiv:2608.27219v1/abstract,intent-vs-fact,arxiv-abstracts,arxiv:2608.27219v1,abstract,en,https://arxiv.org/abs/2608.27219v1,8e1195cf1e5e2f089e78072601fa0fc56e687bab1db884e89ccc4726f4b71a55,1526
intent-vs-fact/arxiv:2608.27225v1/abstract,intent-vs-fact,arxiv-abstracts,arxiv:2608.27225v1,abstract,en,https://arxiv.org/abs/2608.27225v1,93c26684b1813faa8e7bd7fe8560378cfaec31535afc2ce338e39f8318e71ec4,1334
intent-vs-fact/arxiv:2608.27244v1/abstract,intent-vs-fact,arxiv-abstracts,arxiv:2608.27244v1,abstract,en,https://arxiv.org/abs/2608.27244v1,57b3f7038bc2d510cd1f05ff4402cbb3ad6441be398e2e099bec3fbb67b5889d,1601
intent-vs-fact/arxiv:2608.27260v1/abstract,intent-vs-fact,arxiv-abstracts,arxiv:2608.27260v1,abstract,en,https://arxiv.org/abs/2608.27260v1,e2abdcb6a960364845631e0859fcc28a883251c0917c6ad5d3dd68be8bafee3a,1905
intent-vs-fact/arxiv:2608.27265v1/abstract,intent-vs-fact,arxiv-abstracts,arxiv:2608.27265v1,abstract,en,https://arxiv.org/abs/2608.27265v1,081a7c33412209e08c03ef9ef132b39a6d16d440965a510e7a1f6d134c1b8ecc,1507
intent-vs-fact/arxiv:2608.27266v1/abstract,intent-vs-fact,arxiv-abstracts,arxiv:2608.27266v1,abstract,en,https://arxiv.org/abs/2608.27266v1,22f24015fe4245340463bebeb52a4e26e1b3beae3283b5a4f6b62b1f1d96ac1b,1323
intent-vs-fact/arxiv:2608.27268v1/abstract,intent-vs-fact,arxiv-abstracts,arxiv:2608.27268v1,abstract,en,https://arxiv.org/abs/2608.27268v1,eb54a7cc7a0cdf4ca1efb738169df719cf9fa61acd0b216e6c8e8680ed2f8cc6,1645
intent-vs-fact/arxiv:2608.27282v1/abstract,intent-vs-fact,arxiv-abstracts,arxiv:2608.27282v1,abstract,en,https://arxiv.org/abs/2608.27282v1,88fe92ad22f7b3c4027df31ef31876649fcc059f6f6da91c8f8713dc0d6d3769,1053
intent-vs-fact/arxiv:2608.27296v2/abstract,intent-vs-fact,arxiv-abstracts,arxiv:2608.27296v2,abstract,en,https://arxiv.org/abs/2608.27296v2,cec77bf563e87dc88d90e5d5d8aa5c25901d4ed8a9594b3c9f1c8d943eae2726,1308
intent-vs-fact/arxiv:2608.27309v2/abstract,intent-vs-fact,arxiv-abstracts,arxiv:2608.27309v2,abstract,en,https://arxiv.org/abs/2608.27309v2,98adcc27639b8dc413616ff6840ac7c07ec228326097af333c4d7cb9da587515,1346
intent-vs-fact/arxiv:2608.27311v1/abstract,intent-vs-fact,arxiv-abstracts,arxiv:2608.27311v1,abstract,en,https://arxiv.org/abs/2608.27311v1,53512cde5f4bed1d77cbbaf12d3cd2839858d5911312fba5d55c535be078c1c1,1117
intent-vs-fact/arxiv:2608.27334v1/abstract,intent-vs-fact,arxiv-abstracts,arxiv:2608.27334v1,abstract,en,https://arxiv.org/abs/2608.27334v1,9c3bedd5d0398fa2e9133f8a0f45bc712026afdf8f033dd6e2139d8faf23c36c,1189
intent-vs-fact/arxiv:2608.27338v1/abstract,intent-vs-fact,arxiv-abstracts,arxiv:2608.27338v1,abstract,en,https://arxiv.org/abs/2608.27338v1,14971bb630d4c9bdc0e594948da340fa54c7d2091be3e377e048f5203677a3a6,1457
intent-vs-fact/arxiv:2608.27339v3/abstract,intent-vs-fact,arxiv-abstracts,arxiv:2608.27339v3,abstract,en,https://arxiv.org/abs/2608.27339v3,fc1b6863c39fd093e676cb04f22dcbc7e34dd50ec430e967a8ea2bd9f94da5e0,1493
intent-vs-fact/arxiv:2608.27340v1/abstract,intent-vs-fact,arxiv-abstracts,arxiv:2608.27340v1,abstract,en,https://arxiv.org/abs/2608.27340v1,76ff6bb37a176f956409785889731454a5ade23bcf9566d3a1b2a33e3c07944a,1097
intent-vs-fact/arxiv:2608.27343v1/abstract,intent-vs-fact,arxiv-abstracts,arxiv:2608.27343v1,abstract,en,https://arxiv.org/abs/2608.27343v1,95df42feb2455f36534cf09819508f92e845dc4abefb23e49225a4c74adb6436,1676
intent-vs-fact/arxiv:2608.27345v3/abstract,intent-vs-fact,arxiv-abstracts,arxiv:2608.27345v3,abstract,en,https://arxiv.org/abs/2608.27345v3,af2f5971d4bfd3c7c2bc5989da6e932ae12956fec0490306394f0a62e3221105,1438
intent-vs-fact/arxiv:2608.27348v1/abstract,intent-vs-fact,arxiv-abstracts,arxiv:2608.27348v1,abstract,en,https://arxiv.org/abs/2608.27348v1,8b7123ec75df60b76d0e7729b10e57cc35e63a3d032ef0a06990bc7d5b9eb609,1105
intent-vs-fact/arxiv:2608.27358v1/abstract,intent-vs-fact,arxiv-abstracts,arxiv:2608.27358v1,abstract,en,https://arxiv.org/abs/2608.27358v1,90869660c4cbb28f6b884dcd797719a41c7040741733c5916f64032bf189483d,1677
intent-vs-fact/arxiv:2608.27360v1/abstract,intent-vs-fact,arxiv-abstracts,arxiv:2608.27360v1,abstract,en,https://arxiv.org/abs/2608.27360v1,27573872c864a39d35220d58c4965d6f4b613d0025a4ad308b6be238d216be31,979
intent-vs-fact/arxiv:2608.27364v1/abstract,intent-vs-fact,arxiv-abstracts,arxiv:2608.27364v1,abstract,en,https://arxiv.org/abs/2608.27364v1,d6f90aa3194a42e6cad6eafeeadf64a34fa093d61fa072b941a25bf4ab4e0843,1066
intent-vs-fact/arxiv:2608.27365v1/abstract,intent-vs-fact,arxiv-abstracts,arxiv:2608.27365v1,abstract,en,https://arxiv.org/abs/2608.27365v1,0087f4301747ee04280352f4244f66e04b4e851cb322d0fb6c9c5adc7f589eef,1792
intent-vs-fact/arxiv:2608.27366v1/abstract,intent-vs-fact,arxiv-abstracts,arxiv:2608.27366v1,abstract,en,https://arxiv.org/abs/2608.27366v1,86c51e2a2bbd0ff38064a072d0ab148d236ce929260ae13aa6cfdf77cfd791fe,600
intent-vs-fact/arxiv:2608.27367v4/abstract,intent-vs-fact,arxiv-abstracts,arxiv:2608.27367v4,abstract,en,https://arxiv.org/abs/2608.27367v4,be837753ebcd53451e0502b71438d822714b777ea8bdf964ae8ecfc6da5164eb,1786
intent-vs-fact/arxiv:2608.27370v2/abstract,intent-vs-fact,arxiv-abstracts,arxiv:2608.27370v2,abstract,en,https://arxiv.org/abs/2608.27370v2,1e6157e1c5a354a098f93f7f6dd4776d280d8899a7ef211923e8faaabe3d6ace,1843
intent-vs-fact/arxiv:2608.27380v2/abstract,intent-vs-fact,arxiv-abstracts,arxiv:2608.27380v2,abstract,en,https://arxiv.org/abs/2608.27380v2,50e37806f23e4a4605badf97c9fc94ea885257c4c5e935e32e8f929f27cb8501,1106
intent-vs-fact/arxiv:2608.27391v1/abstract,intent-vs-fact,arxiv-abstracts,arxiv:2608.27391v1,abstract,en,https://arxiv.org/abs/2608.27391v1,8bf07c2467c4993d418fefe1e86e86cf97b150bcd29ab58d08936b9adc1798ba,1050
intent-vs-fact/arxiv:2608.27392v1/abstract,intent-vs-fact,arxiv-abstracts,arxiv:2608.27392v1,abstract,en,https://arxiv.org/abs/2608.27392v1,06089886b5c2bade8563818e5db2da0ca2d26c6adc18ab23e108bd9eadde0707,1751
intent-vs-fact/arxiv:2608.27394v3/abstract,intent-vs-fact,arxiv-abstracts,arxiv:2608.27394v3,abstract,en,https://arxiv.org/abs/2608.27394v3,dc25ff9ff024a83c7e231f7ea305fef60b08ab633f1d70d96da3160959f33124,1247
intent-vs-fact/arxiv:2608.27395v1/abstract,intent-vs-fact,arxiv-abstracts,arxiv:2608.27395v1,abstract,en,https://arxiv.org/abs/2608.27395v1,2567214450fc1a4d02aa31721c894aef69e704897c452d6e5c8a892ee8ce613c,1918
intent-vs-fact/arxiv:2608.27397v1/abstract,intent-vs-fact,arxiv-abstracts,arxiv:2608.27397v1,abstract,en,https://arxiv.org/abs/2608.27397v1,a5eec533624e94ed4c45293b8c1024cf3c8ee4f460e37c63cf612f486461eb28,1040
intent-vs-fact/arxiv:2608.27402v1/abstract,intent-vs-fact,arxiv-abstracts,arxiv:2608.27402v1,abstract,en,https://arxiv.org/abs/2608.27402v1,a869d9f086ad62c17259b4a70f3947181aa04ae0e8f495ea6e06fded3c26d084,1610
intent-vs-fact/arxiv:2608.27406v2/abstract,intent-vs-fact,arxiv-abstracts,arxiv:2608.27406v2,abstract,en,https://arxiv.org/abs/2608.27406v2,3fa6dc6577a05d9ab17001ba6e8f3f7c20e0d1b2ec8c5bf372452688e95137ce,1887
intent-vs-fact/arxiv:2608.27409v2/abstract,intent-vs-fact,arxiv-abstracts,arxiv:2608.27409v2,abstract,en,https://arxiv.org/abs/2608.27409v2,ef690a71282cfe10e5478b31b579e161e31a755024229b9462a04ab39d93012a,1494
intent-vs-fact/arxiv:2608.27420v1/abstract,intent-vs-fact,arxiv-abstracts,arxiv:2608.27420v1,abstract,en,https://arxiv.org/abs/2608.27420v1,4fda09516b687672bcb2d90f32a6ae234e7e12bfc45b49a328f77354c8abf7ee,1348
intent-vs-fact/arxiv:2608.27421v1/abstract,intent-vs-fact,arxiv-abstracts,arxiv:2608.27421v1,abstract,en,https://arxiv.org/abs/2608.27421v1,9542e69c7f50419ed2575f392ff30b5b18b85f133b86a5b22852cd246f97f92d,1905
intent-vs-fact/arxiv:2608.27424v1/abstract,intent-vs-fact,arxiv-abstracts,arxiv:2608.27424v1,abstract,en,https://arxiv.org/abs/2608.27424v1,e5d2607b61cc6fe584d06c710897f75928abd84f84b1011b825170de8ddb2142,1381
intent-vs-fact/arxiv:2608.27427v2/abstract,intent-vs-fact,arxiv-abstracts,arxiv:2608.27427v2,abstract,en,https://arxiv.org/abs/2608.27427v2,51daa5177099aed592cbf36c3821208d251195874c93639a73cb0f2881880d4d,1693
intent-vs-fact/arxiv:2608.27428v1/abstract,intent-vs-fact,arxiv-abstracts,arxiv:2608.27428v1,abstract,en,https://arxiv.org/abs/2608.27428v1,b1f46b12566f97d239a134f019dd5fbdab7c0d68406847c664c544f64971a7a0,1833
intent-vs-fact/arxiv:2608.27429v2/abstract,intent-vs-fact,arxiv-abstracts,arxiv:2608.27429v2,abstract,en,https://arxiv.org/abs/2608.27429v2,99f4c8eee39211b10079220bb071f3e5a55d098dd8c27e13e17f6b9c7c6a3e43,1489
intent-vs-fact/arxiv:2608.27439v2/abstract,intent-vs-fact,arxiv-abstracts,arxiv:2608.27439v2,abstract,en,https://arxiv.org/abs/2608.27439v2,2f025db19eec4360d2cede887268a6ee985a103992bb85db0c269bfc5f4de529,1184
intent-vs-fact/arxiv:2608.27442v1/abstract,intent-vs-fact,arxiv-abstracts,arxiv:2608.27442v1,abstract,en,https://arxiv.org/abs/2608.27442v1,d783b6d133764218666c6358640ddc358b4bff43a01e7a6815fb28239c216fab,1895
intent-vs-fact/arxiv:2608.27448v1/abstract,intent-vs-fact,arxiv-abstracts,arxiv:2608.27448v1,abstract,en,https://arxiv.org/abs/2608.27448v1,7d96a4ad452846f4469940c42f4fb5cf77985e0b87b4e23344feaa4bb1364bc3,1330
intent-vs-fact/arxiv:2608.27449v1/abstract,intent-vs-fact,arxiv-abstracts,arxiv:2608.27449v1,abstract,en,https://arxiv.org/abs/2608.27449v1,25b044ce0b67a203ff17d11d88c991e3de4fd02ab3bc2f3bcad2e7a15e55f115,1504
intent-vs-fact/arxiv:2608.27454v1/abstract,intent-vs-fact,arxiv-abstracts,arxiv:2608.27454v1,abstract,en,https://arxiv.org/abs/2608.27454v1,b7bb2e18a38fd631cba56e75dcbe28d724739e8f9f0310d1881473d21bb631bf,1559
intent-vs-fact/arxiv:2608.27455v1/abstract,intent-vs-fact,arxiv-abstracts,arxiv:2608.27455v1,abstract,en,https://arxiv.org/abs/2608.27455v1,0e580e980c7b32c784779ed2b861e429fe08e5ebee2b620d03a9f4cc33585504,1228
intent-vs-fact/arxiv:2608.27843v1/abstract,intent-vs-fact,arxiv-abstracts,arxiv:2608.27843v1,abstract,en,https://arxiv.org/abs/2608.27843v1,6d0b012041d614a079b4c55bc83140fbab598d6cd039cb001fc5539bc3adfe76,1741
intent-vs-fact/arxiv:2608.27856v1/abstract,intent-vs-fact,arxiv-abstracts,arxiv:2608.27856v1,abstract,en,https://arxiv.org/abs/2608.27856v1,9770104c3ac5b631146ad5a9c3ff456435cc4586a790d4953051175fde9e5198,1797
intent-vs-fact/arxiv:2608.27992v1/abstract,intent-vs-fact,arxiv-abstracts,arxiv:2608.27992v1,abstract,en,https://arxiv.org/abs/2608.27992v1,0902de80df3c7e3d911c1c954924f8956d0d10163ae3d5fbbb71e8762bd15544,1235
intent-vs-fact/arxiv:2608.28001v1/abstract,intent-vs-fact,arxiv-abstracts,arxiv:2608.28001v1,abstract,en,https://arxiv.org/abs/2608.28001v1,86626e1cda642f149fc024156a9de8bac556909aabd89c255f8aa56e7d998fc2,1903
intent-vs-fact/arxiv:2608.28021v2/abstract,intent-vs-fact,arxiv-abstracts,arxiv:2608.28021v2,abstract,en,https://arxiv.org/abs/2608.28021v2,5a0775a37b5230a951999f7bf1e80176e11251f697822c9cc59b2d0dbb13ba7c,1899
intent-vs-fact/arxiv:2608.28046v1/abstract,intent-vs-fact,arxiv-abstracts,arxiv:2608.28046v1,abstract,en,https://arxiv.org/abs/2608.28046v1,88c06ea4ebcfa2b2fee6ebd83dab6d37427f5bc2e31033b8586cc0cc31443e80,1056
intent-vs-fact/arxiv:2608.28155v1/abstract,intent-vs-fact,arxiv-abstracts,arxiv:2608.28155v1,abstract,en,https://arxiv.org/abs/2608.28155v1,c2d0d8bfda85b255cc0521e85c72aaface3e109c00a76e06a6f94b51ed38d676,1305
intent-vs-fact/arxiv:2608.28170v1/abstract,intent-vs-fact,arxiv-abstracts,arxiv:2608.28170v1,abstract,en,https://arxiv.org/abs/2608.28170v1,63ce8504bc6a799b0f4c5b03277049ce68a61f0593e17cf703a51c3cb5b62d12,1330
intent-vs-fact/arxiv:2608.28182v1/abstract,intent-vs-fact,arxiv-abstracts,arxiv:2608.28182v1,abstract,en,https://arxiv.org/abs/2608.28182v1,a98c90dd4b305789118ae4ac06695e6704bf32618d7d5853c41a71cea65b7efc,1602
intent-vs-fact/arxiv:2608.28229v1/abstract,intent-vs-fact,arxiv-abstracts,arxiv:2608.28229v1,abstract,en,https://arxiv.org/abs/2608.28229v1,0789cbeba9e5576342e651adddda87a9e774b1f751d7392c870cac9cd3cc9301,947
intent-vs-fact/arxiv:2608.28248v1/abstract,intent-vs-fact,arxiv-abstracts,arxiv:2608.28248v1,abstract,en,https://arxiv.org/abs/2608.28248v1,8fbdf5ad6d0c7ae8640438fd6d458ee75146c06930277272dc33c67354873bb5,1832
intent-vs-fact/arxiv:2608.28283v1/abstract,intent-vs-fact,arxiv-abstracts,arxiv:2608.28283v1,abstract,en,https://arxiv.org/abs/2608.28283v1,40ed38ffae3fc19835626b53ce2a9e8b2a8c81ecf5cf2abad3d4989ae987e456,1511
intent-vs-fact/arxiv:2608.28293v1/abstract,intent-vs-fact,arxiv-abstracts,arxiv:2608.28293v1,abstract,en,https://arxiv.org/abs/2608.28293v1,debae6c9c9a3ee16c52c15f0ae4707024c59a28d33cadea44bf9ade9365bf968,1366
intent-vs-fact/arxiv:2608.28306v1/abstract,intent-vs-fact,arxiv-abstracts,arxiv:2608.28306v1,abstract,en,https://arxiv.org/abs/2608.28306v1,320af9f9b63d052636d3e8450eb27694eabf3ba774c919574f1b26f207b6af5a,1494
intent-vs-fact/arxiv:2608.28312v1/abstract,intent-vs-fact,arxiv-abstracts,arxiv:2608.28312v1,abstract,en,https://arxiv.org/abs/2608.28312v1,789e6bc71b443fda4fda370082da445600c7c85331794e6481d9140259ee7f00,1156
intent-vs-fact/arxiv:2608.28327v1/abstract,intent-vs-fact,arxiv-abstracts,arxiv:2608.28327v1,abstract,en,https://arxiv.org/abs/2608.28327v1,717927d8d573fa724b11f5dbdfaf8983bf5a0b1de75e8f88aee217842cd4094d,1811
intent-vs-fact/arxiv:2608.28329v1/abstract,intent-vs-fact,arxiv-abstracts,arxiv:2608.28329v1,abstract,en,https://arxiv.org/abs/2608.28329v1,de5e932888d6fda75ac64ba11653815a0dfa4395494a11407c3fd3f6ffaac067,1215
intent-vs-fact/arxiv:2608.28378v1/abstract,intent-vs-fact,arxiv-abstracts,arxiv:2608.28378v1,abstract,en,https://arxiv.org/abs/2608.28378v1,a9a9e8b35d2a222d71739c74f3dad86e4fd21c3d5198e044ed8c56128e3899bb,1492
intent-vs-fact/arxiv:2608.28382v2/abstract,intent-vs-fact,arxiv-abstracts,arxiv:2608.28382v2,abstract,en,https://arxiv.org/abs/2608.28382v2,20b741e720fc371f9343c45c18dee13567dfa76ec9a4f6aad04ddaf6622c5db3,1574
intent-vs-fact/arxiv:2608.28383v1/abstract,intent-vs-fact,arxiv-abstracts,arxiv:2608.28383v1,abstract,en,https://arxiv.org/abs/2608.28383v1,07c0ed209b4f8702b0874f39869643f818b9f2f072849efce3b2fd5c3a03b4fa,1092
intent-vs-fact/arxiv:2608.28384v1/abstract,intent-vs-fact,arxiv-abstracts,arxiv:2608.28384v1,abstract,en,https://arxiv.org/abs/2608.28384v1,a22c156da507067573b31e024beae773e504664dc7af52e975bad7f527ec2e23,1013
intent-vs-fact/arxiv:2608.28389v1/abstract,intent-vs-fact,arxiv-abstracts,arxiv:2608.28389v1,abstract,en,https://arxiv.org/abs/2608.28389v1,ccd6632cc3d0d276dd1489aced84a9899e037ca5d143b2f449762375cb3f2fdc,1382
intent-vs-fact/arxiv:2608.28393v2/abstract,intent-vs-fact,arxiv-abstracts,arxiv:2608.28393v2,abstract,en,https://arxiv.org/abs/2608.28393v2,6187df2c770ac582192336d8551d1fe465d4651722c479c4680bc947d9aaa30b,1805
intent-vs-fact/arxiv:2608.28394v1/abstract,intent-vs-fact,arxiv-abstracts,arxiv:2608.28394v1,abstract,en,https://arxiv.org/abs/2608.28394v1,104d674ed7f42666e4becd6bb765557a830618196d5c4940d082d345377c92ad,1900
intent-vs-fact/arxiv:2608.28399v1/abstract,intent-vs-fact,arxiv-abstracts,arxiv:2608.28399v1,abstract,en,https://arxiv.org/abs/2608.28399v1,7d3d95ebf97d4a4640ce2c345da07348f648685d0142eaf5e6b46bd7603cc9ac,1280
intent-vs-fact/arxiv:2608.28402v1/abstract,intent-vs-fact,arxiv-abstracts,arxiv:2608.28402v1,abstract,en,https://arxiv.org/abs/2608.28402v1,40f4f69ded1b4e156e1321ac863cb734a2b0e583a10f0a5e7ac7a0c795ec7878,1257
intent-vs-fact/arxiv:2608.28405v1/abstract,intent-vs-fact,arxiv-abstracts,arxiv:2608.28405v1,abstract,en,https://arxiv.org/abs/2608.28405v1,53c2fa0e19e08f2492cc0fc8c831b068aeff498eb2697e1ff4ad5232cca002e3,1274
intent-vs-fact/arxiv:2608.28407v1/abstract,intent-vs-fact,arxiv-abstracts,arxiv:2608.28407v1,abstract,en,https://arxiv.org/abs/2608.28407v1,84520b2df7ddfd4ee8806b7fd18374d199d652aa85560e707c770adbd9ad1369,1159
intent-vs-fact/arxiv:2608.28411v1/abstract,intent-vs-fact,arxiv-abstracts,arxiv:2608.28411v1,abstract,en,https://arxiv.org/abs/2608.28411v1,b77a18a9f133d945bb1b002b25fee4fab464900861719896a4ea434c45cf1c13,1136
intent-vs-fact/arxiv:2608.28421v1/abstract,intent-vs-fact,arxiv-abstracts,arxiv:2608.28421v1,abstract,en,https://arxiv.org/abs/2608.28421v1,bb779e1536be657fee2de626ca4fae42dffaeb608740bd4acede05a593a773e6,1791
intent-vs-fact/arxiv:2608.28432v1/abstract,intent-vs-fact,arxiv-abstracts,arxiv:2608.28432v1,abstract,en,https://arxiv.org/abs/2608.28432v1,489563de5897ee6a9409a1766119252dbcc0d5313e1fd8808b430b08f46f6912,1676
intent-vs-fact/arxiv:2608.28433v2/abstract,intent-vs-fact,arxiv-abstracts,arxiv:2608.28433v2,abstract,en,https://arxiv.org/abs/2608.28433v2,86b05f7b6193ba9fc17e53e43e792e7f31a9333e82ed17cb7adf6043eb7ed946,1166
intent-vs-fact/arxiv:2608.28439v1/abstract,intent-vs-fact,arxiv-abstracts,arxiv:2608.28439v1,abstract,en,https://arxiv.org/abs/2608.28439v1,dc3cbae4b4a5cbbae24caf186f9ac6081dd771e11a99084738ddbff9d914c656,1887
intent-vs-fact/arxiv:2608.28444v1/abstract,intent-vs-fact,arxiv-abstracts,arxiv:2608.28444v1,abstract,en,https://arxiv.org/abs/2608.28444v1,69735232a92f4aa517bb5417c553ca79267716d263c1b1df6a5069ae0a3579f6,1407
intent-vs-fact/arxiv:2608.28447v1/abstract,intent-vs-fact,arxiv-abstracts,arxiv:2608.28447v1,abstract,en,https://arxiv.org/abs/2608.28447v1,e8dcd7aed70582a5643457d12652d493625a4dac172b76e9cd289ec5f593328e,1416
intent-vs-fact/arxiv:2608.28455v1/abstract,intent-vs-fact,arxiv-abstracts,arxiv:2608.28455v1,abstract,en,https://arxiv.org/abs/2608.28455v1,2adf759b1c8985e29cba9667a4865faec47d0c6bb6fefc9785314bbf06f52f64,1629
intent-vs-fact/arxiv:2608.28458v1/abstract,intent-vs-fact,arxiv-abstracts,arxiv:2608.28458v1,abstract,en,https://arxiv.org/abs/2608.28458v1,e82ccfe4019ba45795d4abadc32f5a2c6485a27afb65b95b84784e1c18a37c6b,1383
intent-vs-fact/arxiv:2608.28461v1/abstract,intent-vs-fact,arxiv-abstracts,arxiv:2608.28461v1,abstract,en,https://arxiv.org/abs/2608.28461v1,9c925d00afd32ba498775655a2892315bd9dfefd1052c168f71081c66f487ecd,1141
intent-vs-fact/arxiv:2608.28467v1/abstract,intent-vs-fact,arxiv-abstracts,arxiv:2608.28467v1,abstract,en,https://arxiv.org/abs/2608.28467v1,6310a7315dbeaeec5ec94d43c47d03755ed75c84805ab4efec832e15d33ac25a,1664
intent-vs-fact/arxiv:2608.28468v1/abstract,intent-vs-fact,arxiv-abstracts,arxiv:2608.28468v1,abstract,en,https://arxiv.org/abs/2608.28468v1,334c330035435ad888742b8cfc79da36ef22eb2e84e62eccce15f6bfb169a391,1449
intent-vs-fact/arxiv:2608.28475v1/abstract,intent-vs-fact,arxiv-abstracts,arxiv:2608.28475v1,abstract,en,https://arxiv.org/abs/2608.28475v1,d6ca7aec829ace25949580ddd24d6d3bf1ff8e7b835cd8589ff972521899fa23,1869
intent-vs-fact/arxiv:2608.28476v1/abstract,intent-vs-fact,arxiv-abstracts,arxiv:2608.28476v1,abstract,en,https://arxiv.org/abs/2608.28476v1,fa5455b83f7d2e6b42aa4bdd933937e643de9bbae0698ba24bb04ece04d985ef,1674
intent-vs-fact/arxiv:2608.28478v1/abstract,intent-vs-fact,arxiv-abstracts,arxiv:2608.28478v1,abstract,en,https://arxiv.org/abs/2608.28478v1,a4f576b1f9ab8453f695395c6640f0de05f565cf3af2df5982ffb1c1d34197c6,1525
intent-vs-fact/arxiv:2608.28481v1/abstract,intent-vs-fact,arxiv-abstracts,arxiv:2608.28481v1,abstract,en,https://arxiv.org/abs/2608.28481v1,098d19c1e93bc8adf2b6b7992d13770acb074900b56807d1dfbd2a9b55a73af1,1743
intent-vs-fact/arxiv:2608.28482v2/abstract,intent-vs-fact,arxiv-abstracts,arxiv:2608.28482v2,abstract,en,https://arxiv.org/abs/2608.28482v2,219a71431e1cabf8b46262de90f659f361970b66fa58a9f5aafdacf0cadb6f0b,993
intent-vs-fact/arxiv:2608.28490v1/abstract,intent-vs-fact,arxiv-abstracts,arxiv:2608.28490v1,abstract,en,https://arxiv.org/abs/2608.28490v1,26d787ec9f2107321c42331fc783be1404fb5e821d0a6f31bc4237ff6d02068e,1710
intent-vs-fact/arxiv:2608.28491v1/abstract,intent-vs-fact,arxiv-abstracts,arxiv:2608.28491v1,abstract,en,https://arxiv.org/abs/2608.28491v1,edf07013a24470461b45bc55a7f71c2cac14335008392a76af1c941bcf6b4516,1739
intent-vs-fact/arxiv:2608.28496v2/abstract,intent-vs-fact,arxiv-abstracts,arxiv:2608.28496v2,abstract,en,https://arxiv.org/abs/2608.28496v2,f5482e70444cf1502cac6a0d9ccf7446504ab4424ed9e23e698751574a395cc7,1260
intent-vs-fact/arxiv:2608.28497v1/abstract,intent-vs-fact,arxiv-abstracts,arxiv:2608.28497v1,abstract,en,https://arxiv.org/abs/2608.28497v1,f757409e21005ee5a4db8381aa1b30160cdfdf2bc8d57dc2d6c6914b686a7f58,1802
intent-vs-fact/arxiv:2608.28508v1/abstract,intent-vs-fact,arxiv-abstracts,arxiv:2608.28508v1,abstract,en,https://arxiv.org/abs/2608.28508v1,6a0845939882fa421da848bbcbc6f4d103695e20de55992adaec62d5e9f0de9f,1343
intent-vs-fact/arxiv:2608.28511v1/abstract,intent-vs-fact,arxiv-abstracts,arxiv:2608.28511v1,abstract,en,https://arxiv.org/abs/2608.28511v1,692e7c05e9aaddb28df07ced428ff3c378aaf0be97fad8157e866170bf7244a4,995
intent-vs-fact/arxiv:2608.28515v1/abstract,intent-vs-fact,arxiv-abstracts,arxiv:2608.28515v1,abstract,en,https://arxiv.org/abs/2608.28515v1,1a2e2ae834de5fe88d4b533ad3d031e628d04f0df92d88b9e26fb69d2c83df6a,1109
intent-vs-fact/arxiv:2608.28518v1/abstract,intent-vs-fact,arxiv-abstracts,arxiv:2608.28518v1,abstract,en,https://arxiv.org/abs/2608.28518v1,4018b14c8a9a1ef03eaea9476ae7b6feeb57810f4a296acfe18fb65d7e3f8222,806
intent-vs-fact/arxiv:2608.28524v1/abstract,intent-vs-fact,arxiv-abstracts,arxiv:2608.28524v1,abstract,en,https://arxiv.org/abs/2608.28524v1,4579f65c48973ba84068d686e50dd030d645e6940ac0aa353a25b678bce1b020,713
intent-vs-fact/arxiv:2608.28534v1/abstract,intent-vs-fact,arxiv-abstracts,arxiv:2608.28534v1,abstract,en,https://arxiv.org/abs/2608.28534v1,ce6e98bc00c71edcaf58550f3f1d366e78af8686fbde837c5654cc1221fe746c,1143
intent-vs-fact/arxiv:2608.28541v1/abstract,intent-vs-fact,arxiv-abstracts,arxiv:2608.28541v1,abstract,en,https://arxiv.org/abs/2608.28541v1,3f3b21a948072025b99833fe892f537c6b525c098fd83b06ea12b939fd68344a,1918
intent-vs-fact/arxiv:2608.28542v1/abstract,intent-vs-fact,arxiv-abstracts,arxiv:2608.28542v1,abstract,en,https://arxiv.org/abs/2608.28542v1,e7f1739e98c0d615650a07b986a4737230b77369084e27570f0eaef27c714f26,1905
intent-vs-fact/arxiv:2608.28549v1/abstract,intent-vs-fact,arxiv-abstracts,arxiv:2608.28549v1,abstract,en,https://arxiv.org/abs/2608.28549v1,f980e9b48c36f1820c513fa197996cf3e61ebdfdb7ee630d8924851f77774a00,1421
intent-vs-fact/arxiv:2608.28553v3/abstract,intent-vs-fact,arxiv-abstracts,arxiv:2608.28553v3,abstract,en,https://arxiv.org/abs/2608.28553v3,544881bf67bfcaa81e94170e09a81af6678ac5308725f62c308be81fd70cb2da,1879
intent-vs-fact/arxiv:2608.28557v1/abstract,intent-vs-fact,arxiv-abstracts,arxiv:2608.28557v1,abstract,en,https://arxiv.org/abs/2608.28557v1,86edb5b450415ff7bf021ca885075dd693f2173ea6f5774313a025912319025f,1289
intent-vs-fact/arxiv:2608.28560v1/abstract,intent-vs-fact,arxiv-abstracts,arxiv:2608.28560v1,abstract,en,https://arxiv.org/abs/2608.28560v1,d382f86f34de25a03eeeab6f45112d1361e76d27856503cdeb24c6de07c25ea4,1029
intent-vs-fact/arxiv:2608.28576v1/abstract,intent-vs-fact,arxiv-abstracts,arxiv:2608.28576v1,abstract,en,https://arxiv.org/abs/2608.28576v1,c201d27e7e4c5b5a5f45b8126f3bc0db0820e1cc067d768a00c1303476586333,924
intent-vs-fact/arxiv:2608.28578v2/abstract,intent-vs-fact,arxiv-abstracts,arxiv:2608.28578v2,abstract,en,https://arxiv.org/abs/2608.28578v2,a31da3f8016b0641981d3a5bdd10aba5108d1934bff7f1a5ad74d67f5d172fa2,1278
intent-vs-fact/arxiv:2608.28754v1/abstract,intent-vs-fact,arxiv-abstracts,arxiv:2608.28754v1,abstract,en,https://arxiv.org/abs/2608.28754v1,d988f23c7292d7dfb0b97bdbe5ce59f20a5da9936fc9673e151110a6bb39803a,578
intent-vs-fact/arxiv:2608.28790v1/abstract,intent-vs-fact,arxiv-abstracts,arxiv:2608.28790v1,abstract,en,https://arxiv.org/abs/2608.28790v1,33b7171714051594f72532d9d01cae96b1679245b240cffe61cfc96f45304110,1904
intent-vs-fact/arxiv:2608.28877v2/abstract,intent-vs-fact,arxiv-abstracts,arxiv:2608.28877v2,abstract,en,https://arxiv.org/abs/2608.28877v2,cb0f151f9aac6930b405e2248ccfaa4f568983ec457b4cc322bcf61071e838bf,1435
intent-vs-fact/arxiv:2608.29174v1/abstract,intent-vs-fact,arxiv-abstracts,arxiv:2608.29174v1,abstract,en,https://arxiv.org/abs/2608.29174v1,b400c02bc63f9bd4cf837e9c20a74c6637bc00a5eab718e917d3c0849d2646a8,1565
intent-vs-fact/arxiv:2608.29228v2/abstract,intent-vs-fact,arxiv-abstracts,arxiv:2608.29228v2,abstract,en,https://arxiv.org/abs/2608.29228v2,3e8d42bbd07b4e06d1fc6d02e420039b7af069caa9f201f73bdbe1a59747495a,1101
intent-vs-fact/arxiv:2608.29251v1/abstract,intent-vs-fact,arxiv-abstracts,arxiv:2608.29251v1,abstract,en,https://arxiv.org/abs/2608.29251v1,ce9fbf229d8b2122b40aa01dda30eb8a7d50bec609c45276ae741cd191dbb726,1857
intent-vs-fact/arxiv:2608.29388v1/abstract,intent-vs-fact,arxiv-abstracts,arxiv:2608.29388v1,abstract,en,https://arxiv.org/abs/2608.29388v1,1349afdfcbfd32bc4f4c325ea79118ea38550ef2f7bb9d21d1043f381d95c59c,714
intent-vs-fact/arxiv:2608.29490v1/abstract,intent-vs-fact,arxiv-abstracts,arxiv:2608.29490v1,abstract,en,https://arxiv.org/abs/2608.29490v1,f684577f511104ade633a29b792c61f6bff506ae1d939c22e19941b9a6a6ffdb,1905
intent-vs-fact/arxiv:2608.29528v1/abstract,intent-vs-fact,arxiv-abstracts,arxiv:2608.29528v1,abstract,en,https://arxiv.org/abs/2608.29528v1,080375c3d75895dba8c5585b86a540cf78ef763d2da207293306810604beddab,1298
intent-vs-fact/arxiv:2608.29562v1/abstract,intent-vs-fact,arxiv-abstracts,arxiv:2608.29562v1,abstract,en,https://arxiv.org/abs/2608.29562v1,28d7fbb02dd46abdc2563b8078703e8775302507afad531fba6af8a41e905fb1,1432
intent-vs-fact/arxiv:2608.29596v1/abstract,intent-vs-fact,arxiv-abstracts,arxiv:2608.29596v1,abstract,en,https://arxiv.org/abs/2608.29596v1,13b6833243a543eb156ce7f4d943f8a3c608b3b38b7eaa77605ca7484cdedc43,1541
intent-vs-fact/arxiv:2608.29615v1/abstract,intent-vs-fact,arxiv-abstracts,arxiv:2608.29615v1,abstract,en,https://arxiv.org/abs/2608.29615v1,6ea7c41e12c5eb025265a52816d2bb3b281bfd9e83983a60cf264d30d7e7268b,1772
intent-vs-fact/arxiv:2608.29622v1/abstract,intent-vs-fact,arxiv-abstracts,arxiv:2608.29622v1,abstract,en,https://arxiv.org/abs/2608.29622v1,8e00cea951a7783ca7a3be82a47aecafa8a60a0221bb0008a2a24a1e737ec301,1359
intent-vs-fact/arxiv:2608.29641v1/abstract,intent-vs-fact,arxiv-abstracts,arxiv:2608.29641v1,abstract,en,https://arxiv.org/abs/2608.29641v1,5b54b5daabcf106374bd591937cb9340e564a0c7a112c15f170f73f03399afe5,1557
intent-vs-fact/arxiv:2608.29646v1/abstract,intent-vs-fact,arxiv-abstracts,arxiv:2608.29646v1,abstract,en,https://arxiv.org/abs/2608.29646v1,14c3b916107bbf19772ab81031402b6a389b573c1585b9f91bc35b054b7761b2,1279
intent-vs-fact/arxiv:2608.30083v1/abstract,intent-vs-fact,arxiv-abstracts,arxiv:2608.30083v1,abstract,en,https://arxiv.org/abs/2608.30083v1,3ed804742230cbd577ff4ecc6bc71f0a4d327fd37b2bf6113af35d3076dddf0c,1890
intent-vs-fact/arxiv:2608.30277v2/abstract,intent-vs-fact,arxiv-abstracts,arxiv:2608.30277v2,abstract,en,https://arxiv.org/abs/2608.30277v2,a057eef2371fc02ffa77a574b81b9ae97e2abe1eab7a85e54e60da9bead319f4,1539
intent-vs-fact/arxiv:2608.30659v1/abstract,intent-vs-fact,arxiv-abstracts,arxiv:2608.30659v1,abstract,en,https://arxiv.org/abs/2608.30659v1,e0dec77efb9878da369a66c9e310d63c9bffc43d2a53b8961a2f08aae626bbdd,1885
intent-vs-fact/arxiv:2608.30672v1/abstract,intent-vs-fact,arxiv-abstracts,arxiv:2608.30672v1,abstract,en,https://arxiv.org/abs/2608.30672v1,b33ee252eca195974441d92476392e47c7065031717f5733dcc566a6b60d53ca,1479
intent-vs-fact/arxiv:2608.30874v1/abstract,intent-vs-fact,arxiv-abstracts,arxiv:2608.30874v1,abstract,en,https://arxiv.org/abs/2608.30874v1,7b71aa506af139cfa9685e56b43a526799032bfe01919d0994c13b97997f551e,1013
intent-vs-fact/arxiv:2608.30923v1/abstract,intent-vs-fact,arxiv-abstracts,arxiv:2608.30923v1,abstract,en,https://arxiv.org/abs/2608.30923v1,289f8c8e253ecf8aed21d72d194c09db6bb5b9e17eaf5542846a4ae6f6fd760a,1835
intent-vs-fact/arxiv:2608.30927v1/abstract,intent-vs-fact,arxiv-abstracts,arxiv:2608.30927v1,abstract,en,https://arxiv.org/abs/2608.30927v1,9340499923fbb512e3283cbb2da8d2c5b98faf162f0a6b1527a0414d7fa0a642,1143
intent-vs-fact/arxiv:2608.30935v2/abstract,intent-vs-fact,arxiv-abstracts,arxiv:2608.30935v2,abstract,en,https://arxiv.org/abs/2608.30935v2,f7e31f951c0561b56c0c14b3f3058f59a4558e1fa5847a6fb7cfa8240efd6202,1885
intent-vs-fact/arxiv:2608.30938v1/abstract,intent-vs-fact,arxiv-abstracts,arxiv:2608.30938v1,abstract,en,https://arxiv.org/abs/2608.30938v1,e56f429485b1bbb037721ad192435e508ff856e1266c816436abef6b6cb2b7e7,1864
intent-vs-fact/arxiv:2608.30940v1/abstract,intent-vs-fact,arxiv-abstracts,arxiv:2608.30940v1,abstract,en,https://arxiv.org/abs/2608.30940v1,cfbd76bb09398e18ac67dbc36327516b8b965d290b1a37267f03561602fec31f,1168
intent-vs-fact/arxiv:2608.30948v1/abstract,intent-vs-fact,arxiv-abstracts,arxiv:2608.30948v1,abstract,en,https://arxiv.org/abs/2608.30948v1,565a64b7d64d11b6847a441ee5674aeb193e2e93e144649e1b3a220619ce0b53,1062
intent-vs-fact/arxiv:2608.30952v1/abstract,intent-vs-fact,arxiv-abstracts,arxiv:2608.30952v1,abstract,en,https://arxiv.org/abs/2608.30952v1,4e6a1fafe5c24574fbdfbb3c7bf8afe2ef9e20519206c1b25caa20f2c4e4e79e,1302
intent-vs-fact/arxiv:2608.30955v1/abstract,intent-vs-fact,arxiv-abstracts,arxiv:2608.30955v1,abstract,en,https://arxiv.org/abs/2608.30955v1,589d8b253c73eeb19c10839982a677d06e5cf6dd944a3427a7118a44a3d3150f,1169
intent-vs-fact/arxiv:2608.30956v1/abstract,intent-vs-fact,arxiv-abstracts,arxiv:2608.30956v1,abstract,en,https://arxiv.org/abs/2608.30956v1,ccf9e94b72432f87b8495d73cd27e9a601502d595aeddd011409a2de8e5a0f7f,1810
intent-vs-fact/arxiv:2608.30959v1/abstract,intent-vs-fact,arxiv-abstracts,arxiv:2608.30959v1,abstract,en,https://arxiv.org/abs/2608.30959v1,d6e55fc84a59347c26d1289af58326ace5081dbb11955019b13f52c1a71707c6,1121
intent-vs-fact/arxiv:2608.30963v1/abstract,intent-vs-fact,arxiv-abstracts,arxiv:2608.30963v1,abstract,en,https://arxiv.org/abs/2608.30963v1,70473ffad87b00387fcc58f63ae839e536063df717aff6ca3194615b06c3ed62,1751
intent-vs-fact/arxiv:2608.30968v2/abstract,intent-vs-fact,arxiv-abstracts,arxiv:2608.30968v2,abstract,en,https://arxiv.org/abs/2608.30968v2,2fca78dd2561038d612cbfa4cfd0ddfb3642aaf82039397a0cd4e2fa12b09f17,1358
intent-vs-fact/arxiv:2608.30971v1/abstract,intent-vs-fact,arxiv-abstracts,arxiv:2608.30971v1,abstract,en,https://arxiv.org/abs/2608.30971v1,3cec21a28bb09206165a92e5515c5637d423988373748f163ada70bf2045424b,827
intent-vs-fact/arxiv:2608.30974v2/abstract,intent-vs-fact,arxiv-abstracts,arxiv:2608.30974v2,abstract,en,https://arxiv.org/abs/2608.30974v2,19fbe6a0cfd5acebe5b179b5a8753912c35959f7cb94d7a7a12d7ad3da0aeff7,1455
intent-vs-fact/arxiv:2608.30975v1/abstract,intent-vs-fact,arxiv-abstracts,arxiv:2608.30975v1,abstract,en,https://arxiv.org/abs/2608.30975v1,4ccd31b6253de7983deda13a7dc6c0621df751153e6ab50fc8db6f6fac7b8ba2,1557
intent-vs-fact/arxiv:2608.30980v1/abstract,intent-vs-fact,arxiv-abstracts,arxiv:2608.30980v1,abstract,en,https://arxiv.org/abs/2608.30980v1,1fd79ea4d6a14a7cfe8d69d3b305fbb296afdaa64a7541dbc6e4e2967c1df939,915
intent-vs-fact/arxiv:2608.30986v1/abstract,intent-vs-fact,arxiv-abstracts,arxiv:2608.30986v1,abstract,en,https://arxiv.org/abs/2608.30986v1,16cddbed292ebecacfef125a9956ca4ec88d63dfb04e2a465ecc1bb37f1aa219,833
intent-vs-fact/arxiv:2608.30987v1/abstract,intent-vs-fact,arxiv-abstracts,arxiv:2608.30987v1,abstract,en,https://arxiv.org/abs/2608.30987v1,24edc7d80f16b7ca59b4deb60c9c8ee72831bb8f7e6016192e3001c17c5703f2,1072
intent-vs-fact/arxiv:2608.30996v1/abstract,intent-vs-fact,arxiv-abstracts,arxiv:2608.30996v1,abstract,en,https://arxiv.org/abs/2608.30996v1,dc564aa6b6945dca286341de1f226e0c87c61b3ac1a3767a1680e3bd7ff3ea8b,1029
intent-vs-fact/arxiv:2608.31007v1/abstract,intent-vs-fact,arxiv-abstracts,arxiv:2608.31007v1,abstract,en,https://arxiv.org/abs/2608.31007v1,5424d23e01865bb81ec71d43bd96d0c1ce0d981ba4d9ebd6f86d612e7b00733f,1661
intent-vs-fact/arxiv:2608.31014v1/abstract,intent-vs-fact,arxiv-abstracts,arxiv:2608.31014v1,abstract,en,https://arxiv.org/abs/2608.31014v1,b976953275842297c9295046569580986ed6574d0ea78fea23fc4020d07ebb76,1461
intent-vs-fact/arxiv:2608.31016v1/abstract,intent-vs-fact,arxiv-abstracts,arxiv:2608.31016v1,abstract,en,https://arxiv.org/abs/2608.31016v1,2657762681685e8a97e442cb10ee57ae5c550038c7cf4944ef5cca4f8162ccac,1904
intent-vs-fact/arxiv:2608.31017v1/abstract,intent-vs-fact,arxiv-abstracts,arxiv:2608.31017v1,abstract,en,https://arxiv.org/abs/2608.31017v1,93932ef5ea7525d08bdbc13bebeef9c22b358d6fec34b4b8aca63be7eb7c79a0,1913
intent-vs-fact/arxiv:2608.31022v1/abstract,intent-vs-fact,arxiv-abstracts,arxiv:2608.31022v1,abstract,en,https://arxiv.org/abs/2608.31022v1,0752b638d49266c9b97aceb596e0624239ff4de4ce394ad4b8ffbc0f84a317a5,1283
intent-vs-fact/arxiv:2608.31035v1/abstract,intent-vs-fact,arxiv-abstracts,arxiv:2608.31035v1,abstract,en,https://arxiv.org/abs/2608.31035v1,68599fdd284b1f49f56dd35dd726d801a4dca57168b6f5378e1a077384ce432b,1523
intent-vs-fact/arxiv:2608.31037v1/abstract,intent-vs-fact,arxiv-abstracts,arxiv:2608.31037v1,abstract,en,https://arxiv.org/abs/2608.31037v1,835581c828fd2cf5c29d091c09ada80985ef025e8eda1466bcbfda6c11ea8172,1389
intent-vs-fact/arxiv:2608.31038v1/abstract,intent-vs-fact,arxiv-abstracts,arxiv:2608.31038v1,abstract,en,https://arxiv.org/abs/2608.31038v1,542992308fc915582e10435d81912f7d479f4b2418bcc938bab2d9f0f1300775,1368
intent-vs-fact/arxiv:2608.31046v2/abstract,intent-vs-fact,arxiv-abstracts,arxiv:2608.31046v2,abstract,en,https://arxiv.org/abs/2608.31046v2,9dd99d93df787426d7bd9c9040bbcc61c7573c1a97bf6ccc1e622b956b5eabf1,1675
intent-vs-fact/arxiv:2608.31057v1/abstract,intent-vs-fact,arxiv-abstracts,arxiv:2608.31057v1,abstract,en,https://arxiv.org/abs/2608.31057v1,f3dc0ca6c8bb86721ef0b6b0f5c1aa8bf5b76fb4e1ae46eb0c594099a3d159b6,1360
intent-vs-fact/arxiv:2608.31058v1/abstract,intent-vs-fact,arxiv-abstracts,arxiv:2608.31058v1,abstract,en,https://arxiv.org/abs/2608.31058v1,335992bd65d5c8097581fc76ed375dc9b827e7881f447236e9c35e10a31e137e,1091
intent-vs-fact/arxiv:2608.31059v1/abstract,intent-vs-fact,arxiv-abstracts,arxiv:2608.31059v1,abstract,en,https://arxiv.org/abs/2608.31059v1,7115ffbf68c3a8765690d18a36ba1e58bf85df9320c45252326d1d97b90376e3,917
intent-vs-fact/arxiv:2608.31066v1/abstract,intent-vs-fact,arxiv-abstracts,arxiv:2608.31066v1,abstract,en,https://arxiv.org/abs/2608.31066v1,0d4b85ede174bcc0153833b350a65c8a9501d93be5c2957ad94672e6feb9f84e,1323
intent-vs-fact/arxiv:2608.31068v1/abstract,intent-vs-fact,arxiv-abstracts,arxiv:2608.31068v1,abstract,en,https://arxiv.org/abs/2608.31068v1,530da7ae1946f211988b6b964801193000db46b7dde75e412e81d920c634356e,1078
intent-vs-fact/arxiv:2608.31069v1/abstract,intent-vs-fact,arxiv-abstracts,arxiv:2608.31069v1,abstract,en,https://arxiv.org/abs/2608.31069v1,65bf55d005afaaa325028cf5e49f0936d34286db8e7e08b68475ebb36559bc61,806
intent-vs-fact/arxiv:2608.31074v1/abstract,intent-vs-fact,arxiv-abstracts,arxiv:2608.31074v1,abstract,en,https://arxiv.org/abs/2608.31074v1,b5e058edee7c815d8f4d4130d337f266572336739158a31155885cefdc91adf2,835
intent-vs-fact/arxiv:2608.31075v2/abstract,intent-vs-fact,arxiv-abstracts,arxiv:2608.31075v2,abstract,en,https://arxiv.org/abs/2608.31075v2,9ea550af01360e45c2855f55d4c1d9fbd060d4127b6d6d10f676569855727ba3,1851
intent-vs-fact/arxiv:2608.31076v1/abstract,intent-vs-fact,arxiv-abstracts,arxiv:2608.31076v1,abstract,en,https://arxiv.org/abs/2608.31076v1,4b21d6b2506ba47d6c4915f0643bab5f7527ca3cbe342eecd96c6e08440b33ea,1897
intent-vs-fact/arxiv:2608.31077v2/abstract,intent-vs-fact,arxiv-abstracts,arxiv:2608.31077v2,abstract,en,https://arxiv.org/abs/2608.31077v2,03c93f69ae432b95315cb0c4dcd14d8fa6fd44ff8472f52ebc3a3d9541b078e6,1681
intent-vs-fact/arxiv:2608.31082v2/abstract,intent-vs-fact,arxiv-abstracts,arxiv:2608.31082v2,abstract,en,https://arxiv.org/abs/2608.31082v2,ac66f2561ce24b5b131235fae7c68e39da9dbc6442c3359eeb95e59a7934c0db,1918
intent-vs-fact/arxiv:2608.31084v1/abstract,intent-vs-fact,arxiv-abstracts,arxiv:2608.31084v1,abstract,en,https://arxiv.org/abs/2608.31084v1,28e572b1a6ae6c2c78bf2b9dee4366b70f4b8095539c4651e7e9aaf3532223c2,1697
intent-vs-fact/arxiv:2608.31097v1/abstract,intent-vs-fact,arxiv-abstracts,arxiv:2608.31097v1,abstract,en,https://arxiv.org/abs/2608.31097v1,b93d8b2278ff02e3ff6ff0db7ca478ef159cfac94adba81ed6930d67e0c2df48,1279
intent-vs-fact/arxiv:2608.31100v1/abstract,intent-vs-fact,arxiv-abstracts,arxiv:2608.31100v1,abstract,en,https://arxiv.org/abs/2608.31100v1,5043b3ce740aca3575d53e59fbc299780b5e75866c8793ba030d433e34f9c785,1796
intent-vs-fact/arxiv:2608.31102v1/abstract,intent-vs-fact,arxiv-abstracts,arxiv:2608.31102v1,abstract,en,https://arxiv.org/abs/2608.31102v1,8e6f3499775e8c48dc8e743b8695f8675c5d4fba84e2d218457856023f9a2f49,1354
intent-vs-fact/arxiv:2608.31105v1/abstract,intent-vs-fact,arxiv-abstracts,arxiv:2608.31105v1,abstract,en,https://arxiv.org/abs/2608.31105v1,8207821bf7f30cf1ff3c7ec7ab9cbf7d775a5bb837f6d64199a65528a73c1f8e,1418
intent-vs-fact/arxiv:2608.31111v1/abstract,intent-vs-fact,arxiv-abstracts,arxiv:2608.31111v1,abstract,en,https://arxiv.org/abs/2608.31111v1,d9d177dd9807a6603c00d524d915ca4c6a2a58c2258d7aa5d78a4e8802bac1ce,1499
intent-vs-fact/arxiv:2608.31118v1/abstract,intent-vs-fact,arxiv-abstracts,arxiv:2608.31118v1,abstract,en,https://arxiv.org/abs/2608.31118v1,1b1c824d01026f21ecd8d3b568bf0b4226c53e4663fb8e887097f21e4b3db8ff,1580
intent-vs-fact/arxiv:2608.31119v1/abstract,intent-vs-fact,arxiv-abstracts,arxiv:2608.31119v1,abstract,en,https://arxiv.org/abs/2608.31119v1,7b55dad3eeed7549fc7a42938b2906a5c4237b713a46ca18ab9f345ff9a24fdb,1536
intent-vs-fact/arxiv:2608.31128v1/abstract,intent-vs-fact,arxiv-abstracts,arxiv:2608.31128v1,abstract,en,https://arxiv.org/abs/2608.31128v1,c27cd9953b304d3822a13c8a18bcae14aaafcf7fca5f9808ea67d3efb1427a88,931
intent-vs-fact/arxiv:2608.31137v1/abstract,intent-vs-fact,arxiv-abstracts,arxiv:2608.31137v1,abstract,en,https://arxiv.org/abs/2608.31137v1,e2845af34b97079225ea570035f51591ab32faae18458e312ec9708c3a517311,1916
intent-vs-fact/arxiv:2608.31139v1/abstract,intent-vs-fact,arxiv-abstracts,arxiv:2608.31139v1,abstract,en,https://arxiv.org/abs/2608.31139v1,5c6befce7e2684eb06edd5ebaaf745ed9d0b6a7215e03b528c15df4f1ad33e5c,1388
intent-vs-fact/arxiv:2608.31142v1/abstract,intent-vs-fact,arxiv-abstracts,arxiv:2608.31142v1,abstract,en,https://arxiv.org/abs/2608.31142v1,04dcd1d7520ea1f75cca355039bd32de4933bed31aacbc1b4e545ab1adaac18f,1548
intent-vs-fact/arxiv:2608.31167v2/abstract,intent-vs-fact,arxiv-abstracts,arxiv:2608.31167v2,abstract,en,https://arxiv.org/abs/2608.31167v2,65465d08e1e95fee042591d222310ddf2278c01375c5f20c9dd99259ca6da0a3,1159
intent-vs-fact/arxiv:2608.31170v1/abstract,intent-vs-fact,arxiv-abstracts,arxiv:2608.31170v1,abstract,en,https://arxiv.org/abs/2608.31170v1,ef60f26d7eb0a82c14ecb0a86efdae1af0c53eadb064de8f6688066764264267,766
intent-vs-fact/arxiv:2609.00032v1/abstract,intent-vs-fact,arxiv-abstracts,arxiv:2609.00032v1,abstract,en,https://arxiv.org/abs/2609.00032v1,52f1ea23a753689af32c6a3c917b1d3939213e060aee61982943053070ac8a3c,1330
intent-vs-fact/arxiv:2609.00046v2/abstract,intent-vs-fact,arxiv-abstracts,arxiv:2609.00046v2,abstract,en,https://arxiv.org/abs/2609.00046v2,97cb7411dbd9851b59f8d6151e46a5193afe0b62f04075f71de1f15b0c44a902,901
intent-vs-fact/arxiv:2609.00058v1/abstract,intent-vs-fact,arxiv-abstracts,arxiv:2609.00058v1,abstract,en,https://arxiv.org/abs/2609.00058v1,3e2aee9c4c2a62a2f70c14ffc8294531322c17ec657402722c1fff618ec262fd,1566
intent-vs-fact/arxiv:2609.00621v1/abstract,intent-vs-fact,arxiv-abstracts,arxiv:2609.00621v1,abstract,en,https://arxiv.org/abs/2609.00621v1,04916d82a382e4e661a858d899d82c080f53f4f998e835b0000bc791dfca83ad,1220
intent-vs-fact/arxiv:2609.00714v1/abstract,intent-vs-fact,arxiv-abstracts,arxiv:2609.00714v1,abstract,en,https://arxiv.org/abs/2609.00714v1,a1e0ac76cb2dfbcbaae678c766a917134e155edef486fee94e8eed23a812eee6,1223
intent-vs-fact/arxiv:2609.01082v1/abstract,intent-vs-fact,arxiv-abstracts,arxiv:2609.01082v1,abstract,en,https://arxiv.org/abs/2609.01082v1,5e693ab012f969b73d68da4ece0087f58c723e96dc19d77fd3c700175406af57,1627
intent-vs-fact/arxiv:2609.01167v1/abstract,intent-vs-fact,arxiv-abstracts,arxiv:2609.01167v1,abstract,en,https://arxiv.org/abs/2609.01167v1,c2e0c5688f96a442324e0c79a75ff35788b8abcf04967e8d4d9909eb4b275028,868
intent-vs-fact/arxiv:2609.01356v1/abstract,intent-vs-fact,arxiv-abstracts,arxiv:2609.01356v1,abstract,en,https://arxiv.org/abs/2609.01356v1,ff82a4806b28d25a4fa5eccc90c68c70f7d704478d02f3480f57ed3aa684529d,1353
intent-vs-fact/arxiv:2609.01361v1/abstract,intent-vs-fact,arxiv-abstracts,arxiv:2609.01361v1,abstract,en,https://arxiv.org/abs/2609.01361v1,07e50a1d1d91f1415f4ec615fad863cc5a8027b768bb73ae6ae5c295bc386069,1657
intent-vs-fact/arxiv:2609.01369v1/abstract,intent-vs-fact,arxiv-abstracts,arxiv:2609.01369v1,abstract,en,https://arxiv.org/abs/2609.01369v1,c4b688641b9f9c11ad487493b82a347dcdae055f3ac9932d1e876380fedb8148,1248
intent-vs-fact/arxiv:2609.01374v1/abstract,intent-vs-fact,arxiv-abstracts,arxiv:2609.01374v1,abstract,en,https://arxiv.org/abs/2609.01374v1,0e60ce37e9854c0d7a5c13c5b05fd649ca03a39fb1d405aee09bf7e327b5d8a7,1649
intent-vs-fact/arxiv:2609.01375v1/abstract,intent-vs-fact,arxiv-abstracts,arxiv:2609.01375v1,abstract,en,https://arxiv.org/abs/2609.01375v1,a39ad1598e1bffa30b69e6bba961b3818a9c0015e46938b74d3caf6b4af62d51,1168
intent-vs-fact/arxiv:2609.01379v1/abstract,intent-vs-fact,arxiv-abstracts,arxiv:2609.01379v1,abstract,en,https://arxiv.org/abs/2609.01379v1,9d1be12220bfb208f71fc2c7281eb0e60b5604841d0b33e8ccebb349204acd42,1389
intent-vs-fact/arxiv:2609.01383v1/abstract,intent-vs-fact,arxiv-abstracts,arxiv:2609.01383v1,abstract,en,https://arxiv.org/abs/2609.01383v1,45edbde836cf7449bdf77159b04318bac78c97da44e554f55aac38eae70dbfe6,1258
intent-vs-fact/arxiv:2609.01386v1/abstract,intent-vs-fact,arxiv-abstracts,arxiv:2609.01386v1,abstract,en,https://arxiv.org/abs/2609.01386v1,bad0bdc8d8dd7c314103e106099e27edf91614feedde6a342168bc71ce796e38,1435
intent-vs-fact/arxiv:2609.01409v2/abstract,intent-vs-fact,arxiv-abstracts,arxiv:2609.01409v2,abstract,en,https://arxiv.org/abs/2609.01409v2,d80f9269b8361d16b7f0f75385b67e58346260846c23034f2d843af8d19ddf56,1544
intent-vs-fact/arxiv:2609.01422v1/abstract,intent-vs-fact,arxiv-abstracts,arxiv:2609.01422v1,abstract,en,https://arxiv.org/abs/2609.01422v1,e46d74746cac21115e413a3152523785acea1399dfea49aac0a60764c19fe76e,901
intent-vs-fact/arxiv:2609.01426v1/abstract,intent-vs-fact,arxiv-abstracts,arxiv:2609.01426v1,abstract,en,https://arxiv.org/abs/2609.01426v1,395d919723afa8a417238634576701c0bf55683c5de63e41bec05629abe9a3e9,1825
intent-vs-fact/arxiv:2609.01430v1/abstract,intent-vs-fact,arxiv-abstracts,arxiv:2609.01430v1,abstract,en,https://arxiv.org/abs/2609.01430v1,614ef29d3c24c6d8308b896d4046e742afa2659e192d16fcc37f4473c664bad7,1041
intent-vs-fact/arxiv:2609.01431v2/abstract,intent-vs-fact,arxiv-abstracts,arxiv:2609.01431v2,abstract,en,https://arxiv.org/abs/2609.01431v2,9f847d0af11e7ee8e50818647cfb994a375663523fed8c60a288f397ce1cab07,1375
intent-vs-fact/arxiv:2609.01432v1/abstract,intent-vs-fact,arxiv-abstracts,arxiv:2609.01432v1,abstract,en,https://arxiv.org/abs/2609.01432v1,877b5d88acf08bd3d5d057fb195d2a4575dc5f72b7cb4ebf52d2056783c8cb4d,1464
intent-vs-fact/arxiv:2609.01437v1/abstract,intent-vs-fact,arxiv-abstracts,arxiv:2609.01437v1,abstract,en,https://arxiv.org/abs/2609.01437v1,86f9aa16d7a920647fd35387812b594eb9ce8c7980a14c506864ee10dff82cd1,1762
intent-vs-fact/arxiv:2609.01455v1/abstract,intent-vs-fact,arxiv-abstracts,arxiv:2609.01455v1,abstract,en,https://arxiv.org/abs/2609.01455v1,b664a78913e9e65f829327ccd6c5a014e5a4bdde070a3bad038df1e576205083,1038
intent-vs-fact/arxiv:2609.01456v1/abstract,intent-vs-fact,arxiv-abstracts,arxiv:2609.01456v1,abstract,en,https://arxiv.org/abs/2609.01456v1,2c110ac8108fa61945b4befafd0eba10487464e8054deae41a88f656fe16e740,1262
intent-vs-fact/arxiv:2609.01466v1/abstract,intent-vs-fact,arxiv-abstracts,arxiv:2609.01466v1,abstract,en,https://arxiv.org/abs/2609.01466v1,678631a7c6f50c8d1358de217f199ca7b4e43e2700a757bbda17ee4ae5221409,1720
intent-vs-fact/arxiv:2609.01481v1/abstract,intent-vs-fact,arxiv-abstracts,arxiv:2609.01481v1,abstract,en,https://arxiv.org/abs/2609.01481v1,a2e87cc9c57cd775aac0e948ba21ff2cf47ca71e76c7ba67f9fc449e1eea0e97,1594
intent-vs-fact/arxiv:2609.01487v1/abstract,intent-vs-fact,arxiv-abstracts,arxiv:2609.01487v1,abstract,en,https://arxiv.org/abs/2609.01487v1,2d5f5feee95267a6c1b4f49e2a39df29cb0681bd75877f5dec6b895a4465e2a2,1787
intent-vs-fact/arxiv:2609.01491v1/abstract,intent-vs-fact,arxiv-abstracts,arxiv:2609.01491v1,abstract,en,https://arxiv.org/abs/2609.01491v1,3b478de28a9b3ec76fbcf6e439d7c9301d00f5b95a02b96289840303b17321c1,1575
intent-vs-fact/arxiv:2609.01493v2/abstract,intent-vs-fact,arxiv-abstracts,arxiv:2609.01493v2,abstract,en,https://arxiv.org/abs/2609.01493v2,5128573a9f280a0d17d5fb50486b98aa4ae229e107f9b836595ac1b94398ad83,1918
intent-vs-fact/arxiv:2609.01495v1/abstract,intent-vs-fact,arxiv-abstracts,arxiv:2609.01495v1,abstract,en,https://arxiv.org/abs/2609.01495v1,6861fabe57a8aa16fa8fdf5fa5e255b50658a60981e7d3c4d2b21fde5f096e90,1570
intent-vs-fact/arxiv:2609.01507v2/abstract,intent-vs-fact,arxiv-abstracts,arxiv:2609.01507v2,abstract,en,https://arxiv.org/abs/2609.01507v2,15dcababd1ea998c79eda8cfdbf90fa5bc5a2a72873b8047ef48216b6a920922,1444
intent-vs-fact/arxiv:2609.01515v1/abstract,intent-vs-fact,arxiv-abstracts,arxiv:2609.01515v1,abstract,en,https://arxiv.org/abs/2609.01515v1,18aff05f4a7271d4b58aea154989196119a5a02452d2a5e32e29c6ee14111410,1286
intent-vs-fact/arxiv:2609.01519v1/abstract,intent-vs-fact,arxiv-abstracts,arxiv:2609.01519v1,abstract,en,https://arxiv.org/abs/2609.01519v1,2e4a6b9dd57061c05c7350579f4ad424c27ee533050067bbe25aaf61744f3ab5,1846
intent-vs-fact/arxiv:2609.01525v1/abstract,intent-vs-fact,arxiv-abstracts,arxiv:2609.01525v1,abstract,en,https://arxiv.org/abs/2609.01525v1,5c2cab057e4a5ed41e9638d7cfbc67ad4a24af456dc467954ea8948634708fea,1365
intent-vs-fact/arxiv:2609.01526v1/abstract,intent-vs-fact,arxiv-abstracts,arxiv:2609.01526v1,abstract,en,https://arxiv.org/abs/2609.01526v1,9933ce32b80dd17b507b8ef76557f75134c4574a67d78acf5c7e34fdea58d322,1391
intent-vs-fact/arxiv:2609.01532v2/abstract,intent-vs-fact,arxiv-abstracts,arxiv:2609.01532v2,abstract,en,https://arxiv.org/abs/2609.01532v2,598a8b43f95fb7969ced3a27d9d77d5c19ce9b975811fbeea0c8be91de2e3cff,1758
intent-vs-fact/arxiv:2609.01535v1/abstract,intent-vs-fact,arxiv-abstracts,arxiv:2609.01535v1,abstract,en,https://arxiv.org/abs/2609.01535v1,4d81d04bac8e7fbc358818e797f1b84b324dd3f6e7da890ba0203d31a4d0cde8,1493
intent-vs-fact/arxiv:2609.01548v1/abstract,intent-vs-fact,arxiv-abstracts,arxiv:2609.01548v1,abstract,en,https://arxiv.org/abs/2609.01548v1,82e4b4e1f62aab5cd4033ecefdaf9fdac2166875b23100a231b5586703ee57bd,1247
intent-vs-fact/arxiv:2609.01550v2/abstract,intent-vs-fact,arxiv-abstracts,arxiv:2609.01550v2,abstract,en,https://arxiv.org/abs/2609.01550v2,de1f75d03fcf37ea2b62efda731da5d84f147b20d9e262468b76fb748238f660,911
intent-vs-fact/arxiv:2609.01552v1/abstract,intent-vs-fact,arxiv-abstracts,arxiv:2609.01552v1,abstract,en,https://arxiv.org/abs/2609.01552v1,329e54fc751f30f814698edab268b899151a8120c1615a974e4e8917b8253334,1780
intent-vs-fact/arxiv:2609.01554v1/abstract,intent-vs-fact,arxiv-abstracts,arxiv:2609.01554v1,abstract,en,https://arxiv.org/abs/2609.01554v1,02bac685f00229fc156c369cb18641723edc541ae8fd34c2d80a60b087b2e6f6,1716
intent-vs-fact/arxiv:2609.01556v1/abstract,intent-vs-fact,arxiv-abstracts,arxiv:2609.01556v1,abstract,en,https://arxiv.org/abs/2609.01556v1,04bd8d6a138cd9d41c5c3c5c209bc282e0d7248566519ae588cfdd1f4bee397c,1914
intent-vs-fact/arxiv:2609.01560v1/abstract,intent-vs-fact,arxiv-abstracts,arxiv:2609.01560v1,abstract,en,https://arxiv.org/abs/2609.01560v1,ab78fac9c709489ff5f186b1947c536d9789ac4dd5d88399a9fff609795f8b9b,1454
intent-vs-fact/arxiv:2609.01563v1/abstract,intent-vs-fact,arxiv-abstracts,arxiv:2609.01563v1,abstract,en,https://arxiv.org/abs/2609.01563v1,6e71bc18b3831650f7b6aad88b000c8809a1c48efd44d60e799ad89effc5a823,1069
intent-vs-fact/arxiv:2609.01564v1/abstract,intent-vs-fact,arxiv-abstracts,arxiv:2609.01564v1,abstract,en,https://arxiv.org/abs/2609.01564v1,c6105d11e2dfdfcebda39eac75b83f588cfa10659ddc499a389685e73e6e4040,1086
intent-vs-fact/arxiv:2609.01567v2/abstract,intent-vs-fact,arxiv-abstracts,arxiv:2609.01567v2,abstract,en,https://arxiv.org/abs/2609.01567v2,90add4582198f244ad519189ba3b3302b689bfc830363e4466fbe20da461e0a3,1654
intent-vs-fact/arxiv:2609.01572v1/abstract,intent-vs-fact,arxiv-abstracts,arxiv:2609.01572v1,abstract,en,https://arxiv.org/abs/2609.01572v1,0bb55b26bc02985e5c8790928f534714ff2c77b36c17df672c303ea4078d2695,1276
intent-vs-fact/arxiv:2609.01573v1/abstract,intent-vs-fact,arxiv-abstracts,arxiv:2609.01573v1,abstract,en,https://arxiv.org/abs/2609.01573v1,31cf8e0839f9aa9cd7611818bc005ac615c1f192fe10a8f8eaebd126878b2548,1176
intent-vs-fact/arxiv:2609.01575v1/abstract,intent-vs-fact,arxiv-abstracts,arxiv:2609.01575v1,abstract,en,https://arxiv.org/abs/2609.01575v1,6de3eac7bb5090f396c6b1ded727695cb3005f10e3ff9bcb1da3a82c8938c63c,1079
intent-vs-fact/arxiv:2609.01587v1/abstract,intent-vs-fact,arxiv-abstracts,arxiv:2609.01587v1,abstract,en,https://arxiv.org/abs/2609.01587v1,a93f3285120f577ac0f9da8d9ff84fffd73cc3a06dcfd9e138f164fbf596f2f8,1639
intent-vs-fact/arxiv:2609.01588v1/abstract,intent-vs-fact,arxiv-abstracts,arxiv:2609.01588v1,abstract,en,https://arxiv.org/abs/2609.01588v1,076eb3841ec5fec95c65cccfb1b84d0c489cd3e8a7fd940522eb08ab9d0a6e20,1151
intent-vs-fact/arxiv:2609.01591v1/abstract,intent-vs-fact,arxiv-abstracts,arxiv:2609.01591v1,abstract,en,https://arxiv.org/abs/2609.01591v1,d25af020a5251f1196a4c7858f5d8abdc0c4809075a8199d147be5c98cf4d293,1792
intent-vs-fact/arxiv:2609.01595v1/abstract,intent-vs-fact,arxiv-abstracts,arxiv:2609.01595v1,abstract,en,https://arxiv.org/abs/2609.01595v1,f960bb5982cf460f13f2ff172ce84cbaf8211857b5e31f528cf13325266f8f21,933
intent-vs-fact/arxiv:2609.01597v1/abstract,intent-vs-fact,arxiv-abstracts,arxiv:2609.01597v1,abstract,en,https://arxiv.org/abs/2609.01597v1,10ca5dfa8376bcab03f1d49233b2b179ca8e51fb574faf09d36d59d2d005a29a,1237
intent-vs-fact/arxiv:2609.01600v1/abstract,intent-vs-fact,arxiv-abstracts,arxiv:2609.01600v1,abstract,en,https://arxiv.org/abs/2609.01600v1,9e18426ba275a7b0648255debd38f1237ff382930d04f8c1d9d588c4ed43a50b,1433
intent-vs-fact/arxiv:2609.01601v1/abstract,intent-vs-fact,arxiv-abstracts,arxiv:2609.01601v1,abstract,en,https://arxiv.org/abs/2609.01601v1,d18d292f17e3740e1e4e54daa27826172b3353ab3365978dde73979c53e0834b,1853
intent-vs-fact/arxiv:2609.01603v1/abstract,intent-vs-fact,arxiv-abstracts,arxiv:2609.01603v1,abstract,en,https://arxiv.org/abs/2609.01603v1,cf10d9b465480298d606b0b0906f1e357b391b690fbdfc6e28269cab2400e6c7,1012
intent-vs-fact/arxiv:2609.01604v1/abstract,intent-vs-fact,arxiv-abstracts,arxiv:2609.01604v1,abstract,en,https://arxiv.org/abs/2609.01604v1,3d1585875a68e37034280b3e5ba8118e553faceea1870bb0727931902d760786,1607
intent-vs-fact/arxiv:2609.01736v1/abstract,intent-vs-fact,arxiv-abstracts,arxiv:2609.01736v1,abstract,en,https://arxiv.org/abs/2609.01736v1,35dd22a1b232774b54e4db52f64dc23aa99365396ab4d762a9dfa4481914d772,1696
intent-vs-fact/arxiv:2609.01779v1/abstract,intent-vs-fact,arxiv-abstracts,arxiv:2609.01779v1,abstract,en,https://arxiv.org/abs/2609.01779v1,0b7832a1a31eaac2b89b6f06f2ea3c7d8cde1cfd23d3991797d404653d655e34,1676
intent-vs-fact/arxiv:2609.01838v1/abstract,intent-vs-fact,arxiv-abstracts,arxiv:2609.01838v1,abstract,en,https://arxiv.org/abs/2609.01838v1,b90d80bd411283a2d8a063c00de3218aaabac49d21f7861ad5ddd52489cd78b3,1650
intent-vs-fact/arxiv:2609.01870v1/abstract,intent-vs-fact,arxiv-abstracts,arxiv:2609.01870v1,abstract,en,https://arxiv.org/abs/2609.01870v1,4ba5c7cab108b130144f2f48530de578a4dfa8e8aa845b67a9d6c879e4067128,1574
intent-vs-fact/arxiv:2609.01873v1/abstract,intent-vs-fact,arxiv-abstracts,arxiv:2609.01873v1,abstract,en,https://arxiv.org/abs/2609.01873v1,959e0d628fff43b2ffcb2c6d720f002a8e2508641679212630ecc5fb6ebde37b,1883
intent-vs-fact/arxiv:2609.01931v1/abstract,intent-vs-fact,arxiv-abstracts,arxiv:2609.01931v1,abstract,en,https://arxiv.org/abs/2609.01931v1,d4db16178baa2ba3768337870a852222342d50173cbffff6d2cde78d8c9ec5ce,1497
intent-vs-fact/arxiv:2609.01939v1/abstract,intent-vs-fact,arxiv-abstracts,arxiv:2609.01939v1,abstract,en,https://arxiv.org/abs/2609.01939v1,e97fcbc77e8729bc7779f49f79f107d406d00e4432b49f3fc1afbcda0521b7a4,1246
intent-vs-fact/arxiv:2609.01985v1/abstract,intent-vs-fact,arxiv-abstracts,arxiv:2609.01985v1,abstract,en,https://arxiv.org/abs/2609.01985v1,248b7d10bccad78abf7643e03d93508a809afb73db09ccf7cf23aedbd6b64509,1778
intent-vs-fact/arxiv:2609.01992v1/abstract,intent-vs-fact,arxiv-abstracts,arxiv:2609.01992v1,abstract,en,https://arxiv.org/abs/2609.01992v1,4e35fd98e96991315ec96d372dda8a4a175b3d53bc34bd8d4fea88da0f7a4670,1736
intent-vs-fact/arxiv:2609.02242v1/abstract,intent-vs-fact,arxiv-abstracts,arxiv:2609.02242v1,abstract,en,https://arxiv.org/abs/2609.02242v1,48f13212af30a78549216c7c92ff0dfd1f71173c622ce8680a3de29b7f304d91,1615
intent-vs-fact/arxiv:2609.02250v2/abstract,intent-vs-fact,arxiv-abstracts,arxiv:2609.02250v2,abstract,en,https://arxiv.org/abs/2609.02250v2,3175029b1d7b2c0763509024feed117b7e70a3f6c61fe9ddb965b27a7f6c2c71,1801
intent-vs-fact/arxiv:2609.02264v1/abstract,intent-vs-fact,arxiv-abstracts,arxiv:2609.02264v1,abstract,en,https://arxiv.org/abs/2609.02264v1,82a3cc887c2e1eecebb5482b79b12ffabcec0a1374014f4c7540b74de2a7790d,1651
intent-vs-fact/arxiv:2609.02473v1/abstract,intent-vs-fact,arxiv-abstracts,arxiv:2609.02473v1,abstract,en,https://arxiv.org/abs/2609.02473v1,9476af4053be8d22b77c8940a3dfe5004d59a16c2e19b3277c6ed99cdba03d1c,1344
intent-vs-fact/arxiv:2609.02480v1/abstract,intent-vs-fact,arxiv-abstracts,arxiv:2609.02480v1,abstract,en,https://arxiv.org/abs/2609.02480v1,75e94b78b2c5a90070b785c1f5e617b7eed39e0b637c88b13e5f86a0df99c8f0,1625
intent-vs-fact/arxiv:2609.02482v1/abstract,intent-vs-fact,arxiv-abstracts,arxiv:2609.02482v1,abstract,en,https://arxiv.org/abs/2609.02482v1,7003dc32413a72a5649a470a84e158083724a13f59555dd52aceb02e191b4fc7,1123
intent-vs-fact/arxiv:2609.02486v2/abstract,intent-vs-fact,arxiv-abstracts,arxiv:2609.02486v2,abstract,en,https://arxiv.org/abs/2609.02486v2,c84ad4199a4227caae0a7ab4c429765a3a6b209a22d41f334810a764efa0000a,1202
intent-vs-fact/arxiv:2609.02496v1/abstract,intent-vs-fact,arxiv-abstracts,arxiv:2609.02496v1,abstract,en,https://arxiv.org/abs/2609.02496v1,86ec97d265a51c290dac5ee0e381bef2369fe70af2a32c2c47157ad4040c59e2,1207
intent-vs-fact/arxiv:2609.02497v1/abstract,intent-vs-fact,arxiv-abstracts,arxiv:2609.02497v1,abstract,en,https://arxiv.org/abs/2609.02497v1,fdb8e0e234c79221c010db9f67d6075355859b3d4c3c272df38e1af4b18f064b,1099
intent-vs-fact/arxiv:2609.02502v1/abstract,intent-vs-fact,arxiv-abstracts,arxiv:2609.02502v1,abstract,en,https://arxiv.org/abs/2609.02502v1,929054051d799762d25197a8ddc983d51765b18ee154643b08781eb16bb3826c,1171
intent-vs-fact/arxiv:2609.02519v1/abstract,intent-vs-fact,arxiv-abstracts,arxiv:2609.02519v1,abstract,en,https://arxiv.org/abs/2609.02519v1,cf0eac1aba0244989a77923baaf81008505ba591da52d42f99a7c61895289f21,1246
intent-vs-fact/arxiv:2609.02526v1/abstract,intent-vs-fact,arxiv-abstracts,arxiv:2609.02526v1,abstract,en,https://arxiv.org/abs/2609.02526v1,493af8a5384e9c8781148a4a29ccca136defa2df005dac5cfb906edf050b996c,1679
intent-vs-fact/arxiv:2609.02529v1/abstract,intent-vs-fact,arxiv-abstracts,arxiv:2609.02529v1,abstract,en,https://arxiv.org/abs/2609.02529v1,261b60797faa0a5755b26018593b833d5f0de109baa680ab87d0f712fba3348f,1633
intent-vs-fact/arxiv:2609.02548v1/abstract,intent-vs-fact,arxiv-abstracts,arxiv:2609.02548v1,abstract,en,https://arxiv.org/abs/2609.02548v1,b2c7a530d89328e70248684eeed0d1b51d15dac2cc65112f24f0e44eb856851e,1577
intent-vs-fact/arxiv:2609.02549v1/abstract,intent-vs-fact,arxiv-abstracts,arxiv:2609.02549v1,abstract,en,https://arxiv.org/abs/2609.02549v1,0ba0fb881bd876000b6bbc4c3fa9e54d503dd502b9cbe06abcb6adddc6702287,1631
intent-vs-fact/arxiv:2609.02580v1/abstract,intent-vs-fact,arxiv-abstracts,arxiv:2609.02580v1,abstract,en,https://arxiv.org/abs/2609.02580v1,c851dcbca118362fde3f6b388a4503741f9ee4b770fc0ac06fa698bf0d7ad91f,1345
intent-vs-fact/arxiv:2609.02606v1/abstract,intent-vs-fact,arxiv-abstracts,arxiv:2609.02606v1,abstract,en,https://arxiv.org/abs/2609.02606v1,9dce7452bbc5ffcdb13b4d5d2c693a8b84fd1f142edfef58615e12cec91441e4,1462
intent-vs-fact/arxiv:2609.02620v1/abstract,intent-vs-fact,arxiv-abstracts,arxiv:2609.02620v1,abstract,en,https://arxiv.org/abs/2609.02620v1,bdf8d387e10cb95f17b7770116bc44586ee44e91286b4ee865e3f624304ee953,1259
intent-vs-fact/arxiv:2609.02623v1/abstract,intent-vs-fact,arxiv-abstracts,arxiv:2609.02623v1,abstract,en,https://arxiv.org/abs/2609.02623v1,fe3780fa0787f3a7b8f283304fbddac788d3683083b7f846da987e5cca2fb5aa,1068
intent-vs-fact/arxiv:2609.02624v1/abstract,intent-vs-fact,arxiv-abstracts,arxiv:2609.02624v1,abstract,en,https://arxiv.org/abs/2609.02624v1,2a83f284e382bfaef6f1c9e15b0e50841a8d6ebc849fcf0c7939dad72eff49a3,1262
intent-vs-fact/arxiv:2609.02639v1/abstract,intent-vs-fact,arxiv-abstracts,arxiv:2609.02639v1,abstract,en,https://arxiv.org/abs/2609.02639v1,b9159362c3fae702b609b89b27101c87aa632d6e94c0e0f22fd99c035c8d9f38,1086
intent-vs-fact/arxiv:2609.02649v1/abstract,intent-vs-fact,arxiv-abstracts,arxiv:2609.02649v1,abstract,en,https://arxiv.org/abs/2609.02649v1,43a960298d337c86ee39f513bb3ff799e780570713f9073e26c6bb1785357a4c,1584
intent-vs-fact/arxiv:2609.02651v1/abstract,intent-vs-fact,arxiv-abstracts,arxiv:2609.02651v1,abstract,en,https://arxiv.org/abs/2609.02651v1,a756236658436123f27545c30cd178c72b671d22fad59d69fe8d2d44326c3662,1380
intent-vs-fact/arxiv:2609.02672v1/abstract,intent-vs-fact,arxiv-abstracts,arxiv:2609.02672v1,abstract,en,https://arxiv.org/abs/2609.02672v1,cc0f3b1f95db1305cc3873b19f91749b6247d53c402225d01386094e76d814f2,1664
intent-vs-fact/arxiv:2609.02679v3/abstract,intent-vs-fact,arxiv-abstracts,arxiv:2609.02679v3,abstract,en,https://arxiv.org/abs/2609.02679v3,bdd8f963f8eadfec784720dfaa44efd01cc64f52080ea7637ed76d71bb85a2a0,1766
intent-vs-fact/arxiv:2609.02685v1/abstract,intent-vs-fact,arxiv-abstracts,arxiv:2609.02685v1,abstract,en,https://arxiv.org/abs/2609.02685v1,1f0b7f7c36293ead1efea256a15bd8fefcc32f4a92dcc195fd3c1bc05e75d5ee,1567
intent-vs-fact/arxiv:2609.02702v1/abstract,intent-vs-fact,arxiv-abstracts,arxiv:2609.02702v1,abstract,en,https://arxiv.org/abs/2609.02702v1,53785a8684114ab414d68dc16aa0a01db0bca3605b8e65de5ff082185cb6ca3b,1228
intent-vs-fact/arxiv:2609.02707v1/abstract,intent-vs-fact,arxiv-abstracts,arxiv:2609.02707v1,abstract,en,https://arxiv.org/abs/2609.02707v1,fea2d5812bb46fa01cfb55b721ce553d79bbfd2d7028b43898913f2a0c3c46fc,1301
intent-vs-fact/arxiv:2609.02730v1/abstract,intent-vs-fact,arxiv-abstracts,arxiv:2609.02730v1,abstract,en,https://arxiv.org/abs/2609.02730v1,880201dc98d201627696764c440cff8dea54fb4a0d0240f81d29a997f8deff6f,1751
intent-vs-fact/arxiv:2609.02731v1/abstract,intent-vs-fact,arxiv-abstracts,arxiv:2609.02731v1,abstract,en,https://arxiv.org/abs/2609.02731v1,9095fb797b9d5c9e9df9117546ac79203ff460923d62a12d49713a74ff8e1bde,1261
intent-vs-fact/arxiv:2609.02735v1/abstract,intent-vs-fact,arxiv-abstracts,arxiv:2609.02735v1,abstract,en,https://arxiv.org/abs/2609.02735v1,723ae3e13422b2905251c9ba15485b8a1ea42f1f75690ff34be8f1312a45a45e,1654
intent-vs-fact/arxiv:2609.02737v1/abstract,intent-vs-fact,arxiv-abstracts,arxiv:2609.02737v1,abstract,en,https://arxiv.org/abs/2609.02737v1,1ab77cd1758d1118446311531566a8346547ea943eb310bbb0cf893aecafc68b,1369
intent-vs-fact/arxiv:2609.02745v1/abstract,intent-vs-fact,arxiv-abstracts,arxiv:2609.02745v1,abstract,en,https://arxiv.org/abs/2609.02745v1,c1d5f03033688e5c6195ed634081bdf7b847ca6db487a5fdf0c85487dc08e493,1293
intent-vs-fact/arxiv:2609.02746v1/abstract,intent-vs-fact,arxiv-abstracts,arxiv:2609.02746v1,abstract,en,https://arxiv.org/abs/2609.02746v1,6259d57cde54b2f2471260fd8704e052503b2d96ae6fa955f8904ace00ef078c,1671
intent-vs-fact/arxiv:2609.02749v1/abstract,intent-vs-fact,arxiv-abstracts,arxiv:2609.02749v1,abstract,en,https://arxiv.org/abs/2609.02749v1,0db759bceeaec31e098d158391e1fa20dd95e7dbba9ab131fc38a2efe6bf8abb,1548
intent-vs-fact/arxiv:2609.02750v1/abstract,intent-vs-fact,arxiv-abstracts,arxiv:2609.02750v1,abstract,en,https://arxiv.org/abs/2609.02750v1,667d6c650a48bf27ae1bb5cb8c149142c36963500bb413c3abb430e22eb73bde,1778
intent-vs-fact/arxiv:2609.02754v2/abstract,intent-vs-fact,arxiv-abstracts,arxiv:2609.02754v2,abstract,en,https://arxiv.org/abs/2609.02754v2,9cb915ba95b9fa5e543585984f9a92cf724bea4f5f35bc743205e44dacae3ea8,1577
intent-vs-fact/arxiv:2609.02760v1/abstract,intent-vs-fact,arxiv-abstracts,arxiv:2609.02760v1,abstract,en,https://arxiv.org/abs/2609.02760v1,475fb0e9a845e751cd81e80a59004c9610abccd056661339085fafa3a6598a14,1166
intent-vs-fact/arxiv:2609.02771v1/abstract,intent-vs-fact,arxiv-abstracts,arxiv:2609.02771v1,abstract,en,https://arxiv.org/abs/2609.02771v1,f738a002949dfbb9d2004582c21d76ea98e67aca470d300cbcba9be1c8a07397,1542
intent-vs-fact/arxiv:2609.02772v1/abstract,intent-vs-fact,arxiv-abstracts,arxiv:2609.02772v1,abstract,en,https://arxiv.org/abs/2609.02772v1,eda1bfc4b246e426b694b7ae506d592ba74e4bc9b2db70bdbc3c1d272ca4ae4d,1181
intent-vs-fact/arxiv:2609.02780v1/abstract,intent-vs-fact,arxiv-abstracts,arxiv:2609.02780v1,abstract,en,https://arxiv.org/abs/2609.02780v1,be01321bddc36800b769a317931eae8feff9199c9260167bee6c7ef89aad8c50,1595
intent-vs-fact/arxiv:2609.02783v1/abstract,intent-vs-fact,arxiv-abstracts,arxiv:2609.02783v1,abstract,en,https://arxiv.org/abs/2609.02783v1,bb9fcb5a5bc9a02d945524f6d0301ec81a63d25450686b092fd95989f441764b,1296
intent-vs-fact/arxiv:2609.02786v1/abstract,intent-vs-fact,arxiv-abstracts,arxiv:2609.02786v1,abstract,en,https://arxiv.org/abs/2609.02786v1,99e8f91ae238614b5e17bedbdf30d3337f2b5ce18c6df01424f222ef295d7427,1570
intent-vs-fact/arxiv:2609.02796v1/abstract,intent-vs-fact,arxiv-abstracts,arxiv:2609.02796v1,abstract,en,https://arxiv.org/abs/2609.02796v1,bb12cd70864e92e98de764e74b024dc2f68c279a83be455018d072d30e516366,1402
intent-vs-fact/arxiv:2609.02797v1/abstract,intent-vs-fact,arxiv-abstracts,arxiv:2609.02797v1,abstract,en,https://arxiv.org/abs/2609.02797v1,099ea949a04ab001c435a708248c1582097165ef96325890de971704495f2bb0,1239
intent-vs-fact/arxiv:2609.02804v1/abstract,intent-vs-fact,arxiv-abstracts,arxiv:2609.02804v1,abstract,en,https://arxiv.org/abs/2609.02804v1,45e25fe5da1261879d9eec50276ff9c268f1e1b801aee2716d74d9e7c09f744b,1447
intent-vs-fact/arxiv:2609.02805v1/abstract,intent-vs-fact,arxiv-abstracts,arxiv:2609.02805v1,abstract,en,https://arxiv.org/abs/2609.02805v1,1822038eea218e6c8f6cd73606fb0c71656e9b9b55001d47a3fc722e689b2d25,1577
intent-vs-fact/arxiv:2609.02821v1/abstract,intent-vs-fact,arxiv-abstracts,arxiv:2609.02821v1,abstract,en,https://arxiv.org/abs/2609.02821v1,cc4c6a6901d1bd9d9c66b8d4fd234de27c3e2fa9747c68a80c2dcd9146fa6869,1869
intent-vs-fact/arxiv:2609.02849v2/abstract,intent-vs-fact,arxiv-abstracts,arxiv:2609.02849v2,abstract,en,https://arxiv.org/abs/2609.02849v2,08d686eda2b3d7e10bea7748e09639403a6cc71c24fa6937b19eed161d9062a1,1243
intent-vs-fact/arxiv:2609.02859v1/abstract,intent-vs-fact,arxiv-abstracts,arxiv:2609.02859v1,abstract,en,https://arxiv.org/abs/2609.02859v1,b86d4f1ef3e62d72da86811b31221899b566ec92f80853c566acaa07b3925609,1109
intent-vs-fact/arxiv:2609.02861v1/abstract,intent-vs-fact,arxiv-abstracts,arxiv:2609.02861v1,abstract,en,https://arxiv.org/abs/2609.02861v1,0b367236d8d8b106f52a13493456e77512d710941a869169a0dfff79dfc27be0,1611
intent-vs-fact/arxiv:2609.02885v1/abstract,intent-vs-fact,arxiv-abstracts,arxiv:2609.02885v1,abstract,en,https://arxiv.org/abs/2609.02885v1,8703474cb4f577b307731cf1a986f76f800470fde625b6ca4b3569d30e74f903,1424
intent-vs-fact/arxiv:2609.02967v1/abstract,intent-vs-fact,arxiv-abstracts,arxiv:2609.02967v1,abstract,en,https://arxiv.org/abs/2609.02967v1,f88b2065216250929bb568416afb4ec7e961b9e22f8276be1be0bbc65b110b1f,1596
intent-vs-fact/arxiv:2609.02984v1/abstract,intent-vs-fact,arxiv-abstracts,arxiv:2609.02984v1,abstract,en,https://arxiv.org/abs/2609.02984v1,a674f5f778db274b1295811033bf521225e210c97dde2e084cb4479a9cbbcd63,1735
intent-vs-fact/arxiv:2609.02992v1/abstract,intent-vs-fact,arxiv-abstracts,arxiv:2609.02992v1,abstract,en,https://arxiv.org/abs/2609.02992v1,270fe351453d7a6ec256acd36eba0c6706869a1a2e7bb320f5ac22845e336d61,1457
intent-vs-fact/arxiv:2609.03035v1/abstract,intent-vs-fact,arxiv-abstracts,arxiv:2609.03035v1,abstract,en,https://arxiv.org/abs/2609.03035v1,10771b9adf571c7fee4f3c1b92c41985f2db2a7ad569a18b11c702a3df5ba1ce,1111
intent-vs-fact/arxiv:2609.03192v1/abstract,intent-vs-fact,arxiv-abstracts,arxiv:2609.03192v1,abstract,en,https://arxiv.org/abs/2609.03192v1,f5c82434bf29ce8a6f25b43e1a71e000ab3da12d9d92573b65a764dccb716c2d,1917
intent-vs-fact/arxiv:2609.03236v1/abstract,intent-vs-fact,arxiv-abstracts,arxiv:2609.03236v1,abstract,en,https://arxiv.org/abs/2609.03236v1,15dfe555164bd0dd3f3059a10a75323f19e8afdefcc5d58a2fe5c04878088019,1584
intent-vs-fact/arxiv:2609.03308v1/abstract,intent-vs-fact,arxiv-abstracts,arxiv:2609.03308v1,abstract,en,https://arxiv.org/abs/2609.03308v1,e9721e3669a0307cf77062dff36a65fbb8c67a0122ee108ee7e0b6759f84271f,1253
intent-vs-fact/arxiv:2609.03422v1/abstract,intent-vs-fact,arxiv-abstracts,arxiv:2609.03422v1,abstract,en,https://arxiv.org/abs/2609.03422v1,8d6edc99f138f3317496feb28fc146180759abf71f0c8ad8eca160423e96c928,1733
intent-vs-fact/arxiv:2609.03425v1/abstract,intent-vs-fact,arxiv-abstracts,arxiv:2609.03425v1,abstract,en,https://arxiv.org/abs/2609.03425v1,e28acfe52dfe337fd6452b021d3df9466e5d782fb8fba651b4d743963c4e50c3,1888
intent-vs-fact/arxiv:2609.03753v3/abstract,intent-vs-fact,arxiv-abstracts,arxiv:2609.03753v3,abstract,en,https://arxiv.org/abs/2609.03753v3,441e701dd55e7f26ef2f975c45d668b73fc3c6c946c67eb85e26174d5d81e9be,1457
intent-vs-fact/arxiv:2609.03844v1/abstract,intent-vs-fact,arxiv-abstracts,arxiv:2609.03844v1,abstract,en,https://arxiv.org/abs/2609.03844v1,f611173112acaac97593f3c407fdca828ad454380117cdf12a62e7ddefd42b98,1414
intent-vs-fact/arxiv:2609.03871v2/abstract,intent-vs-fact,arxiv-abstracts,arxiv:2609.03871v2,abstract,en,https://arxiv.org/abs/2609.03871v2,a0213c876160a9b0a38a296887477cb2c6db8f9116503f14d69c657c6985e093,1881
intent-vs-fact/arxiv:2609.03887v1/abstract,intent-vs-fact,arxiv-abstracts,arxiv:2609.03887v1,abstract,en,https://arxiv.org/abs/2609.03887v1,4076493cd3b4de6d941e9d444e21c0e53bdc96ad13dc3740407198810ca949aa,1234
intent-vs-fact/arxiv:2609.03894v1/abstract,intent-vs-fact,arxiv-abstracts,arxiv:2609.03894v1,abstract,en,https://arxiv.org/abs/2609.03894v1,f417c8d86488905294adfc9489469c3c932df80be615a2a2a8415b5e21c68631,1205
intent-vs-fact/arxiv:2609.03915v1/abstract,intent-vs-fact,arxiv-abstracts,arxiv:2609.03915v1,abstract,en,https://arxiv.org/abs/2609.03915v1,767bb4cc843547ca92b13b66e9e57aefb52056422c067622eb119d8291c65773,1076
intent-vs-fact/arxiv:2609.03923v1/abstract,intent-vs-fact,arxiv-abstracts,arxiv:2609.03923v1,abstract,en,https://arxiv.org/abs/2609.03923v1,e3b80e9c800c61711ee4075a7668fe686b717608eb53356c9a0e2c1fb2c5e0f3,1524
intent-vs-fact/arxiv:2609.03930v2/abstract,intent-vs-fact,arxiv-abstracts,arxiv:2609.03930v2,abstract,en,https://arxiv.org/abs/2609.03930v2,d2301f19211db4124c7f336af906374732f7fa600376a4ea33221cc373b8f81a,1066
intent-vs-fact/arxiv:2609.03941v1/abstract,intent-vs-fact,arxiv-abstracts,arxiv:2609.03941v1,abstract,en,https://arxiv.org/abs/2609.03941v1,edcb1b309aa3ddbb0b525a813b816ca2e8266ff443b6ecbe30a734c054ca08ff,1238
intent-vs-fact/arxiv:2609.03943v1/abstract,intent-vs-fact,arxiv-abstracts,arxiv:2609.03943v1,abstract,en,https://arxiv.org/abs/2609.03943v1,18f712a2269f3d6b8c6be4351cf9d02babc76e7797dfaf4fd9ea30fa3904a1fa,1605
intent-vs-fact/arxiv:2609.03949v2/abstract,intent-vs-fact,arxiv-abstracts,arxiv:2609.03949v2,abstract,en,https://arxiv.org/abs/2609.03949v2,5fa647f4189c92e3b9334752e09c1ce3c56a9563853b26dc05b793aa34d836c4,1643
intent-vs-fact/arxiv:2609.03953v1/abstract,intent-vs-fact,arxiv-abstracts,arxiv:2609.03953v1,abstract,en,https://arxiv.org/abs/2609.03953v1,ce489c27ced79198db4b870ff02085830688a86224cd2329d312db53852374cb,1464
intent-vs-fact/arxiv:2609.03955v1/abstract,intent-vs-fact,arxiv-abstracts,arxiv:2609.03955v1,abstract,en,https://arxiv.org/abs/2609.03955v1,9e0b13ad52c4160df500a12376a77d0e6034dc3bfeeafca27160f07666131ca4,1098
intent-vs-fact/arxiv:2609.03960v1/abstract,intent-vs-fact,arxiv-abstracts,arxiv:2609.03960v1,abstract,en,https://arxiv.org/abs/2609.03960v1,912a06a400117916454e54ae3d827495151811ed829c24c3b3e1484fc30763d3,1201
intent-vs-fact/arxiv:2609.03967v1/abstract,intent-vs-fact,arxiv-abstracts,arxiv:2609.03967v1,abstract,en,https://arxiv.org/abs/2609.03967v1,3737b8f40ada50bef1fc6554380ec1e5571b30b0b75de284d9ae0fe04c7feab2,1331
intent-vs-fact/arxiv:2609.03985v1/abstract,intent-vs-fact,arxiv-abstracts,arxiv:2609.03985v1,abstract,en,https://arxiv.org/abs/2609.03985v1,400b60834379018680ed1a6bfab857c41ad87233d039cc7c39ffc410512760d4,1012
intent-vs-fact/arxiv:2609.03992v1/abstract,intent-vs-fact,arxiv-abstracts,arxiv:2609.03992v1,abstract,en,https://arxiv.org/abs/2609.03992v1,3be9dc0dd0d2e051d8a8c9cd18cc96dc4100f659758aae613165f58fa4cd68aa,1906
intent-vs-fact/arxiv:2609.04022v1/abstract,intent-vs-fact,arxiv-abstracts,arxiv:2609.04022v1,abstract,en,https://arxiv.org/abs/2609.04022v1,accede322796e1ad998bb4dd5d6481928659471462bd815beae60ce6e6a3eb14,1733
intent-vs-fact/arxiv:2609.04024v1/abstract,intent-vs-fact,arxiv-abstracts,arxiv:2609.04024v1,abstract,en,https://arxiv.org/abs/2609.04024v1,48403984cda431ca3ff33efd153f944fee9dddc87c7595a2b4f3ce620f06370e,1875
intent-vs-fact/arxiv:2609.04034v2/abstract,intent-vs-fact,arxiv-abstracts,arxiv:2609.04034v2,abstract,en,https://arxiv.org/abs/2609.04034v2,99883827b00d33553c64154a27dcf59e8d27784b113c78af5aebfc7cc1bbda31,1487
intent-vs-fact/arxiv:2609.04047v1/abstract,intent-vs-fact,arxiv-abstracts,arxiv:2609.04047v1,abstract,en,https://arxiv.org/abs/2609.04047v1,5c7ff653ca9c6fb7c8078fce3ff919c94d5a1aa3ab82b27ffceb5a1125cfe94c,1909
intent-vs-fact/arxiv:2609.04048v1/abstract,intent-vs-fact,arxiv-abstracts,arxiv:2609.04048v1,abstract,en,https://arxiv.org/abs/2609.04048v1,d6f5b89208e75856d4a6249bb9694deabd5e7ccdc89fa67c3172aa0f23d0e212,1859
intent-vs-fact/arxiv:2609.04061v1/abstract,intent-vs-fact,arxiv-abstracts,arxiv:2609.04061v1,abstract,en,https://arxiv.org/abs/2609.04061v1,b2031e465c45b1c5be371b085acf8a9246d6cca744cc066dd55c75c8b25a93a2,1368
intent-vs-fact/arxiv:2609.04063v1/abstract,intent-vs-fact,arxiv-abstracts,arxiv:2609.04063v1,abstract,en,https://arxiv.org/abs/2609.04063v1,1224527cb22d1864372e9500f4b3c9d203b3178310781161363d1a255e8d3459,1115
intent-vs-fact/arxiv:2609.04066v1/abstract,intent-vs-fact,arxiv-abstracts,arxiv:2609.04066v1,abstract,en,https://arxiv.org/abs/2609.04066v1,7ad50f6df003d4616cc8a9d5cabb56fbae0b3544ef8ff64f3d1b59def19dd9ad,1507
intent-vs-fact/arxiv:2609.04071v1/abstract,intent-vs-fact,arxiv-abstracts,arxiv:2609.04071v1,abstract,en,https://arxiv.org/abs/2609.04071v1,3ecc839d0a78cca561906274f23e9ac4457bbc9dd8acb7b8a3f4b1379e1822d8,1621
intent-vs-fact/arxiv:2609.04075v1/abstract,intent-vs-fact,arxiv-abstracts,arxiv:2609.04075v1,abstract,en,https://arxiv.org/abs/2609.04075v1,eb25a885025e11e05c920ef24b1e351ccbaa1a8bb04e933acb26cc58ddd13916,1824
intent-vs-fact/arxiv:2609.04083v1/abstract,intent-vs-fact,arxiv-abstracts,arxiv:2609.04083v1,abstract,en,https://arxiv.org/abs/2609.04083v1,04e7b9a09b630e088e02a4d4927f788f0f6ada1ba430543cd620e0177a802f8a,1290
intent-vs-fact/arxiv:2609.04086v1/abstract,intent-vs-fact,arxiv-abstracts,arxiv:2609.04086v1,abstract,en,https://arxiv.org/abs/2609.04086v1,072124ba7613ee7745dff3469629d119831e4fcaffc9c5077603549dcfc4bc71,405
intent-vs-fact/arxiv:2609.04094v1/abstract,intent-vs-fact,arxiv-abstracts,arxiv:2609.04094v1,abstract,en,https://arxiv.org/abs/2609.04094v1,1c59426d4c6e6138b86d3119aa57f30da1e38bf4bed66663b8bfa988ac4c0855,1259
intent-vs-fact/arxiv:2609.04096v1/abstract,intent-vs-fact,arxiv-abstracts,arxiv:2609.04096v1,abstract,en,https://arxiv.org/abs/2609.04096v1,8e30ef8a26c39d90929ea35ca051f4aa87a2667ffa9beeb3ef195529320dad69,1622
intent-vs-fact/arxiv:2609.04098v1/abstract,intent-vs-fact,arxiv-abstracts,arxiv:2609.04098v1,abstract,en,https://arxiv.org/abs/2609.04098v1,b6d0bd6c1418509d2a5347f4170ef1ca9945661fa9bc93ceecc73dca10a617d8,1919
intent-vs-fact/arxiv:2609.04108v2/abstract,intent-vs-fact,arxiv-abstracts,arxiv:2609.04108v2,abstract,en,https://arxiv.org/abs/2609.04108v2,94c25a132de22711e12120ac8956b44990059d02b960b5772b70c2fae2f0abf7,1267
intent-vs-fact/arxiv:2609.04127v1/abstract,intent-vs-fact,arxiv-abstracts,arxiv:2609.04127v1,abstract,en,https://arxiv.org/abs/2609.04127v1,7e386c2ab7c68b90790ba6328c6c6501dab00ec43bd84881ab454745de8a1b42,1404
intent-vs-fact/arxiv:2609.04128v1/abstract,intent-vs-fact,arxiv-abstracts,arxiv:2609.04128v1,abstract,en,https://arxiv.org/abs/2609.04128v1,c511a961bf305a30a6ef3bd66b6a6c420170908df3cc1e76ffda180c0cf1e08f,1346
intent-vs-fact/arxiv:2609.04135v1/abstract,intent-vs-fact,arxiv-abstracts,arxiv:2609.04135v1,abstract,en,https://arxiv.org/abs/2609.04135v1,43fbe8eee8969c64a7ce1df7d7f683d2d38dd8b92b2f6bdcf34556da1e45027d,1204
intent-vs-fact/arxiv:2609.04141v1/abstract,intent-vs-fact,arxiv-abstracts,arxiv:2609.04141v1,abstract,en,https://arxiv.org/abs/2609.04141v1,7df07b7d84e39a60363fd29b71702b8bb0687a3bc15f143a329f7ebae701e484,1445
intent-vs-fact/arxiv:2609.04147v1/abstract,intent-vs-fact,arxiv-abstracts,arxiv:2609.04147v1,abstract,en,https://arxiv.org/abs/2609.04147v1,9fc63b5c8a536fad6145a05fa0eefd0df98d7ef9ef5f522575651737642b0194,1689
intent-vs-fact/arxiv:2609.04148v1/abstract,intent-vs-fact,arxiv-abstracts,arxiv:2609.04148v1,abstract,en,https://arxiv.org/abs/2609.04148v1,a42b04723e7280494b3071e617374df2ec4c11a78bbe302d62278cb5141582ed,1907
intent-vs-fact/arxiv:2609.04159v1/abstract,intent-vs-fact,arxiv-abstracts,arxiv:2609.04159v1,abstract,en,https://arxiv.org/abs/2609.04159v1,50d3d83e93c3b0712bb9251b0c61e53ef16a77de6818f0419ba3b99b32961951,1898
intent-vs-fact/arxiv:2609.04166v1/abstract,intent-vs-fact,arxiv-abstracts,arxiv:2609.04166v1,abstract,en,https://arxiv.org/abs/2609.04166v1,a1525cc1395cc8f9d8eec45599d2c42c371813fef5cb668d9bc6816274ca6590,1063
intent-vs-fact/arxiv:2609.04167v1/abstract,intent-vs-fact,arxiv-abstracts,arxiv:2609.04167v1,abstract,en,https://arxiv.org/abs/2609.04167v1,261262027a4fb56d35ad95231a02d0e4b7a4d1dd9dcc56efe7a8ff3c231c61c0,1638
intent-vs-fact/arxiv:2609.04170v1/abstract,intent-vs-fact,arxiv-abstracts,arxiv:2609.04170v1,abstract,en,https://arxiv.org/abs/2609.04170v1,6e2ee34400f0b2f9edec8542ad5e3408df5cf0872ac459b9c151e9d5b30de686,1730
intent-vs-fact/arxiv:2609.04172v1/abstract,intent-vs-fact,arxiv-abstracts,arxiv:2609.04172v1,abstract,en,https://arxiv.org/abs/2609.04172v1,29095ec6feea156732f97d8a5de453221ecd9b7591cada060c99848e6001480a,1730
intent-vs-fact/arxiv:2609.04173v1/abstract,intent-vs-fact,arxiv-abstracts,arxiv:2609.04173v1,abstract,en,https://arxiv.org/abs/2609.04173v1,83090411440ac7433341f23a3ecbc287159ffbe0cddba39fcbe9628da8447496,1239
intent-vs-fact/arxiv:2609.04177v1/abstract,intent-vs-fact,arxiv-abstracts,arxiv:2609.04177v1,abstract,en,https://arxiv.org/abs/2609.04177v1,d6292a4c77f7de898e80aa25e73df2fbb903e78bd4f03b73d6aa7e5314077a6b,1367
intent-vs-fact/arxiv:2609.04180v1/abstract,intent-vs-fact,arxiv-abstracts,arxiv:2609.04180v1,abstract,en,https://arxiv.org/abs/2609.04180v1,fc82f995a4fdee50ccbc8b072ad890a8203ffa8be595d2db6ef434110cfdc5b2,1139
intent-vs-fact/arxiv:2609.04183v1/abstract,intent-vs-fact,arxiv-abstracts,arxiv:2609.04183v1,abstract,en,https://arxiv.org/abs/2609.04183v1,46cecec631c3f4e88ebe58cc751bf2a50f5ac55de03f2bf38ec7d011901224de,1033
intent-vs-fact/arxiv:2609.04189v1/abstract,intent-vs-fact,arxiv-abstracts,arxiv:2609.04189v1,abstract,en,https://arxiv.org/abs/2609.04189v1,957a2818cf3113b036cdd06ac5c03e8717bf692a283780b87752a902fac6871d,1225
intent-vs-fact/arxiv:2609.04190v1/abstract,intent-vs-fact,arxiv-abstracts,arxiv:2609.04190v1,abstract,en,https://arxiv.org/abs/2609.04190v1,b1a2c85b76a9ef36fb0e285730a3dbcadd7ee571688cefbd2cc68ce04730a5bc,852
intent-vs-fact/arxiv:2609.04194v1/abstract,intent-vs-fact,arxiv-abstracts,arxiv:2609.04194v1,abstract,en,https://arxiv.org/abs/2609.04194v1,c0922f6d70dd80ee7e475c381ef41ca3068f2f2503ba6897547cd4cda93c7d25,1392
intent-vs-fact/arxiv:2609.04197v1/abstract,intent-vs-fact,arxiv-abstracts,arxiv:2609.04197v1,abstract,en,https://arxiv.org/abs/2609.04197v1,c1a6126fc55fe548371c9695acd7bb957d3565e469b27e893fd001c2bb9ce630,1405
intent-vs-fact/arxiv:2609.04198v1/abstract,intent-vs-fact,arxiv-abstracts,arxiv:2609.04198v1,abstract,en,https://arxiv.org/abs/2609.04198v1,c38b7aee356f0ea9b302b7362a5b6e850da4121f28789546acfeac6a7ad54355,1912
intent-vs-fact/arxiv:2609.04199v1/abstract,intent-vs-fact,arxiv-abstracts,arxiv:2609.04199v1,abstract,en,https://arxiv.org/abs/2609.04199v1,293b1d22624692dcd7d3cada73ca1822197046ab52722efd95d824be3004db17,1040
intent-vs-fact/arxiv:2609.04270v1/abstract,intent-vs-fact,arxiv-abstracts,arxiv:2609.04270v1,abstract,en,https://arxiv.org/abs/2609.04270v1,311b4b598b18b739d7b38e42736faebe199c4181c231df7ecd95ae14e8df3b69,1677
intent-vs-fact/arxiv:2609.04280v2/abstract,intent-vs-fact,arxiv-abstracts,arxiv:2609.04280v2,abstract,en,https://arxiv.org/abs/2609.04280v2,4109a40bc157c2610bb97d0e53204e15cceb9e6ab65ec9e621fd3bb5e184f370,1806
intent-vs-fact/arxiv:2609.04303v1/abstract,intent-vs-fact,arxiv-abstracts,arxiv:2609.04303v1,abstract,en,https://arxiv.org/abs/2609.04303v1,55364e02d7e473f833e43f3bb028e2c3eba895887ee5290b2d912d7c122fceb3,1779
intent-vs-fact/arxiv:2609.04394v1/abstract,intent-vs-fact,arxiv-abstracts,arxiv:2609.04394v1,abstract,en,https://arxiv.org/abs/2609.04394v1,90538834811ee528f4a51e4cf456242d6049836464407cefcf8632909e431b4e,1241
intent-vs-fact/arxiv:2609.04564v1/abstract,intent-vs-fact,arxiv-abstracts,arxiv:2609.04564v1,abstract,en,https://arxiv.org/abs/2609.04564v1,0911ce15a2e9f6cb1e66a2b83c281d1f3ac6e91a64e5da572db4b86f9236f376,1878
intent-vs-fact/arxiv:2609.04894v1/abstract,intent-vs-fact,arxiv-abstracts,arxiv:2609.04894v1,abstract,en,https://arxiv.org/abs/2609.04894v1,a9792ea41f68ae8d3cce4ad7f6bcfd90b0dd3287255f363a4fd33154aec27212,1692
intent-vs-fact/arxiv:2609.04962v1/abstract,intent-vs-fact,arxiv-abstracts,arxiv:2609.04962v1,abstract,en,https://arxiv.org/abs/2609.04962v1,817e69d35ed8a2449d9f93ba927f4cabab74cb11217b98023443495370751406,1523
intent-vs-fact/arxiv:2609.04971v1/abstract,intent-vs-fact,arxiv-abstracts,arxiv:2609.04971v1,abstract,en,https://arxiv.org/abs/2609.04971v1,a6ec2858e1781203fddd7a48750a74ed34158eea8362d7ecedd3c14fbdccf720,1374
intent-vs-fact/arxiv:2609.04983v1/abstract,intent-vs-fact,arxiv-abstracts,arxiv:2609.04983v1,abstract,en,https://arxiv.org/abs/2609.04983v1,b5c122ec1499b15f2051939c91dd08fb4f538efcae29292474f4465dcde58083,1425
intent-vs-fact/arxiv:2609.04999v1/abstract,intent-vs-fact,arxiv-abstracts,arxiv:2609.04999v1,abstract,en,https://arxiv.org/abs/2609.04999v1,7b5da55f6d9daebe67ba32a16a447b6a7e6d2e3560c6cfc60ebf9337c04eb3b1,1469
intent-vs-fact/arxiv:2609.05018v3/abstract,intent-vs-fact,arxiv-abstracts,arxiv:2609.05018v3,abstract,en,https://arxiv.org/abs/2609.05018v3,3df7729952568fb7d3ced252b0888f55e966ed049b94f2d60f68d3bc97917f43,1912
intent-vs-fact/arxiv:2609.05022v1/abstract,intent-vs-fact,arxiv-abstracts,arxiv:2609.05022v1,abstract,en,https://arxiv.org/abs/2609.05022v1,d9ac8eca58b6c4c619dedc437dda98b80ba97adfa9f7a006fea1c2ea842c6f8f,1091
intent-vs-fact/arxiv:2609.05025v1/abstract,intent-vs-fact,arxiv-abstracts,arxiv:2609.05025v1,abstract,en,https://arxiv.org/abs/2609.05025v1,ab682edfc01f52535628c615c0c9cb407ae31e9356653e4a9646f60b77ff259d,1204
intent-vs-fact/arxiv:2609.05036v1/abstract,intent-vs-fact,arxiv-abstracts,arxiv:2609.05036v1,abstract,en,https://arxiv.org/abs/2609.05036v1,fb367fa1b40e2409ecc3c6889f1f0616b87e2998869ba317bbc4f8b34d482abd,1358
intent-vs-fact/arxiv:2609.05037v1/abstract,intent-vs-fact,arxiv-abstracts,arxiv:2609.05037v1,abstract,en,https://arxiv.org/abs/2609.05037v1,722af631f49699a007aed250dce886f9d2133607abd7c935bd9f40325546bb07,1337
intent-vs-fact/arxiv:2609.05043v1/abstract,intent-vs-fact,arxiv-abstracts,arxiv:2609.05043v1,abstract,en,https://arxiv.org/abs/2609.05043v1,1f0540f3ec55fc7d063f6005d471f565a46604d61cc1ad4d391f05fae8a8bbbf,1264
intent-vs-fact/arxiv:2609.05059v2/abstract,intent-vs-fact,arxiv-abstracts,arxiv:2609.05059v2,abstract,en,https://arxiv.org/abs/2609.05059v2,8d07098dc48a23e0fe9dc63ca20f471fc3fc3ebec09cb33a8287e48fdc1ea423,1270
intent-vs-fact/arxiv:2609.05069v1/abstract,intent-vs-fact,arxiv-abstracts,arxiv:2609.05069v1,abstract,en,https://arxiv.org/abs/2609.05069v1,d90d88aae58740579d65116bf6e05cca177b89480b1b0c430fd0298789613d3b,1146
intent-vs-fact/arxiv:2609.05074v1/abstract,intent-vs-fact,arxiv-abstracts,arxiv:2609.05074v1,abstract,en,https://arxiv.org/abs/2609.05074v1,dd625f236057c08197b5fa6e9e97bd782530ae72b42ffc127e24f42abfdd31d8,723
intent-vs-fact/arxiv:2609.05079v2/abstract,intent-vs-fact,arxiv-abstracts,arxiv:2609.05079v2,abstract,en,https://arxiv.org/abs/2609.05079v2,d04cf9e1013c6bbd339710c8632db8810b202d443769c0fbe61974e5924e88b6,1629
intent-vs-fact/arxiv:2609.05088v1/abstract,intent-vs-fact,arxiv-abstracts,arxiv:2609.05088v1,abstract,en,https://arxiv.org/abs/2609.05088v1,3bd68d189afcc3297680b326fcc18a79332faccfd5c04ecc5a976f1daa344d98,1677
intent-vs-fact/arxiv:2609.05099v1/abstract,intent-vs-fact,arxiv-abstracts,arxiv:2609.05099v1,abstract,en,https://arxiv.org/abs/2609.05099v1,28f1548fe27ea5697ba615d6bb41a6139f53865956ef146c66dfb3a2eb3e2a27,932
intent-vs-fact/arxiv:2609.05139v1/abstract,intent-vs-fact,arxiv-abstracts,arxiv:2609.05139v1,abstract,en,https://arxiv.org/abs/2609.05139v1,07399e0d9e71185d0196f48579f00142455142d682a2740b33309352611d8a4a,1590
intent-vs-fact/arxiv:2609.05143v1/abstract,intent-vs-fact,arxiv-abstracts,arxiv:2609.05143v1,abstract,en,https://arxiv.org/abs/2609.05143v1,0a8aab72ef68edbced941fbb81945be1a80f99d57f6b3e8274a8c7d83b7b6511,1669
intent-vs-fact/arxiv:2609.05149v1/abstract,intent-vs-fact,arxiv-abstracts,arxiv:2609.05149v1,abstract,en,https://arxiv.org/abs/2609.05149v1,600bbf72f9f15dea5aaa9620e2640a3bfeabf557ae27851541ebf716628b4a18,1189
intent-vs-fact/arxiv:2609.05151v1/abstract,intent-vs-fact,arxiv-abstracts,arxiv:2609.05151v1,abstract,en,https://arxiv.org/abs/2609.05151v1,0e55055ee28c39cff6f9a45e453ea3944521b45b6c52b12f036e6f289b776a66,1306
intent-vs-fact/arxiv:2609.05152v1/abstract,intent-vs-fact,arxiv-abstracts,arxiv:2609.05152v1,abstract,en,https://arxiv.org/abs/2609.05152v1,38ccdadb9d0324678d6b1c78b5e50195f1e88b8226bc7520e36f596c5735f3b9,1256
intent-vs-fact/arxiv:2609.05175v1/abstract,intent-vs-fact,arxiv-abstracts,arxiv:2609.05175v1,abstract,en,https://arxiv.org/abs/2609.05175v1,991eed82f25a2fc15f51d7e95ebb3d4f318104d33d61474e510d2b478099a707,1211
intent-vs-fact/arxiv:2609.05189v2/abstract,intent-vs-fact,arxiv-abstracts,arxiv:2609.05189v2,abstract,en,https://arxiv.org/abs/2609.05189v2,0e3ff87f0031b6c88befbeee23706bfd025ed73b8a5050646a52e70f4535e0be,1397
intent-vs-fact/arxiv:2609.05221v1/abstract,intent-vs-fact,arxiv-abstracts,arxiv:2609.05221v1,abstract,en,https://arxiv.org/abs/2609.05221v1,ef774c0c79011bbfcc4f4a73f5cfdaaa6bdb4d9ab41e55ecf5e18446914abb7c,1518
intent-vs-fact/arxiv:2609.05257v1/abstract,intent-vs-fact,arxiv-abstracts,arxiv:2609.05257v1,abstract,en,https://arxiv.org/abs/2609.05257v1,b9e597a2cc474e049a351597686fb6f7bcec15764ee149e56571d6f69ba96d43,1433
intent-vs-fact/arxiv:2609.05258v2/abstract,intent-vs-fact,arxiv-abstracts,arxiv:2609.05258v2,abstract,en,https://arxiv.org/abs/2609.05258v2,ea3ee05a54a54bf1ab9a8e22ebd6e408a2ab8769f4b674cabf6e38ef00924d60,1392
intent-vs-fact/arxiv:2609.05261v1/abstract,intent-vs-fact,arxiv-abstracts,arxiv:2609.05261v1,abstract,en,https://arxiv.org/abs/2609.05261v1,d12a238d62d56de879dffb21314430843168b0fb08e78a6b8cdb1a959706f04b,1238
intent-vs-fact/arxiv:2609.05262v1/abstract,intent-vs-fact,arxiv-abstracts,arxiv:2609.05262v1,abstract,en,https://arxiv.org/abs/2609.05262v1,9de6f4c74b3935337f638ae2972032944b92f618dc94a16d8b51f6bee95d12f9,1782
intent-vs-fact/arxiv:2609.05269v1/abstract,intent-vs-fact,arxiv-abstracts,arxiv:2609.05269v1,abstract,en,https://arxiv.org/abs/2609.05269v1,ad28df7665e1ffd3cdef0937c239e9041b1a4ce1f29a5a2ec57215b21a3df2e2,1634
intent-vs-fact/arxiv:2609.05270v1/abstract,intent-vs-fact,arxiv-abstracts,arxiv:2609.05270v1,abstract,en,https://arxiv.org/abs/2609.05270v1,e524cea513a529605d5642aba9a9934abf0ca7bae61adb554b9c96fb82f2856b,1687
intent-vs-fact/arxiv:2609.05275v1/abstract,intent-vs-fact,arxiv-abstracts,arxiv:2609.05275v1,abstract,en,https://arxiv.org/abs/2609.05275v1,70d5f9e8e4983f0ca3f08e80c019c49c8fb7f58092ee45e25d84247a97c9e1e6,1464
intent-vs-fact/arxiv:2609.05279v1/abstract,intent-vs-fact,arxiv-abstracts,arxiv:2609.05279v1,abstract,en,https://arxiv.org/abs/2609.05279v1,03f8b0b3d1cd5aa4370de550f43d3ffaf8fd125dda43a91a7e57401f4ade762e,1355
intent-vs-fact/arxiv:2609.05284v1/abstract,intent-vs-fact,arxiv-abstracts,arxiv:2609.05284v1,abstract,en,https://arxiv.org/abs/2609.05284v1,08b9254ea3d0c22da1d6e2158752588880f11a75f563574b1c43a8f5d7904733,1297
intent-vs-fact/arxiv:2609.05289v1/abstract,intent-vs-fact,arxiv-abstracts,arxiv:2609.05289v1,abstract,en,https://arxiv.org/abs/2609.05289v1,d22992afae1e4c6c9f5949eac15a177475918958b4c973ccff29ea529490a426,1250
intent-vs-fact/arxiv:2609.05295v1/abstract,intent-vs-fact,arxiv-abstracts,arxiv:2609.05295v1,abstract,en,https://arxiv.org/abs/2609.05295v1,6851efdff9a84acaa262cdbbf6c4dc168625eb1fb965a593601165744a76371d,1374
intent-vs-fact/arxiv:2609.05296v1/abstract,intent-vs-fact,arxiv-abstracts,arxiv:2609.05296v1,abstract,en,https://arxiv.org/abs/2609.05296v1,7fbacc0a2b9b81c67e27ff013dc5393ada78f464f5270b37e83b343627ad7e27,971
intent-vs-fact/arxiv:2609.05298v1/abstract,intent-vs-fact,arxiv-abstracts,arxiv:2609.05298v1,abstract,en,https://arxiv.org/abs/2609.05298v1,9a28d8ddfb1da36acd72a410ccd98b7cf31702599e72b7bfd27dd5efb3f3b010,1332
intent-vs-fact/arxiv:2609.05309v1/abstract,intent-vs-fact,arxiv-abstracts,arxiv:2609.05309v1,abstract,en,https://arxiv.org/abs/2609.05309v1,2cb7ec408e5711d42a9d85c39626a62f391d214a9b92fb894f8bd99154a420e2,1740
intent-vs-fact/arxiv:2609.05314v1/abstract,intent-vs-fact,arxiv-abstracts,arxiv:2609.05314v1,abstract,en,https://arxiv.org/abs/2609.05314v1,54bf6c21701332ec02b70bb0d8130d1af5874ba205fcecad53aa04cf46aa47a9,1811
intent-vs-fact/arxiv:2609.05324v1/abstract,intent-vs-fact,arxiv-abstracts,arxiv:2609.05324v1,abstract,en,https://arxiv.org/abs/2609.05324v1,5015ce174b110e5838e82693281de10c18907bb2352eb268fa2572a36002e07f,1410
intent-vs-fact/arxiv:2609.05327v1/abstract,intent-vs-fact,arxiv-abstracts,arxiv:2609.05327v1,abstract,en,https://arxiv.org/abs/2609.05327v1,619856cbcf4aa6af00568898f78e115d5a47f5b3b648a9bc128546ff2508f03d,1619
intent-vs-fact/arxiv:2609.05333v1/abstract,intent-vs-fact,arxiv-abstracts,arxiv:2609.05333v1,abstract,en,https://arxiv.org/abs/2609.05333v1,77147fc144ffe0074bbcb979aad77885fea44496b73eb5eec2b9e7dcd8f8a551,1676
intent-vs-fact/arxiv:2609.05334v1/abstract,intent-vs-fact,arxiv-abstracts,arxiv:2609.05334v1,abstract,en,https://arxiv.org/abs/2609.05334v1,422998d233e51dabe4de9f291276b86b04d8ef2cf47c3460ca1c2d87fc62b2ee,1881
intent-vs-fact/arxiv:2609.05335v1/abstract,intent-vs-fact,arxiv-abstracts,arxiv:2609.05335v1,abstract,en,https://arxiv.org/abs/2609.05335v1,ae3f5a05a93a94e1ebec99ee726daa110888ceaee762cd3d45f51d2c3cfc96ab,1905
intent-vs-fact/arxiv:2609.05339v1/abstract,intent-vs-fact,arxiv-abstracts,arxiv:2609.05339v1,abstract,en,https://arxiv.org/abs/2609.05339v1,876ba304b5350b72be294808fa614a851772ebae2d3de5cdfb72971db775317a,1828
intent-vs-fact/arxiv:2609.05340v1/abstract,intent-vs-fact,arxiv-abstracts,arxiv:2609.05340v1,abstract,en,https://arxiv.org/abs/2609.05340v1,d451b9204409823fbe47caea009ba6cba05b20c03344fcd440be504668cbeb26,1023
intent-vs-fact/arxiv:2609.05342v1/abstract,intent-vs-fact,arxiv-abstracts,arxiv:2609.05342v1,abstract,en,https://arxiv.org/abs/2609.05342v1,827b804dd68885bfc0933bb53b71d8c42f46f57f5d73aad4d42e1c935bd3340f,653
intent-vs-fact/arxiv:2609.05346v1/abstract,intent-vs-fact,arxiv-abstracts,arxiv:2609.05346v1,abstract,en,https://arxiv.org/abs/2609.05346v1,7ee95f45cf3114fceded3436d709521b43effefef55690adfc844b707eb6c7d2,1827
intent-vs-fact/arxiv:2609.05364v1/abstract,intent-vs-fact,arxiv-abstracts,arxiv:2609.05364v1,abstract,en,https://arxiv.org/abs/2609.05364v1,2659dcab3266a2923c9823ae2de214d3600de249075c84bf92856f949bd0a98d,1437
intent-vs-fact/arxiv:2609.05370v1/abstract,intent-vs-fact,arxiv-abstracts,arxiv:2609.05370v1,abstract,en,https://arxiv.org/abs/2609.05370v1,2681732dbc3a7e951b8018b8737876269be50d730aa57224e5c928cb9cd040c0,1856
intent-vs-fact/arxiv:2609.05374v1/abstract,intent-vs-fact,arxiv-abstracts,arxiv:2609.05374v1,abstract,en,https://arxiv.org/abs/2609.05374v1,69eab19b6e45e1b2ddf9f29f6f0937d51e06a5bb7dea34dadb761361c82f08d4,1740
intent-vs-fact/arxiv:2609.05376v1/abstract,intent-vs-fact,arxiv-abstracts,arxiv:2609.05376v1,abstract,en,https://arxiv.org/abs/2609.05376v1,adb13f3f70dff8db721fe1ca40a55379e406869ed44fbe80416eeb278e05eeba,1575
intent-vs-fact/arxiv:2609.05381v1/abstract,intent-vs-fact,arxiv-abstracts,arxiv:2609.05381v1,abstract,en,https://arxiv.org/abs/2609.05381v1,53244c5d709f69ea286bf15eebc523d8b98ca39977baff96e964d7e520c6b377,1371
intent-vs-fact/arxiv:2609.05382v1/abstract,intent-vs-fact,arxiv-abstracts,arxiv:2609.05382v1,abstract,en,https://arxiv.org/abs/2609.05382v1,1c1fd0d284d770bee4cf7b89809cf1cd52916368af6483912fb371e3dc4574ca,1145
intent-vs-fact/arxiv:2609.05385v2/abstract,intent-vs-fact,arxiv-abstracts,arxiv:2609.05385v2,abstract,en,https://arxiv.org/abs/2609.05385v2,d2c81bc08ee6b44d796b4ffb9da8a2fc239c925d534da1bd8b5febeefe0ba86f,1796
intent-vs-fact/arxiv:2609.05395v1/abstract,intent-vs-fact,arxiv-abstracts,arxiv:2609.05395v1,abstract,en,https://arxiv.org/abs/2609.05395v1,5527d6dc3ee2a595a56cfe2ef3373c411f34dd17e8841fe6406395d3298de52f,959
intent-vs-fact/arxiv:2609.05396v1/abstract,intent-vs-fact,arxiv-abstracts,arxiv:2609.05396v1,abstract,en,https://arxiv.org/abs/2609.05396v1,03a4061241100725d0df74a8d4e5dbc43359a0ae8f399d8284d3b3f561cd3013,1223
intent-vs-fact/arxiv:2609.05401v1/abstract,intent-vs-fact,arxiv-abstracts,arxiv:2609.05401v1,abstract,en,https://arxiv.org/abs/2609.05401v1,c5e865fcc894e658266511f6590442b72abc5621678a93e1b906f075de06e021,1095
intent-vs-fact/arxiv:2609.05403v1/abstract,intent-vs-fact,arxiv-abstracts,arxiv:2609.05403v1,abstract,en,https://arxiv.org/abs/2609.05403v1,297d65527941bb11eb9b35b27fe9d17015f57031b2554fe0e0995593533ad127,1619
intent-vs-fact/arxiv:2609.05404v1/abstract,intent-vs-fact,arxiv-abstracts,arxiv:2609.05404v1,abstract,en,https://arxiv.org/abs/2609.05404v1,b065768472e0e1efb6a0ce95bfca18bb325dc300f1cdbd96f6ec05bbe5140e16,1023
intent-vs-fact/arxiv:2609.05405v1/abstract,intent-vs-fact,arxiv-abstracts,arxiv:2609.05405v1,abstract,en,https://arxiv.org/abs/2609.05405v1,1fbf0d73f0b4c8f9369f96819e4c541e045faa0df64680d0c459d981fa3ce51c,1668
intent-vs-fact/arxiv:2609.05663v1/abstract,intent-vs-fact,arxiv-abstracts,arxiv:2609.05663v1,abstract,en,https://arxiv.org/abs/2609.05663v1,0d0fcc89f8be6387cb7ee07874fbb62a10a9fb68170de77b4e8d168ccf59e537,1913
intent-vs-fact/arxiv:2609.05708v1/abstract,intent-vs-fact,arxiv-abstracts,arxiv:2609.05708v1,abstract,en,https://arxiv.org/abs/2609.05708v1,3fbc8857ffe78791cd31b516b8cad64c886276bcd7c74cae9ae2bc252f98a31f,1752
intent-vs-fact/arxiv:2609.05739v1/abstract,intent-vs-fact,arxiv-abstracts,arxiv:2609.05739v1,abstract,en,https://arxiv.org/abs/2609.05739v1,27046054467b9e4342ee15bb1f16499250b731777cc97898f7adc96d2dddde58,1298
intent-vs-fact/arxiv:2609.05740v1/abstract,intent-vs-fact,arxiv-abstracts,arxiv:2609.05740v1,abstract,en,https://arxiv.org/abs/2609.05740v1,8c77fcf55db4e10bc16433597463b9164e1fc52c8da785b0381a95e155a431d1,1768
intent-vs-fact/arxiv:2609.05741v1/abstract,intent-vs-fact,arxiv-abstracts,arxiv:2609.05741v1,abstract,en,https://arxiv.org/abs/2609.05741v1,27abfa9dfc9872210917ba843d0612aef39f2e48ae6550421c2dacb23d3d819b,1193
intent-vs-fact/arxiv:2609.06140v1/abstract,intent-vs-fact,arxiv-abstracts,arxiv:2609.06140v1,abstract,en,https://arxiv.org/abs/2609.06140v1,17435ebcf906d9b97bb2058a0005d7409559444e505126c5a5777db5933559c1,1559
intent-vs-fact/arxiv:2609.06273v1/abstract,intent-vs-fact,arxiv-abstracts,arxiv:2609.06273v1,abstract,en,https://arxiv.org/abs/2609.06273v1,24e42f265a9f7b94cf8d29a88b0fdef22d65832e0280532285a0c6957493efb7,1374
intent-vs-fact/arxiv:2609.06355v1/abstract,intent-vs-fact,arxiv-abstracts,arxiv:2609.06355v1,abstract,en,https://arxiv.org/abs/2609.06355v1,694ee1ccbe1c34175df6cebf72d44efb8e720c3be2aed7ffec42a86f238531b9,815
intent-vs-fact/arxiv:2609.06500v1/abstract,intent-vs-fact,arxiv-abstracts,arxiv:2609.06500v1,abstract,en,https://arxiv.org/abs/2609.06500v1,836400c160510e4eccf5c4925df1735020886aacc34a384147c85a54a2106718,1606
intent-vs-fact/arxiv:2609.06586v2/abstract,intent-vs-fact,arxiv-abstracts,arxiv:2609.06586v2,abstract,en,https://arxiv.org/abs/2609.06586v2,526cd1390cd90e746f63cf41764fc982ecccb2e67ad3b90f4a585eed57374d73,1760
intent-vs-fact/arxiv:2609.06983v2/abstract,intent-vs-fact,arxiv-abstracts,arxiv:2609.06983v2,abstract,en,https://arxiv.org/abs/2609.06983v2,dc68bd80e83f5fc90e9c7fc6f7404642ea38ffdd1432f91d832756925d053819,502
intent-vs-fact/arxiv:2609.07328v1/abstract,intent-vs-fact,arxiv-abstracts,arxiv:2609.07328v1,abstract,en,https://arxiv.org/abs/2609.07328v1,c6e40c9278c5ca65c82d07d1f9e258ce51e0247bcfa95c67425a2e9fb90d7bb8,1586
intent-vs-fact/arxiv:2609.07350v1/abstract,intent-vs-fact,arxiv-abstracts,arxiv:2609.07350v1,abstract,en,https://arxiv.org/abs/2609.07350v1,244d3bf7b097c47cf9e25cd2532d0d888db44df5ac4dd194f693188af20737d5,1485
intent-vs-fact/arxiv:2609.07397v1/abstract,intent-vs-fact,arxiv-abstracts,arxiv:2609.07397v1,abstract,en,https://arxiv.org/abs/2609.07397v1,bf5edfa9ea32362e795c850284a8a26af7dd7baad29d1451da2523a539201723,1561
intent-vs-fact/arxiv:2609.07479v1/abstract,intent-vs-fact,arxiv-abstracts,arxiv:2609.07479v1,abstract,en,https://arxiv.org/abs/2609.07479v1,87e0b59261c351bb7d2af2083afb146c598da2738ab195c123b33ee9b60ddc80,1634
intent-vs-fact/arxiv:2609.07618v1/abstract,intent-vs-fact,arxiv-abstracts,arxiv:2609.07618v1,abstract,en,https://arxiv.org/abs/2609.07618v1,f0dba7622ceb075b706acd5b0e08ab02c2d66e991bdd554144598ab936b02e82,854
intent-vs-fact/arxiv:2609.07680v1/abstract,intent-vs-fact,arxiv-abstracts,arxiv:2609.07680v1,abstract,en,https://arxiv.org/abs/2609.07680v1,5573380c0861bec7b572bbd1c6c5c00d2247141a76e0d24c3f9f2eff1f6aed80,1908
intent-vs-fact/arxiv:2609.07689v1/abstract,intent-vs-fact,arxiv-abstracts,arxiv:2609.07689v1,abstract,en,https://arxiv.org/abs/2609.07689v1,d7810cb21b5a836caebf66fa60d14d543ed43724aee13029811a7a7050dd8fda,1724
intent-vs-fact/arxiv:2609.07720v1/abstract,intent-vs-fact,arxiv-abstracts,arxiv:2609.07720v1,abstract,en,https://arxiv.org/abs/2609.07720v1,519893872a59765f48d5900cbbb294f746ce45b85abdea1b505eedb14f06bb51,1343
intent-vs-fact/arxiv:2609.08033v1/abstract,intent-vs-fact,arxiv-abstracts,arxiv:2609.08033v1,abstract,en,https://arxiv.org/abs/2609.08033v1,51bb8093dca19c7bd36566bd2fb33ba1a91a8479a095f41ea4973fbda86f6564,1094
intent-vs-fact/arxiv:2609.08358v1/abstract,intent-vs-fact,arxiv-abstracts,arxiv:2609.08358v1,abstract,en,https://arxiv.org/abs/2609.08358v1,fc3506c6555b93b6dbc3f32d8766791d81fbb4c2f5627df504fd11db28653d8a,1735
intent-vs-fact/arxiv:2609.08366v1/abstract,intent-vs-fact,arxiv-abstracts,arxiv:2609.08366v1,abstract,en,https://arxiv.org/abs/2609.08366v1,c42560f14a93dbbc26a139aefaee166693306e6211567712c96097b990af5830,1798
intent-vs-fact/arxiv:2609.08472v2/abstract,intent-vs-fact,arxiv-abstracts,arxiv:2609.08472v2,abstract,en,https://arxiv.org/abs/2609.08472v2,fefb1135d6e018796c0d249aaf7a675a17e98656e415d407fd637d43e30c4e91,1546
intent-vs-fact/arxiv:2609.08677v1/abstract,intent-vs-fact,arxiv-abstracts,arxiv:2609.08677v1,abstract,en,https://arxiv.org/abs/2609.08677v1,81aff663b64206b651cf37caa5f3ac5cbbd21b8692afd4b280884ff957bd737f,1808
intent-vs-fact/arxiv:2609.08696v1/abstract,intent-vs-fact,arxiv-abstracts,arxiv:2609.08696v1,abstract,en,https://arxiv.org/abs/2609.08696v1,175ffb0da65bd12b8a75d881dceed325cbbe4aafe2eef69dba676685740fb007,1602
intent-vs-fact/arxiv:2609.08779v1/abstract,intent-vs-fact,arxiv-abstracts,arxiv:2609.08779v1,abstract,en,https://arxiv.org/abs/2609.08779v1,301b9ae2ce1c5024b98060e5af90f6d1506e19b25fa2b3ab189a515be716f75d,1072
intent-vs-fact/arxiv:2609.08797v2/abstract,intent-vs-fact,arxiv-abstracts,arxiv:2609.08797v2,abstract,en,https://arxiv.org/abs/2609.08797v2,afea3ca90891dcc1ceabf9d40520b75affdab118de91eb0373cbd834b7cc94e4,1718
intent-vs-fact/arxiv:2609.08798v1/abstract,intent-vs-fact,arxiv-abstracts,arxiv:2609.08798v1,abstract,en,https://arxiv.org/abs/2609.08798v1,55429360b1d753f3bd840541bf53ea42364ff73ce36d5ae59121722c41e6c5ef,1449
intent-vs-fact/arxiv:2609.08826v1/abstract,intent-vs-fact,arxiv-abstracts,arxiv:2609.08826v1,abstract,en,https://arxiv.org/abs/2609.08826v1,bc3009450b244d5f7cc9548af0fce0619acd11d58b38167ae4214544bf4fab6b,1912
intent-vs-fact/arxiv:2609.08887v1/abstract,intent-vs-fact,arxiv-abstracts,arxiv:2609.08887v1,abstract,en,https://arxiv.org/abs/2609.08887v1,bd98210023cc24ba1959c232d2ecbfbb3269ea2cce25ffd267ba60b6678efe24,1903
intent-vs-fact/arxiv:2609.08896v1/abstract,intent-vs-fact,arxiv-abstracts,arxiv:2609.08896v1,abstract,en,https://arxiv.org/abs/2609.08896v1,8d889d1f689d0d14dc1d47504091646731514eeba34649a32ca08e2bfe77d804,1465
intent-vs-fact/arxiv:2609.08899v4/abstract,intent-vs-fact,arxiv-abstracts,arxiv:2609.08899v4,abstract,en,https://arxiv.org/abs/2609.08899v4,35a7e5a41b51bac5fd387f9f0aae6ad1cd1ac1489bee90d45948130831bb60e4,1070
intent-vs-fact/arxiv:2609.08919v1/abstract,intent-vs-fact,arxiv-abstracts,arxiv:2609.08919v1,abstract,en,https://arxiv.org/abs/2609.08919v1,fc932d64a9ad2eb7bf453eb08f59246e055a59fb5df0a86ec418bbff7ba26792,1582
intent-vs-fact/arxiv:2609.08934v1/abstract,intent-vs-fact,arxiv-abstracts,arxiv:2609.08934v1,abstract,en,https://arxiv.org/abs/2609.08934v1,637d770a35f0a7146003223e7d8ee47baaf67bee9426b752f30421ec6866d01f,1293
intent-vs-fact/arxiv:2609.08936v1/abstract,intent-vs-fact,arxiv-abstracts,arxiv:2609.08936v1,abstract,en,https://arxiv.org/abs/2609.08936v1,53c6195a00d1cea2ecaa50a733fed5a0b9614e55f52c4d18ef0fbbea9da9698e,1634
intent-vs-fact/arxiv:2609.08943v1/abstract,intent-vs-fact,arxiv-abstracts,arxiv:2609.08943v1,abstract,en,https://arxiv.org/abs/2609.08943v1,763cb05f87f7741f7c001dca06a8b7ae656d9025a6c088b0b9b3946803b9d3be,1420
intent-vs-fact/arxiv:2609.08950v1/abstract,intent-vs-fact,arxiv-abstracts,arxiv:2609.08950v1,abstract,en,https://arxiv.org/abs/2609.08950v1,227cb2c617337e81eee6fbb04abf4d52d1175c4243ebff763c788a206d38eb5c,1863
intent-vs-fact/arxiv:2609.08965v1/abstract,intent-vs-fact,arxiv-abstracts,arxiv:2609.08965v1,abstract,en,https://arxiv.org/abs/2609.08965v1,61306d05dc5b6411c9d7759d1a0e8275b031f1acc8759d4f9be88a91bd25170a,1802
intent-vs-fact/arxiv:2609.08966v1/abstract,intent-vs-fact,arxiv-abstracts,arxiv:2609.08966v1,abstract,en,https://arxiv.org/abs/2609.08966v1,78a79f9ec0d14952888ef9380d39d8f3c2a8138b5f36334f1e2088b278aa4f03,467
intent-vs-fact/arxiv:2609.08970v1/abstract,intent-vs-fact,arxiv-abstracts,arxiv:2609.08970v1,abstract,en,https://arxiv.org/abs/2609.08970v1,9d688a628e12fda74f6bf3068c0a6c2d477ac155e64f5c566a614b8e0d337f8e,1194
intent-vs-fact/arxiv:2609.08977v3/abstract,intent-vs-fact,arxiv-abstracts,arxiv:2609.08977v3,abstract,en,https://arxiv.org/abs/2609.08977v3,af96a0d6ac247c899535fd04bf4256232578110349ac3b60677e34525b2f5122,1892
intent-vs-fact/arxiv:2609.08981v2/abstract,intent-vs-fact,arxiv-abstracts,arxiv:2609.08981v2,abstract,en,https://arxiv.org/abs/2609.08981v2,3feb0fc9efea27a2e4fedf1c5f4cbd69bf29805e7e500a3d7cc094874105c4a3,1525
intent-vs-fact/arxiv:2609.09001v1/abstract,intent-vs-fact,arxiv-abstracts,arxiv:2609.09001v1,abstract,en,https://arxiv.org/abs/2609.09001v1,8b335fefb846f40a28b158ab8b93df856cf8b9682211a62dce489f7623e49d7b,1662
intent-vs-fact/arxiv:2609.09004v1/abstract,intent-vs-fact,arxiv-abstracts,arxiv:2609.09004v1,abstract,en,https://arxiv.org/abs/2609.09004v1,0e6c4fd789d5fefa01c39da113fc56fbad0c75a9718ab40c98a52a84fa5c7f8c,1072
intent-vs-fact/arxiv:2609.09009v1/abstract,intent-vs-fact,arxiv-abstracts,arxiv:2609.09009v1,abstract,en,https://arxiv.org/abs/2609.09009v1,148b02a22d622b9cd159f4a97ea319cff23f75f2d23e305314bbc947a740a89e,1540
intent-vs-fact/arxiv:2609.09022v1/abstract,intent-vs-fact,arxiv-abstracts,arxiv:2609.09022v1,abstract,en,https://arxiv.org/abs/2609.09022v1,6b9af893cf6fdb2fb6f04c5159d1792b154e27cde1ef294d0e0bd10bb7d8755f,1116
intent-vs-fact/arxiv:2609.09030v1/abstract,intent-vs-fact,arxiv-abstracts,arxiv:2609.09030v1,abstract,en,https://arxiv.org/abs/2609.09030v1,d29ff59278c341232071fc2a89fa102dfc614bcd0f94282b27217750519d3f7e,1521
intent-vs-fact/arxiv:2609.09048v1/abstract,intent-vs-fact,arxiv-abstracts,arxiv:2609.09048v1,abstract,en,https://arxiv.org/abs/2609.09048v1,6a91464ed724d323b1fc24758411729dba999a7d3a7accdc1e177faa0621c43d,1318
intent-vs-fact/arxiv:2609.09054v1/abstract,intent-vs-fact,arxiv-abstracts,arxiv:2609.09054v1,abstract,en,https://arxiv.org/abs/2609.09054v1,f300d5c3ba72fa97cebe527d3b0e4e7c5b61b47af657061cc3070474de690233,1383
intent-vs-fact/arxiv:2609.09056v1/abstract,intent-vs-fact,arxiv-abstracts,arxiv:2609.09056v1,abstract,en,https://arxiv.org/abs/2609.09056v1,2a998c05de45335a4d84d15f847500ce3636524f4b16c684d576b316c57efd08,1235
intent-vs-fact/arxiv:2609.09070v1/abstract,intent-vs-fact,arxiv-abstracts,arxiv:2609.09070v1,abstract,en,https://arxiv.org/abs/2609.09070v1,305cef7f1b38d38955e6e03b104a4a60ce2c961392517cfa09b31f526965b5c6,1024
intent-vs-fact/arxiv:2609.09072v1/abstract,intent-vs-fact,arxiv-abstracts,arxiv:2609.09072v1,abstract,en,https://arxiv.org/abs/2609.09072v1,d233e6555c120348d80495123d531c9315f78ef4b3dea61aa6be1c28c09c6b14,1137
intent-vs-fact/arxiv:2609.09075v2/abstract,intent-vs-fact,arxiv-abstracts,arxiv:2609.09075v2,abstract,en,https://arxiv.org/abs/2609.09075v2,7568ebbd21725324c60f21786655a884ebc16f253286fedf04f9ae4d32258afc,1520
intent-vs-fact/arxiv:2609.09076v1/abstract,intent-vs-fact,arxiv-abstracts,arxiv:2609.09076v1,abstract,en,https://arxiv.org/abs/2609.09076v1,b44a16e1276253cf706a2ee1337604330fe60b90101ec07f9a2b62e1e79c3b40,1530
intent-vs-fact/arxiv:2609.09081v1/abstract,intent-vs-fact,arxiv-abstracts,arxiv:2609.09081v1,abstract,en,https://arxiv.org/abs/2609.09081v1,fcfccfd73765811e351aa2c9808977935f300868a41f7273fa8dd9c1625aaf86,1501
intent-vs-fact/arxiv:2609.09082v1/abstract,intent-vs-fact,arxiv-abstracts,arxiv:2609.09082v1,abstract,en,https://arxiv.org/abs/2609.09082v1,2d44eb9d5f3e98b0102424fcf2fa42128d876c12183d74d4204b1c813b6305b9,1689
intent-vs-fact/arxiv:2609.09085v1/abstract,intent-vs-fact,arxiv-abstracts,arxiv:2609.09085v1,abstract,en,https://arxiv.org/abs/2609.09085v1,c56b82c254c768f2d3e40c86bdcadadd81883a6d3efd647678c178a664b76973,777
intent-vs-fact/arxiv:2609.09090v1/abstract,intent-vs-fact,arxiv-abstracts,arxiv:2609.09090v1,abstract,en,https://arxiv.org/abs/2609.09090v1,5a8e9bdc9d14720c2cddaf716e12d4fc18b065a3ac694c008b3735e2c35748aa,1352
intent-vs-fact/arxiv:2609.09094v1/abstract,intent-vs-fact,arxiv-abstracts,arxiv:2609.09094v1,abstract,en,https://arxiv.org/abs/2609.09094v1,ce644d68e09ae70d8132401290ec98a3eda9ecd812efc803206f9cc7df4d3b1e,1174
intent-vs-fact/arxiv:2609.09113v2/abstract,intent-vs-fact,arxiv-abstracts,arxiv:2609.09113v2,abstract,en,https://arxiv.org/abs/2609.09113v2,1a1041de147faef5f5826afdf8b3028e258b9b2ea5d814524a49383bd5ae3f8f,1617
intent-vs-fact/arxiv:2609.09115v1/abstract,intent-vs-fact,arxiv-abstracts,arxiv:2609.09115v1,abstract,en,https://arxiv.org/abs/2609.09115v1,361ac7ffbbfb40294e938ae86c07e3bec4490d8ca6dd7ac0712d3d727579c721,1274
intent-vs-fact/arxiv:2609.09119v1/abstract,intent-vs-fact,arxiv-abstracts,arxiv:2609.09119v1,abstract,en,https://arxiv.org/abs/2609.09119v1,bac01154fab53152f2b295da713b96298a3dfcca200d670fc7846fd3b80a6733,1476
intent-vs-fact/arxiv:2609.09124v1/abstract,intent-vs-fact,arxiv-abstracts,arxiv:2609.09124v1,abstract,en,https://arxiv.org/abs/2609.09124v1,abf2b914022883bde3ac779e54dfe0f51cb7bdc8c62a50cebd1bef68adbee67e,968
intent-vs-fact/arxiv:2609.09126v1/abstract,intent-vs-fact,arxiv-abstracts,arxiv:2609.09126v1,abstract,en,https://arxiv.org/abs/2609.09126v1,fc269af67e61f89b4276ba028ff071ac2e4095d2e002d8824f917fe32878d803,387
intent-vs-fact/arxiv:2609.09133v1/abstract,intent-vs-fact,arxiv-abstracts,arxiv:2609.09133v1,abstract,en,https://arxiv.org/abs/2609.09133v1,8d54cb74533acfcef667017a928a19751ea1e62afb98cc671d6e6d28bac30eeb,1662
intent-vs-fact/arxiv:2609.09134v1/abstract,intent-vs-fact,arxiv-abstracts,arxiv:2609.09134v1,abstract,en,https://arxiv.org/abs/2609.09134v1,3431d2b44cd1f5a6fd719550e3e06128030759476bf22e9d87358e0f1c82a574,1715
intent-vs-fact/arxiv:2609.09135v1/abstract,intent-vs-fact,arxiv-abstracts,arxiv:2609.09135v1,abstract,en,https://arxiv.org/abs/2609.09135v1,06a314b92723932257b852ec6af87a434e948a94710a10a4ce5ebcf26858b6d3,1104
intent-vs-fact/arxiv:2609.09137v1/abstract,intent-vs-fact,arxiv-abstracts,arxiv:2609.09137v1,abstract,en,https://arxiv.org/abs/2609.09137v1,2ad2c96597f6403a0b1f73bdfd586fceed7d235d9da79d386bb57bfa23fa5ee7,1896
intent-vs-fact/arxiv:2609.09140v1/abstract,intent-vs-fact,arxiv-abstracts,arxiv:2609.09140v1,abstract,en,https://arxiv.org/abs/2609.09140v1,249e150d435b75cd386fc49893330a4918f8b9fd42641dd04ae37909e5aae70e,1904
intent-vs-fact/arxiv:2609.09143v1/abstract,intent-vs-fact,arxiv-abstracts,arxiv:2609.09143v1,abstract,en,https://arxiv.org/abs/2609.09143v1,9250132de3fb4362abea443b8a1c213b27c11ffb0a318a32ab56e2fcfeca4b4d,1860
intent-vs-fact/arxiv:2609.09150v2/abstract,intent-vs-fact,arxiv-abstracts,arxiv:2609.09150v2,abstract,en,https://arxiv.org/abs/2609.09150v2,8ea6306cb1b04b9f4c40d6f96ee63438ee542ac2cb29298ce4055c6a5e7063c5,1520
intent-vs-fact/arxiv:2609.09153v1/abstract,intent-vs-fact,arxiv-abstracts,arxiv:2609.09153v1,abstract,en,https://arxiv.org/abs/2609.09153v1,e05380d97fb22085abb2a7a59c3ede8b6551ea3ae16a0d3e17d46ccd8de5fac4,1550
intent-vs-fact/arxiv:2609.09156v1/abstract,intent-vs-fact,arxiv-abstracts,arxiv:2609.09156v1,abstract,en,https://arxiv.org/abs/2609.09156v1,1a5f6ec205988e16267206dbd022a1facd75601a1e565bd8b1d8c5ef6413a134,1300
intent-vs-fact/arxiv:2609.09157v1/abstract,intent-vs-fact,arxiv-abstracts,arxiv:2609.09157v1,abstract,en,https://arxiv.org/abs/2609.09157v1,5a64c06bb2f11412d40c552cec7cdb2c49050593da913a3981336a76aa416809,1098
intent-vs-fact/arxiv:2609.09158v1/abstract,intent-vs-fact,arxiv-abstracts,arxiv:2609.09158v1,abstract,en,https://arxiv.org/abs/2609.09158v1,46e54994fe571c7d10dd4baeaeb8b057c592f988745b3be4b548a5c45c0dc20e,1461
intent-vs-fact/arxiv:2609.09219v1/abstract,intent-vs-fact,arxiv-abstracts,arxiv:2609.09219v1,abstract,en,https://arxiv.org/abs/2609.09219v1,ebd3b759c4459850a6a2267bb9ff2269fa508f6424f198ea018872e9449cd1ca,1491
intent-vs-fact/arxiv:2609.09348v1/abstract,intent-vs-fact,arxiv-abstracts,arxiv:2609.09348v1,abstract,en,https://arxiv.org/abs/2609.09348v1,8f157fd8a865ba3deccdaac2ea53f81a1b5269893539433a32650da74c8fc2af,1076
intent-vs-fact/arxiv:2609.09384v1/abstract,intent-vs-fact,arxiv-abstracts,arxiv:2609.09384v1,abstract,en,https://arxiv.org/abs/2609.09384v1,e971323fb89f7448b490aef432a5c2d54d19f5ab41ee53b133cfce93ebe79535,1581
intent-vs-fact/arxiv:2609.09503v1/abstract,intent-vs-fact,arxiv-abstracts,arxiv:2609.09503v1,abstract,en,https://arxiv.org/abs/2609.09503v1,b33717ea13bc28927a3472f8b4df94330da4b4a9dfa2099440d06640542f1a60,1076
intent-vs-fact/arxiv:2609.09628v1/abstract,intent-vs-fact,arxiv-abstracts,arxiv:2609.09628v1,abstract,en,https://arxiv.org/abs/2609.09628v1,e1f144f80fe5695c6079ae60912cfa90cc1dd8fc9d4e92bfd3afa6ccbce1e87a,1905
intent-vs-fact/arxiv:2609.09815v1/abstract,intent-vs-fact,arxiv-abstracts,arxiv:2609.09815v1,abstract,en,https://arxiv.org/abs/2609.09815v1,0974be3a29bb0c4e3b3da6079e67bfec65da796889a09b905b4cdada17fa40b0,1739
intent-vs-fact/arxiv:2609.10092v1/abstract,intent-vs-fact,arxiv-abstracts,arxiv:2609.10092v1,abstract,en,https://arxiv.org/abs/2609.10092v1,3327d9d158d323a6f94fe25c97845cc8133529a0fbe9f2c8192fb1b1d2912956,1271
intent-vs-fact/arxiv:2609.10113v1/abstract,intent-vs-fact,arxiv-abstracts,arxiv:2609.10113v1,abstract,en,https://arxiv.org/abs/2609.10113v1,3cb856ba9be82a4e76995f10fc0cc9df298378047e64e20713031953f2362abb,1752
intent-vs-fact/arxiv:2609.10122v1/abstract,intent-vs-fact,arxiv-abstracts,arxiv:2609.10122v1,abstract,en,https://arxiv.org/abs/2609.10122v1,8def95aef08353517b0a559bddc99853c5ade49f2319496bd0f654013ac7e49a,1174
intent-vs-fact/arxiv:2609.10123v1/abstract,intent-vs-fact,arxiv-abstracts,arxiv:2609.10123v1,abstract,en,https://arxiv.org/abs/2609.10123v1,f6f76539ffcf148645bfe2d333fc6de90a4f1b138f1cf5a6f33889d5cef93735,1075
intent-vs-fact/arxiv:2609.10142v1/abstract,intent-vs-fact,arxiv-abstracts,arxiv:2609.10142v1,abstract,en,https://arxiv.org/abs/2609.10142v1,b9de8a4e2b9ef4b4f94e860b2ef8662ac8795dac74047f6364f3a6e76ac2299c,1239
intent-vs-fact/arxiv:2609.10144v1/abstract,intent-vs-fact,arxiv-abstracts,arxiv:2609.10144v1,abstract,en,https://arxiv.org/abs/2609.10144v1,ceabf6722c18155d79d6b98f157553da4178474e280be229fe1380cf00505093,1696
intent-vs-fact/arxiv:2609.10153v1/abstract,intent-vs-fact,arxiv-abstracts,arxiv:2609.10153v1,abstract,en,https://arxiv.org/abs/2609.10153v1,a397026f23b394bbaecb52cfd9c7c62f68bc6349385d50a635db197f2d56c87e,740
intent-vs-fact/arxiv:2609.10155v1/abstract,intent-vs-fact,arxiv-abstracts,arxiv:2609.10155v1,abstract,en,https://arxiv.org/abs/2609.10155v1,45019d14074643d001617735ffab085daa501b66b3b08d88b2153b13867d50aa,1281
intent-vs-fact/arxiv:2609.10177v1/abstract,intent-vs-fact,arxiv-abstracts,arxiv:2609.10177v1,abstract,en,https://arxiv.org/abs/2609.10177v1,8b243e29eacd2f20b7b7d1bf8f7aad7778242fd1fd8fbb0702d42f8051b5fb92,1599
intent-vs-fact/arxiv:2609.10181v2/abstract,intent-vs-fact,arxiv-abstracts,arxiv:2609.10181v2,abstract,en,https://arxiv.org/abs/2609.10181v2,298767c90b72c4908857def2cb5d68878b4519e2ecb29628409e855c0147792a,1906
intent-vs-fact/arxiv:2609.10192v1/abstract,intent-vs-fact,arxiv-abstracts,arxiv:2609.10192v1,abstract,en,https://arxiv.org/abs/2609.10192v1,3b2a3ff647e6e12397cdfc22808e6dacc5bc15149765a04fbe2a024e727c6bd6,1652
intent-vs-fact/arxiv:2609.10198v1/abstract,intent-vs-fact,arxiv-abstracts,arxiv:2609.10198v1,abstract,en,https://arxiv.org/abs/2609.10198v1,2313b44bc8e60644f54dd6675cc4390747a45a209e5f32b27579a37fbf634e0e,1614
intent-vs-fact/arxiv:2609.10210v1/abstract,intent-vs-fact,arxiv-abstracts,arxiv:2609.10210v1,abstract,en,https://arxiv.org/abs/2609.10210v1,2a3295ac94df2816c00fc2b8511c6b398318d6dca451a78c8688cd6409f4e9b6,1909
intent-vs-fact/arxiv:2609.10221v2/abstract,intent-vs-fact,arxiv-abstracts,arxiv:2609.10221v2,abstract,en,https://arxiv.org/abs/2609.10221v2,eb7ef4fbaa63c76cae7946a6a7aae809b6a553f53d7156151bd9d1e9348ce594,1519
intent-vs-fact/arxiv:2609.10225v1/abstract,intent-vs-fact,arxiv-abstracts,arxiv:2609.10225v1,abstract,en,https://arxiv.org/abs/2609.10225v1,c44e1eb05a1f91e9a6d1d847394099a54303a57d555cdf4bc8b4694ca239230c,1408
intent-vs-fact/arxiv:2609.10226v1/abstract,intent-vs-fact,arxiv-abstracts,arxiv:2609.10226v1,abstract,en,https://arxiv.org/abs/2609.10226v1,8e93a2648174fdf97988c12248dc9243ec188d46d0e3d6fd042d9badf8eea0d4,1189
intent-vs-fact/arxiv:2609.10237v1/abstract,intent-vs-fact,arxiv-abstracts,arxiv:2609.10237v1,abstract,en,https://arxiv.org/abs/2609.10237v1,b018ff87a8c9ec6e90355a4d04e82ddc9db92c4a90a4b0890ebaa5100bc7018a,1740
intent-vs-fact/arxiv:2609.10239v1/abstract,intent-vs-fact,arxiv-abstracts,arxiv:2609.10239v1,abstract,en,https://arxiv.org/abs/2609.10239v1,97a4edc4705512331a3fb086a691b9cc89eb6b4fc561cdddb8816c928e3a7ebd,921
intent-vs-fact/arxiv:2609.10244v1/abstract,intent-vs-fact,arxiv-abstracts,arxiv:2609.10244v1,abstract,en,https://arxiv.org/abs/2609.10244v1,3c4e3fe415b410f1400a4fee0baf9ca99aa6ab8d25d0e83a9b91993c6f47182a,756
intent-vs-fact/arxiv:2609.10248v1/abstract,intent-vs-fact,arxiv-abstracts,arxiv:2609.10248v1,abstract,en,https://arxiv.org/abs/2609.10248v1,0708857f2cc7446bf7e6fa07417511756b3a99fc819ed7cda147e5e216c23e01,1074
intent-vs-fact/arxiv:2609.10253v1/abstract,intent-vs-fact,arxiv-abstracts,arxiv:2609.10253v1,abstract,en,https://arxiv.org/abs/2609.10253v1,0f16043268c840fdd242804e00b6213c75b295e154da40ea7133d6d79658b1f8,1310
intent-vs-fact/arxiv:2609.10263v1/abstract,intent-vs-fact,arxiv-abstracts,arxiv:2609.10263v1,abstract,en,https://arxiv.org/abs/2609.10263v1,48d54a07973b56636ed46427df6f82696c02ed361690eaf19ad43a169777476c,1497
intent-vs-fact/arxiv:2609.10266v1/abstract,intent-vs-fact,arxiv-abstracts,arxiv:2609.10266v1,abstract,en,https://arxiv.org/abs/2609.10266v1,7f7136f0254a2b5375034a2887095f01b0d1102fc17488d544b1187ed1e0e1a5,1868
intent-vs-fact/arxiv:2609.10277v1/abstract,intent-vs-fact,arxiv-abstracts,arxiv:2609.10277v1,abstract,en,https://arxiv.org/abs/2609.10277v1,f48bbbddae25cf00aa7e3bddf8f5c7b8f5512e23a53402408f1dba08a4f6357a,1152
intent-vs-fact/arxiv:2609.10293v1/abstract,intent-vs-fact,arxiv-abstracts,arxiv:2609.10293v1,abstract,en,https://arxiv.org/abs/2609.10293v1,8d689777ea01a4f68b81353a200c5326b5fa0dc80b246eaad7193462d3c636b3,1598
intent-vs-fact/arxiv:2609.10296v1/abstract,intent-vs-fact,arxiv-abstracts,arxiv:2609.10296v1,abstract,en,https://arxiv.org/abs/2609.10296v1,d18ad2682503b0227153c17253bb6b7bcb37da3208025625b98b344b9fa0aea5,1112
intent-vs-fact/arxiv:2609.10298v1/abstract,intent-vs-fact,arxiv-abstracts,arxiv:2609.10298v1,abstract,en,https://arxiv.org/abs/2609.10298v1,91966d9bb07ffa8594eaaeff82c612617f2d66a58a1ff77bff540824d016c603,755
intent-vs-fact/arxiv:2609.10305v1/abstract,intent-vs-fact,arxiv-abstracts,arxiv:2609.10305v1,abstract,en,https://arxiv.org/abs/2609.10305v1,af1989f331787121f07bf2312d971f083c4f3992b57ec2152652d91cefacb8ae,1453
intent-vs-fact/arxiv:2609.10311v1/abstract,intent-vs-fact,arxiv-abstracts,arxiv:2609.10311v1,abstract,en,https://arxiv.org/abs/2609.10311v1,5ddc9a27aa31a0cf9776b2f02192f4b0caeae495f40be53518c5e096c90b415e,1821
intent-vs-fact/arxiv:2609.10315v1/abstract,intent-vs-fact,arxiv-abstracts,arxiv:2609.10315v1,abstract,en,https://arxiv.org/abs/2609.10315v1,ad600c35f55c84f6f06db83799e92cebd2fd74beaa5b953301d4eedb25fa5ac1,1740
intent-vs-fact/arxiv:2609.10321v1/abstract,intent-vs-fact,arxiv-abstracts,arxiv:2609.10321v1,abstract,en,https://arxiv.org/abs/2609.10321v1,7930ae1feec7388544c4337b0b2f10c1bf1340aef9d886403774f009228e5136,1808
intent-vs-fact/arxiv:2609.10335v1/abstract,intent-vs-fact,arxiv-abstracts,arxiv:2609.10335v1,abstract,en,https://arxiv.org/abs/2609.10335v1,08f6d3fdc2460964d538e81f6bd1d75c695abecf0a401ff677e52446f48df52d,965
intent-vs-fact/arxiv:2609.10346v1/abstract,intent-vs-fact,arxiv-abstracts,arxiv:2609.10346v1,abstract,en,https://arxiv.org/abs/2609.10346v1,2af6b1f1cd1d6b7464142d0fb22effaa7ee63687a59b4384b2fd524e8a60e64f,1746
intent-vs-fact/arxiv:2609.10350v1/abstract,intent-vs-fact,arxiv-abstracts,arxiv:2609.10350v1,abstract,en,https://arxiv.org/abs/2609.10350v1,a6b35e7d16ddbcfa1c79d85de7ae88c5cda1c27eb4289946f4a9eb0930f5f0cc,1471
intent-vs-fact/arxiv:2609.10355v1/abstract,intent-vs-fact,arxiv-abstracts,arxiv:2609.10355v1,abstract,en,https://arxiv.org/abs/2609.10355v1,962c3467d41cd3c48911c23815fb0bb687ac81a030bd6ebd1ce99941aad27143,1366
intent-vs-fact/arxiv:2609.10364v1/abstract,intent-vs-fact,arxiv-abstracts,arxiv:2609.10364v1,abstract,en,https://arxiv.org/abs/2609.10364v1,b5dbf599afecf8f4f64febd0dc759100f7fda06dbcbe8a8e993f0015a67b5c53,1908
intent-vs-fact/arxiv:2609.10372v2/abstract,intent-vs-fact,arxiv-abstracts,arxiv:2609.10372v2,abstract,en,https://arxiv.org/abs/2609.10372v2,077f04601af6703c7b3f9cc289d7fb2710cc7e47ab9f2e394bd3788df3b9d3db,1069
intent-vs-fact/arxiv:2609.10385v1/abstract,intent-vs-fact,arxiv-abstracts,arxiv:2609.10385v1,abstract,en,https://arxiv.org/abs/2609.10385v1,65fa8f0800ff244a6c3c4ba5a604fe6689c9213fda779abdfc556142687e9c8d,1701
intent-vs-fact/arxiv:2609.10395v1/abstract,intent-vs-fact,arxiv-abstracts,arxiv:2609.10395v1,abstract,en,https://arxiv.org/abs/2609.10395v1,307b69d68e5a3eea5591e59b5f6d65d452e5f5a6fa464b4f839dd504a6db8144,731
intent-vs-fact/arxiv:2609.10397v1/abstract,intent-vs-fact,arxiv-abstracts,arxiv:2609.10397v1,abstract,en,https://arxiv.org/abs/2609.10397v1,18c406421ea5b54a5596d85f518648c2e747d3890318a6a2a4ab2f3f44fe6b96,1696
intent-vs-fact/arxiv:2609.10400v1/abstract,intent-vs-fact,arxiv-abstracts,arxiv:2609.10400v1,abstract,en,https://arxiv.org/abs/2609.10400v1,3ffbe5de30f6c528ca7ee176d50604ac512a6dcdf200fded3840d088ff5ad3b7,1862
intent-vs-fact/arxiv:2609.10410v2/abstract,intent-vs-fact,arxiv-abstracts,arxiv:2609.10410v2,abstract,en,https://arxiv.org/abs/2609.10410v2,09532c5d4f6b2fffc7aa800beb3244528696b0cec055e662f42af90f9826424b,1076
intent-vs-fact/arxiv:2609.10413v1/abstract,intent-vs-fact,arxiv-abstracts,arxiv:2609.10413v1,abstract,en,https://arxiv.org/abs/2609.10413v1,2294f8f924e12f8b1c5fff63aedb61c425adbe0037363c843a191a191f31fa96,1883
intent-vs-fact/arxiv:2609.10421v1/abstract,intent-vs-fact,arxiv-abstracts,arxiv:2609.10421v1,abstract,en,https://arxiv.org/abs/2609.10421v1,3535ce4232bce66d560b945520f1f3538416c1eada532d4b0775490fe6de61e6,1847
intent-vs-fact/arxiv:2609.10430v1/abstract,intent-vs-fact,arxiv-abstracts,arxiv:2609.10430v1,abstract,en,https://arxiv.org/abs/2609.10430v1,392192cb6c389e97ca6271de735de04933360977a51df1291114e42c08483ee6,1782
intent-vs-fact/arxiv:2609.10434v1/abstract,intent-vs-fact,arxiv-abstracts,arxiv:2609.10434v1,abstract,en,https://arxiv.org/abs/2609.10434v1,7da3e65f7c4b6c1c125896ceae3f93be4448589c0fb4d425e4fc17c99c4e4e20,991
intent-vs-fact/arxiv:2609.10439v1/abstract,intent-vs-fact,arxiv-abstracts,arxiv:2609.10439v1,abstract,en,https://arxiv.org/abs/2609.10439v1,5d2cc2e44d923a1746e10fa4d2fdb5e85c41ec9d184773ddc258d0031904bc0c,1736
intent-vs-fact/arxiv:2609.10441v1/abstract,intent-vs-fact,arxiv-abstracts,arxiv:2609.10441v1,abstract,en,https://arxiv.org/abs/2609.10441v1,bcf3ed0b302bd399ec71771744edde72cb7ada2cb13915dc1244baf1a116e76e,1518
intent-vs-fact/arxiv:2609.10445v1/abstract,intent-vs-fact,arxiv-abstracts,arxiv:2609.10445v1,abstract,en,https://arxiv.org/abs/2609.10445v1,8e326126ede3c76258f021e402c41861095fb7a5309abd217d599a9bd0b3446d,1577
intent-vs-fact/arxiv:2609.10451v1/abstract,intent-vs-fact,arxiv-abstracts,arxiv:2609.10451v1,abstract,en,https://arxiv.org/abs/2609.10451v1,5ec17516bce87a8e349983acac14415a6ceeb12c167fce57aa37d6157cd3cd83,1309
intent-vs-fact/arxiv:2609.10464v1/abstract,intent-vs-fact,arxiv-abstracts,arxiv:2609.10464v1,abstract,en,https://arxiv.org/abs/2609.10464v1,3763a3001899aeae08bbe22ead145d4a3b518213f5fb0d8e7a4804d0a92e7ee1,1660
intent-vs-fact/arxiv:2609.10494v1/abstract,intent-vs-fact,arxiv-abstracts,arxiv:2609.10494v1,abstract,en,https://arxiv.org/abs/2609.10494v1,a8178ce84a944caf1b164a597f798bd295cbeab8e5bdecec78dce5723da3eecf,1917
intent-vs-fact/arxiv:2609.10509v1/abstract,intent-vs-fact,arxiv-abstracts,arxiv:2609.10509v1,abstract,en,https://arxiv.org/abs/2609.10509v1,011d7ce4a7847624f7fd065a54df3d81f066cf344e6ba5158c1dee9592704bf1,1048
intent-vs-fact/arxiv:2609.10522v1/abstract,intent-vs-fact,arxiv-abstracts,arxiv:2609.10522v1,abstract,en,https://arxiv.org/abs/2609.10522v1,8d014aea44980269d2479ca9d74323ac660b702ff53a10dd81e212b315c06fcc,1454
intent-vs-fact/arxiv:2609.10539v1/abstract,intent-vs-fact,arxiv-abstracts,arxiv:2609.10539v1,abstract,en,https://arxiv.org/abs/2609.10539v1,18c17ae38d56cc60c1765b3db302786229350adfe1e332ffa01b0842b30e9d20,1448
intent-vs-fact/arxiv:2609.10724v1/abstract,intent-vs-fact,arxiv-abstracts,arxiv:2609.10724v1,abstract,en,https://arxiv.org/abs/2609.10724v1,7f74351235ac062410dbaea78196cb2fc3c1c9a68220a126a088b85a95774448,1831
intent-vs-fact/arxiv:2609.10817v1/abstract,intent-vs-fact,arxiv-abstracts,arxiv:2609.10817v1,abstract,en,https://arxiv.org/abs/2609.10817v1,ab7849aaa2d18eba8ee5fe7114aacefd06916d574f58105d7a8a2cbd376175c4,1704
intent-vs-fact/arxiv:2609.10939v1/abstract,intent-vs-fact,arxiv-abstracts,arxiv:2609.10939v1,abstract,en,https://arxiv.org/abs/2609.10939v1,dc3e351f19f01931d49ab25eb80e2962ea33d03c94e5239f51b62cd7f30dd840,1911
intent-vs-fact/arxiv:2609.11018v1/abstract,intent-vs-fact,arxiv-abstracts,arxiv:2609.11018v1,abstract,en,https://arxiv.org/abs/2609.11018v1,b7380e3acd6058e391ae9ccdedccbf6f7b6f5135bcd948f01d225a8dfed89e97,1135
intent-vs-fact/arxiv:2609.11108v1/abstract,intent-vs-fact,arxiv-abstracts,arxiv:2609.11108v1,abstract,en,https://arxiv.org/abs/2609.11108v1,a7fbb1c5d4eb44a5ba9ca0d28a5aff05f2eea56356a1ce39c4df54dc9079a22b,1809
intent-vs-fact/arxiv:2609.11460v1/abstract,intent-vs-fact,arxiv-abstracts,arxiv:2609.11460v1,abstract,en,https://arxiv.org/abs/2609.11460v1,e62cce5b00e154e82739dd36399c968030ea02dc6a3330869bc4617af770772a,1089
intent-vs-fact/arxiv:2609.11493v2/abstract,intent-vs-fact,arxiv-abstracts,arxiv:2609.11493v2,abstract,en,https://arxiv.org/abs/2609.11493v2,0e6cbfe8c87ed1fa7efdcb4829ea9e2e2fc64f998b0544ef670f0badba0391ef,1883
intent-vs-fact/arxiv:2609.11505v1/abstract,intent-vs-fact,arxiv-abstracts,arxiv:2609.11505v1,abstract,en,https://arxiv.org/abs/2609.11505v1,cef875ba4767861fab355748f6f8e8d54abb1c961782d5463888718edea0fc99,1174
intent-vs-fact/arxiv:2609.11545v1/abstract,intent-vs-fact,arxiv-abstracts,arxiv:2609.11545v1,abstract,en,https://arxiv.org/abs/2609.11545v1,3641044a6141e35a9af934bd3b5e4c0433fee18efbbcb8c197e19efa92023775,1889
intent-vs-fact/arxiv:2609.11620v2/abstract,intent-vs-fact,arxiv-abstracts,arxiv:2609.11620v2,abstract,en,https://arxiv.org/abs/2609.11620v2,aaf4f8f166ab8c9cf1a21860d07cc37bbf710f143eb29128f48fac424cb48a07,1301
intent-vs-fact/arxiv:2609.11677v2/abstract,intent-vs-fact,arxiv-abstracts,arxiv:2609.11677v2,abstract,en,https://arxiv.org/abs/2609.11677v2,4256eaf9fc684f265ba58d44196669f0bc2c50d0a56d0098e8ffa8ab0d4e82ff,1813
intent-vs-fact/arxiv:2609.11682v1/abstract,intent-vs-fact,arxiv-abstracts,arxiv:2609.11682v1,abstract,en,https://arxiv.org/abs/2609.11682v1,8620d76e7dd1e8c80a11b8a7188866706210002dea46595074c53fa0b7c3953e,1116
intent-vs-fact/arxiv:2609.11687v1/abstract,intent-vs-fact,arxiv-abstracts,arxiv:2609.11687v1,abstract,en,https://arxiv.org/abs/2609.11687v1,e07fb0eb8820ed80556880b8af4ee69855a0281b4713b1b77217b9e5b65c2549,1581
intent-vs-fact/arxiv:2609.11697v2/abstract,intent-vs-fact,arxiv-abstracts,arxiv:2609.11697v2,abstract,en,https://arxiv.org/abs/2609.11697v2,44ac89ee1c5a8b5e84425a033e5c6c15e0ea6e04774cd82ab4d93d91b47709d7,1227
intent-vs-fact/arxiv:2609.11699v1/abstract,intent-vs-fact,arxiv-abstracts,arxiv:2609.11699v1,abstract,en,https://arxiv.org/abs/2609.11699v1,73b3902eadd90249c4ab4aaf681f9e0bbe61401e1fc70a610445b6396903293d,1691
intent-vs-fact/arxiv:2609.11708v1/abstract,intent-vs-fact,arxiv-abstracts,arxiv:2609.11708v1,abstract,en,https://arxiv.org/abs/2609.11708v1,37c36f3629e7f36ec36b731ef5fef2ee49c10cd8987f25108fa080226d6aee78,1892
intent-vs-fact/arxiv:2609.11709v1/abstract,intent-vs-fact,arxiv-abstracts,arxiv:2609.11709v1,abstract,en,https://arxiv.org/abs/2609.11709v1,90dd2ddf539943af514bf069190d35f5f589121bc00b8fb89d970d46c7c45bb9,1767
intent-vs-fact/arxiv:2609.11713v1/abstract,intent-vs-fact,arxiv-abstracts,arxiv:2609.11713v1,abstract,en,https://arxiv.org/abs/2609.11713v1,78e290ce7c1b2898a8a2738c7798a56ee5c2a7005c04f27e30d36a12fb2a5838,906
intent-vs-fact/arxiv:2609.11716v1/abstract,intent-vs-fact,arxiv-abstracts,arxiv:2609.11716v1,abstract,en,https://arxiv.org/abs/2609.11716v1,1ab7beef050d83327778f8f8fe3aa1a45553cc3dc26855af322cd14ee3937744,1483
intent-vs-fact/arxiv:2609.11724v1/abstract,intent-vs-fact,arxiv-abstracts,arxiv:2609.11724v1,abstract,en,https://arxiv.org/abs/2609.11724v1,a33a6841f37b545cddd5a9ec9bca5afabc07d5b5e38a55f3da13ee4d87425844,815
intent-vs-fact/arxiv:2609.11725v1/abstract,intent-vs-fact,arxiv-abstracts,arxiv:2609.11725v1,abstract,en,https://arxiv.org/abs/2609.11725v1,169ada03493ae119022fb95f840332332611031de01d1922b4c8739844765e8c,1430
intent-vs-fact/arxiv:2609.11737v2/abstract,intent-vs-fact,arxiv-abstracts,arxiv:2609.11737v2,abstract,en,https://arxiv.org/abs/2609.11737v2,66f8c948b7a214edaca24160552fd34b969a7f89b03c9d28c3c5b70b24e5d6fb,1836
intent-vs-fact/arxiv:2609.11739v1/abstract,intent-vs-fact,arxiv-abstracts,arxiv:2609.11739v1,abstract,en,https://arxiv.org/abs/2609.11739v1,992c4ee6baf9005dc5908a8145e96099b6d57c40f277a281ff6765fbd564bf7c,1023
intent-vs-fact/arxiv:2609.11752v1/abstract,intent-vs-fact,arxiv-abstracts,arxiv:2609.11752v1,abstract,en,https://arxiv.org/abs/2609.11752v1,009d1d06ccb3502dd7f0c36e31f9e255acad1daee197d4283756a56b8fa0ec5d,1177
intent-vs-fact/arxiv:2609.11758v1/abstract,intent-vs-fact,arxiv-abstracts,arxiv:2609.11758v1,abstract,en,https://arxiv.org/abs/2609.11758v1,cdd28911f3bc135cc63303f099c6ce165c272b098f1d86f3fef73bd6caa8d97d,1427
intent-vs-fact/arxiv:2609.11762v1/abstract,intent-vs-fact,arxiv-abstracts,arxiv:2609.11762v1,abstract,en,https://arxiv.org/abs/2609.11762v1,886ed37d337d85364362b2186b1732484da602900cedbbef382fb62159122a51,1268
intent-vs-fact/arxiv:2609.11768v1/abstract,intent-vs-fact,arxiv-abstracts,arxiv:2609.11768v1,abstract,en,https://arxiv.org/abs/2609.11768v1,b7b20add3566371cb18f6ce5101c78dd4e36a24f8e11584f400d48f351cde084,1607
intent-vs-fact/arxiv:2609.11769v1/abstract,intent-vs-fact,arxiv-abstracts,arxiv:2609.11769v1,abstract,en,https://arxiv.org/abs/2609.11769v1,d34294a148e81cb919db4ac2d751359af89f487ff41977e96c979e4c7e0187e6,1019
intent-vs-fact/arxiv:2609.11770v1/abstract,intent-vs-fact,arxiv-abstracts,arxiv:2609.11770v1,abstract,en,https://arxiv.org/abs/2609.11770v1,5d485c2cb9e918a5971b6f0f5184edbec52f78b9c7156bd593012f22e2a190c7,1012
intent-vs-fact/arxiv:2609.11772v1/abstract,intent-vs-fact,arxiv-abstracts,arxiv:2609.11772v1,abstract,en,https://arxiv.org/abs/2609.11772v1,3d1e34153d2477543e51857135cae964e791e81536e253a8419b1d3d74959dc1,1211
intent-vs-fact/arxiv:2609.11786v1/abstract,intent-vs-fact,arxiv-abstracts,arxiv:2609.11786v1,abstract,en,https://arxiv.org/abs/2609.11786v1,c798b8a00bbde570d8a37acc8914b1f2b1b2f19766461504a7c04d5926f22bfe,1433
intent-vs-fact/arxiv:2609.11799v1/abstract,intent-vs-fact,arxiv-abstracts,arxiv:2609.11799v1,abstract,en,https://arxiv.org/abs/2609.11799v1,da5cd6ef817760911c2d0400d0b609e0e84a3c3abdde2f58fa38a168c3e420cd,1625
intent-vs-fact/arxiv:2609.11801v1/abstract,intent-vs-fact,arxiv-abstracts,arxiv:2609.11801v1,abstract,en,https://arxiv.org/abs/2609.11801v1,704226dfef2304a43ecbb898840105799b5c47017d15ecaa54ca80eacaf54a3b,1263
intent-vs-fact/arxiv:2609.11804v1/abstract,intent-vs-fact,arxiv-abstracts,arxiv:2609.11804v1,abstract,en,https://arxiv.org/abs/2609.11804v1,d57ec0981d6b65b1658559c9364acba108e8f1552744871f2db2241a2244ea9a,1301
intent-vs-fact/arxiv:2609.11805v1/abstract,intent-vs-fact,arxiv-abstracts,arxiv:2609.11805v1,abstract,en,https://arxiv.org/abs/2609.11805v1,321768a9d8bb6149fe95b179f14343c0389b56ea5f3b96966046aa200a8691a6,1237
intent-vs-fact/arxiv:2609.11838v1/abstract,intent-vs-fact,arxiv-abstracts,arxiv:2609.11838v1,abstract,en,https://arxiv.org/abs/2609.11838v1,c760d7d65d3e3e107d27f9f12f48081f1d37ad6d67eea4ab2d52dcd3c4ec297c,1779
intent-vs-fact/arxiv:2609.11842v1/abstract,intent-vs-fact,arxiv-abstracts,arxiv:2609.11842v1,abstract,en,https://arxiv.org/abs/2609.11842v1,ceaeed59a89d2bb8f023d5fb9c9428aaed9559985c51f9c91f13ecfa799d03a6,1896
intent-vs-fact/arxiv:2609.11851v1/abstract,intent-vs-fact,arxiv-abstracts,arxiv:2609.11851v1,abstract,en,https://arxiv.org/abs/2609.11851v1,4afdfcd6021dea47cc08375f81cce8053bc347289ed6d6dc36e05d7102012d2a,1181
intent-vs-fact/arxiv:2609.11859v1/abstract,intent-vs-fact,arxiv-abstracts,arxiv:2609.11859v1,abstract,en,https://arxiv.org/abs/2609.11859v1,7655208c82cec61a01d840a24b22f8c79e91bcbccc30dfe2f091e92a4c597c0f,1615
intent-vs-fact/arxiv:2609.11860v1/abstract,intent-vs-fact,arxiv-abstracts,arxiv:2609.11860v1,abstract,en,https://arxiv.org/abs/2609.11860v1,7aa75e8f4d360c7f84a304ebca99af2e4467c0e71eddfcb37c4cc82720969ca3,1403
intent-vs-fact/arxiv:2609.11863v1/abstract,intent-vs-fact,arxiv-abstracts,arxiv:2609.11863v1,abstract,en,https://arxiv.org/abs/2609.11863v1,af69d7706c313e12aafddd089bdba376d0d38c56141bc5e97f419568379573cf,1091
intent-vs-fact/arxiv:2609.11864v1/abstract,intent-vs-fact,arxiv-abstracts,arxiv:2609.11864v1,abstract,en,https://arxiv.org/abs/2609.11864v1,e046ce046048c1c87bcf4a464b5c3ff8c1543ea334a60aece2d059e7913e84d7,1268
intent-vs-fact/arxiv:2609.11865v1/abstract,intent-vs-fact,arxiv-abstracts,arxiv:2609.11865v1,abstract,en,https://arxiv.org/abs/2609.11865v1,3e5d5f7c16733a5db354837f040624350df91eb17adbbfcb474f96eb7c5288bb,1701
intent-vs-fact/arxiv:2609.11870v2/abstract,intent-vs-fact,arxiv-abstracts,arxiv:2609.11870v2,abstract,en,https://arxiv.org/abs/2609.11870v2,ecb58792941a6582a6b6657066cf142ec181386133cb30f2b0b025a4fcf1e82a,1389
intent-vs-fact/arxiv:2609.11873v3/abstract,intent-vs-fact,arxiv-abstracts,arxiv:2609.11873v3,abstract,en,https://arxiv.org/abs/2609.11873v3,b8d714894248dc0871cd07d8c5bcf235985605f60e9e3f20d82e43f6cb006087,850
intent-vs-fact/arxiv:2609.11876v1/abstract,intent-vs-fact,arxiv-abstracts,arxiv:2609.11876v1,abstract,en,https://arxiv.org/abs/2609.11876v1,eac5409363933d21902e19030c7ebcf6b7cbf7d8f8e1157e00f96311d6368f13,1168
intent-vs-fact/arxiv:2609.11877v1/abstract,intent-vs-fact,arxiv-abstracts,arxiv:2609.11877v1,abstract,en,https://arxiv.org/abs/2609.11877v1,c746d3c2d43ac11947a7967d43e4a0206cd6380d1f224fc5ed73fb2929effd1d,1915
intent-vs-fact/arxiv:2609.11878v1/abstract,intent-vs-fact,arxiv-abstracts,arxiv:2609.11878v1,abstract,en,https://arxiv.org/abs/2609.11878v1,b4f935470632e80b21d82791cc1c828f2ed00334312deabf145ed42267e0ecde,1486
intent-vs-fact/arxiv:2609.11892v1/abstract,intent-vs-fact,arxiv-abstracts,arxiv:2609.11892v1,abstract,en,https://arxiv.org/abs/2609.11892v1,5d49796002c08885b78cee5775100669d5d61c21ffdc8a7e4dd38ef31f7be99c,968
intent-vs-fact/arxiv:2609.11900v1/abstract,intent-vs-fact,arxiv-abstracts,arxiv:2609.11900v1,abstract,en,https://arxiv.org/abs/2609.11900v1,bc075c60bfd5b244b83f0ea98f65556907874dd9e1d2bd4f81f6949f645d03c4,1524
intent-vs-fact/arxiv:2609.11911v1/abstract,intent-vs-fact,arxiv-abstracts,arxiv:2609.11911v1,abstract,en,https://arxiv.org/abs/2609.11911v1,e1ffefa49767f19f1c0046f06d2c2fd866cac41e46ce953c24e0011223f10f75,1525
intent-vs-fact/arxiv:2609.11913v1/abstract,intent-vs-fact,arxiv-abstracts,arxiv:2609.11913v1,abstract,en,https://arxiv.org/abs/2609.11913v1,3c53907e5dfe18637940c67314e65b33d76093dddb0d1dafccc26f048b07c2c6,977
intent-vs-fact/arxiv:2609.11915v1/abstract,intent-vs-fact,arxiv-abstracts,arxiv:2609.11915v1,abstract,en,https://arxiv.org/abs/2609.11915v1,a32f981012f8d5b6b5594811d45d641ebe2a7ba7fc5f948008434ec348530e68,855
intent-vs-fact/arxiv:2609.11916v1/abstract,intent-vs-fact,arxiv-abstracts,arxiv:2609.11916v1,abstract,en,https://arxiv.org/abs/2609.11916v1,ef076e0c9279c6357f9d36ad30b82e3e69c1f2e44b99a4e261ddb39dce880f43,1754
intent-vs-fact/arxiv:2609.11917v1/abstract,intent-vs-fact,arxiv-abstracts,arxiv:2609.11917v1,abstract,en,https://arxiv.org/abs/2609.11917v1,dcd814d2cce346f4959b03e8445d7c27eada64f742a743656987875d99c1bcca,1910
intent-vs-fact/arxiv:2609.11918v1/abstract,intent-vs-fact,arxiv-abstracts,arxiv:2609.11918v1,abstract,en,https://arxiv.org/abs/2609.11918v1,0a100e7d74aff141850697eeafd67054d2d4c90b90cdcc2b01e7d33eb0cbe1e6,920
intent-vs-fact/arxiv:2609.11923v1/abstract,intent-vs-fact,arxiv-abstracts,arxiv:2609.11923v1,abstract,en,https://arxiv.org/abs/2609.11923v1,584955a638245c361c4c54b36eecf2e78b8cb22a8aac8545a345f6fe7388d4c1,1903
intent-vs-fact/arxiv:2609.12077v1/abstract,intent-vs-fact,arxiv-abstracts,arxiv:2609.12077v1,abstract,en,https://arxiv.org/abs/2609.12077v1,eb82b8ec4c5a0b4c16b709dd8d86482dfbea818b1be955c32a5a18bc4a5256d0,1491
intent-vs-fact/arxiv:2609.12170v1/abstract,intent-vs-fact,arxiv-abstracts,arxiv:2609.12170v1,abstract,en,https://arxiv.org/abs/2609.12170v1,0e673b30e9b7e84c5df1f0e0d8da8f58aab20b54dfff7ec76d6d07adbfbe5059,1110
intent-vs-fact/arxiv:2609.12422v1/abstract,intent-vs-fact,arxiv-abstracts,arxiv:2609.12422v1,abstract,en,https://arxiv.org/abs/2609.12422v1,a0c6828172bbd41c0af3b34103fb60eaa416e15c89efc576e0aaec790dc0bb20,855
intent-vs-fact/arxiv:2609.12489v1/abstract,intent-vs-fact,arxiv-abstracts,arxiv:2609.12489v1,abstract,en,https://arxiv.org/abs/2609.12489v1,2d92ac6869c6c9ad10eff9f863afd0251d74e015f0b94b0aa376ba9ccebcf641,866
intent-vs-fact/arxiv:2609.12495v1/abstract,intent-vs-fact,arxiv-abstracts,arxiv:2609.12495v1,abstract,en,https://arxiv.org/abs/2609.12495v1,4d04c7bee2eb9b433d14a4afb26a4c8f601c4dca51fff9547e8bac5f8fdbd815,1485
intent-vs-fact/arxiv:2609.12533v1/abstract,intent-vs-fact,arxiv-abstracts,arxiv:2609.12533v1,abstract,en,https://arxiv.org/abs/2609.12533v1,f522778cfb2925fbadd6e0225651c24dd53c501bb0c8c423719222fb435ea255,1861
intent-vs-fact/arxiv:2609.12537v1/abstract,intent-vs-fact,arxiv-abstracts,arxiv:2609.12537v1,abstract,en,https://arxiv.org/abs/2609.12537v1,def9f7911d77b69ebdd19f2041e0a2f4eb957ab65c676a1831382672685b126c,1016
intent-vs-fact/arxiv:2609.12541v2/abstract,intent-vs-fact,arxiv-abstracts,arxiv:2609.12541v2,abstract,en,https://arxiv.org/abs/2609.12541v2,12f94f7077a9b06d2756dbfa4666075a0e8893be5b140793dd436fc6a30b4f0b,1338
intent-vs-fact/arxiv:2609.12544v1/abstract,intent-vs-fact,arxiv-abstracts,arxiv:2609.12544v1,abstract,en,https://arxiv.org/abs/2609.12544v1,ce0f25d830e0fa6c9fdb62aebe8edf7808eb55bd5c9d4dac86c8ac2707f4b221,1194
intent-vs-fact/arxiv:2609.12575v1/abstract,intent-vs-fact,arxiv-abstracts,arxiv:2609.12575v1,abstract,en,https://arxiv.org/abs/2609.12575v1,94434ed84a154a1e02f4dcbd897b3546a8402d3ffd610e9fcf83b3247742693a,928
intent-vs-fact/arxiv:2609.12623v1/abstract,intent-vs-fact,arxiv-abstracts,arxiv:2609.12623v1,abstract,en,https://arxiv.org/abs/2609.12623v1,7175653850c94808ab30a4a16c22ced711850f8a59911bb6b1dde7cf430fe0cb,1790
intent-vs-fact/arxiv:2609.12653v1/abstract,intent-vs-fact,arxiv-abstracts,arxiv:2609.12653v1,abstract,en,https://arxiv.org/abs/2609.12653v1,5b9476aa2084bc9fc37da7bec2ae5cccd2cbda5e631540bec439e0a9718e7d4b,1217
intent-vs-fact/arxiv:2609.12655v1/abstract,intent-vs-fact,arxiv-abstracts,arxiv:2609.12655v1,abstract,en,https://arxiv.org/abs/2609.12655v1,53e4597ea04501bd91d2a1a5d998b898ee93f2220a3d37a9fe5ea9c26fad21f4,1156
intent-vs-fact/arxiv:2609.12674v1/abstract,intent-vs-fact,arxiv-abstracts,arxiv:2609.12674v1,abstract,en,https://arxiv.org/abs/2609.12674v1,eb99e6f3a9f8ea833abe1a1086324278cd08128bcffe35779ebcf2e7082c1e61,1299
intent-vs-fact/arxiv:2609.12686v1/abstract,intent-vs-fact,arxiv-abstracts,arxiv:2609.12686v1,abstract,en,https://arxiv.org/abs/2609.12686v1,15f3c502966f4fe9ba3f2a22d7e7dcc526cd45c1118d1f2d89200c45d2df4fe4,1082
intent-vs-fact/arxiv:2609.12746v1/abstract,intent-vs-fact,arxiv-abstracts,arxiv:2609.12746v1,abstract,en,https://arxiv.org/abs/2609.12746v1,b9830c135b0258a282207cd7b1667a01f777ebeac5d27dffbc4f2b23d280110a,1419
intent-vs-fact/arxiv:2609.12748v2/abstract,intent-vs-fact,arxiv-abstracts,arxiv:2609.12748v2,abstract,en,https://arxiv.org/abs/2609.12748v2,9dd630286a6225d5eb3209664a2a786f3ba7097991a732e2a66afc397b5e67a4,1917
intent-vs-fact/arxiv:2609.12791v1/abstract,intent-vs-fact,arxiv-abstracts,arxiv:2609.12791v1,abstract,en,https://arxiv.org/abs/2609.12791v1,37bb96ea49d89ee5a7f22706fc386611ed06972bb8da523ec9eb3d659e3a0d9f,1362
intent-vs-fact/arxiv:2609.12872v2/abstract,intent-vs-fact,arxiv-abstracts,arxiv:2609.12872v2,abstract,en,https://arxiv.org/abs/2609.12872v2,0bcc024827bcaec5e634821f0924c7f78a667a0f9acb2ad463d6c1a2e4638060,973
intent-vs-fact/arxiv:2609.12884v1/abstract,intent-vs-fact,arxiv-abstracts,arxiv:2609.12884v1,abstract,en,https://arxiv.org/abs/2609.12884v1,fc356a2e4761a5fa497108f4bc24d4e0db7f60cf4ebd43e6d74b810d61c58798,1489
intent-vs-fact/arxiv:2609.12890v2/abstract,intent-vs-fact,arxiv-abstracts,arxiv:2609.12890v2,abstract,en,https://arxiv.org/abs/2609.12890v2,71d9b99ac26802a1a51a3a8e4ae7b001dc5edeb964ca657cea6b66c8424cb386,1918
intent-vs-fact/arxiv:2609.12896v1/abstract,intent-vs-fact,arxiv-abstracts,arxiv:2609.12896v1,abstract,en,https://arxiv.org/abs/2609.12896v1,3a1c533f626c1722c8669fc50c4b86ba7bca108cb95507c55a29bf94d37258e1,1607
intent-vs-fact/arxiv:2609.12897v1/abstract,intent-vs-fact,arxiv-abstracts,arxiv:2609.12897v1,abstract,en,https://arxiv.org/abs/2609.12897v1,1c158962c8d8b46e04fbbc55088f5bcd0f83aeb0b7ab9eb09d32806607fbb28c,1460
intent-vs-fact/arxiv:2609.12898v1/abstract,intent-vs-fact,arxiv-abstracts,arxiv:2609.12898v1,abstract,en,https://arxiv.org/abs/2609.12898v1,8dd39d667fcb0f4f617d5c4bd76f39498a8947d1fcb6d32d9e353ae462835e3f,849
intent-vs-fact/arxiv:2609.12913v2/abstract,intent-vs-fact,arxiv-abstracts,arxiv:2609.12913v2,abstract,en,https://arxiv.org/abs/2609.12913v2,eeca1d1cf6db4d8330621cdc345e2156d305113d35c2056336ba9232c0b39863,1394
intent-vs-fact/arxiv:2609.12915v1/abstract,intent-vs-fact,arxiv-abstracts,arxiv:2609.12915v1,abstract,en,https://arxiv.org/abs/2609.12915v1,1fc1020129c70986a70e812a4d123cd6a91e5d7a7bb4d6af10e7dfd6adbfc5f1,1344
intent-vs-fact/arxiv:2609.12917v1/abstract,intent-vs-fact,arxiv-abstracts,arxiv:2609.12917v1,abstract,en,https://arxiv.org/abs/2609.12917v1,2aa4e70234ac1d9a6308b44c959701e124e307f996d95eac5c5ea4f39931b37c,1419
intent-vs-fact/arxiv:2609.12929v1/abstract,intent-vs-fact,arxiv-abstracts,arxiv:2609.12929v1,abstract,en,https://arxiv.org/abs/2609.12929v1,81db739119c5873f9f928b2a03b30ca77a043b9cdffea3a6c60e1cbe583f21f8,1626
intent-vs-fact/arxiv:2609.12949v1/abstract,intent-vs-fact,arxiv-abstracts,arxiv:2609.12949v1,abstract,en,https://arxiv.org/abs/2609.12949v1,3c742b79c33ded2f9e1283f089b597f1047e777c92656d0deda342c2a9c3b7af,1499
intent-vs-fact/arxiv:2609.12960v1/abstract,intent-vs-fact,arxiv-abstracts,arxiv:2609.12960v1,abstract,en,https://arxiv.org/abs/2609.12960v1,c2923af9e4466bcc6b9cc9f7afe440822100604eb2dfa0c0557a4705fa081ba8,1684
intent-vs-fact/arxiv:2609.12965v1/abstract,intent-vs-fact,arxiv-abstracts,arxiv:2609.12965v1,abstract,en,https://arxiv.org/abs/2609.12965v1,79239053b1bbdaf297153e5341e9144586207b4fbdb59d6d160e7b43ed3405d9,1679
intent-vs-fact/arxiv:2609.12978v1/abstract,intent-vs-fact,arxiv-abstracts,arxiv:2609.12978v1,abstract,en,https://arxiv.org/abs/2609.12978v1,c05b2934a92450dbadb8fc32067e456b3a8965fe400830febcc8c46701264162,1462
intent-vs-fact/arxiv:2609.12993v1/abstract,intent-vs-fact,arxiv-abstracts,arxiv:2609.12993v1,abstract,en,https://arxiv.org/abs/2609.12993v1,2e04340962dd0f85eed6f5b0625bcd33aa9896147201d4321a13b133ace8d9d7,1164
intent-vs-fact/arxiv:2609.13003v1/abstract,intent-vs-fact,arxiv-abstracts,arxiv:2609.13003v1,abstract,en,https://arxiv.org/abs/2609.13003v1,7a659b727ae1e8ae90abf1ee45817774e45622976b1d6f2894b79ae919f8971a,843
intent-vs-fact/arxiv:2609.13005v1/abstract,intent-vs-fact,arxiv-abstracts,arxiv:2609.13005v1,abstract,en,https://arxiv.org/abs/2609.13005v1,030e5dac90ce60f7cb1a1841ee6555eb36bb88fccdcd3c9f9a0c8159d09622e4,1552
intent-vs-fact/arxiv:2609.13009v1/abstract,intent-vs-fact,arxiv-abstracts,arxiv:2609.13009v1,abstract,en,https://arxiv.org/abs/2609.13009v1,832829d338a51a2738756e6d9e30d69c92ecbb882e819725c64686f2024d70fb,1840
intent-vs-fact/arxiv:2609.13011v1/abstract,intent-vs-fact,arxiv-abstracts,arxiv:2609.13011v1,abstract,en,https://arxiv.org/abs/2609.13011v1,fe4795d8c542eb21c5d6aefc4f7e3732913020cfc2d23a4e9fd086b5dfee8a1f,1146
intent-vs-fact/arxiv:2609.13013v1/abstract,intent-vs-fact,arxiv-abstracts,arxiv:2609.13013v1,abstract,en,https://arxiv.org/abs/2609.13013v1,16a52c46442f9eb776941f2a26d4c6505f9c4032a2d1723a2d4740cfc3811248,1784
intent-vs-fact/arxiv:2609.13024v1/abstract,intent-vs-fact,arxiv-abstracts,arxiv:2609.13024v1,abstract,en,https://arxiv.org/abs/2609.13024v1,72c73ceeb2226ed4f8c51e7321e665a15bc995057d60eb8985296a99ae03c713,1479
intent-vs-fact/arxiv:2609.13031v1/abstract,intent-vs-fact,arxiv-abstracts,arxiv:2609.13031v1,abstract,en,https://arxiv.org/abs/2609.13031v1,ec4f84354de49b2142592e4dce1f75600cc665fcce4f671620496e440810bc79,966
intent-vs-fact/arxiv:2609.13035v1/abstract,intent-vs-fact,arxiv-abstracts,arxiv:2609.13035v1,abstract,en,https://arxiv.org/abs/2609.13035v1,9cbb53a22bc6aeedbf0b1a8529374e0c8b5851e169f3cfd89c47bad21a2fe5d1,1333
intent-vs-fact/arxiv:2609.13042v1/abstract,intent-vs-fact,arxiv-abstracts,arxiv:2609.13042v1,abstract,en,https://arxiv.org/abs/2609.13042v1,d0e1e603cba2432d477a1107a01d01e35f2a3bcf9da4a772b5dbc4def493ddfd,1151
intent-vs-fact/arxiv:2609.13043v1/abstract,intent-vs-fact,arxiv-abstracts,arxiv:2609.13043v1,abstract,en,https://arxiv.org/abs/2609.13043v1,2671902ee8877032d84e14d0490d7ec17f5036496650dd6d6421d95e3d988c86,1215
intent-vs-fact/arxiv:2609.13045v1/abstract,intent-vs-fact,arxiv-abstracts,arxiv:2609.13045v1,abstract,en,https://arxiv.org/abs/2609.13045v1,24366d4c8810254c369b92ad615152978550ee0bb8f487f3f38d305e14103d2a,1194
intent-vs-fact/arxiv:2609.13047v2/abstract,intent-vs-fact,arxiv-abstracts,arxiv:2609.13047v2,abstract,en,https://arxiv.org/abs/2609.13047v2,a12bd9605148f0609b07b1752b2d48e052c8eef3480a8cedf75888d68017a4d6,1599
intent-vs-fact/arxiv:2609.13053v1/abstract,intent-vs-fact,arxiv-abstracts,arxiv:2609.13053v1,abstract,en,https://arxiv.org/abs/2609.13053v1,f95040ab16490dc322a3aafff7672f9e0d21abb0577ea194cf2f49f6ac740c79,1918
intent-vs-fact/arxiv:2609.13058v1/abstract,intent-vs-fact,arxiv-abstracts,arxiv:2609.13058v1,abstract,en,https://arxiv.org/abs/2609.13058v1,40f218f942af792afa2ffc83696b5f65f0eb197ca569d6414d679f3eaed60c4f,1918
intent-vs-fact/arxiv:2609.13062v1/abstract,intent-vs-fact,arxiv-abstracts,arxiv:2609.13062v1,abstract,en,https://arxiv.org/abs/2609.13062v1,4081f3d814001d9886dd5273143f66ac899fd1262a1a6dcdd5d1ec3763e141ad,1452
intent-vs-fact/arxiv:2609.13071v1/abstract,intent-vs-fact,arxiv-abstracts,arxiv:2609.13071v1,abstract,en,https://arxiv.org/abs/2609.13071v1,b01b9bcc59a7b52bbe90ab8e860b3b0a4441198668f7c3b3d4b6e9b1bea2d29a,915
intent-vs-fact/arxiv:2609.13072v1/abstract,intent-vs-fact,arxiv-abstracts,arxiv:2609.13072v1,abstract,en,https://arxiv.org/abs/2609.13072v1,3533f9557ff951094abb171ee6adf70416064e4e9c10721ddd5b38f62d325dab,1448
intent-vs-fact/arxiv:2609.13073v1/abstract,intent-vs-fact,arxiv-abstracts,arxiv:2609.13073v1,abstract,en,https://arxiv.org/abs/2609.13073v1,103acd5a82b94dd6e8722273b24488379a2f736e1f42488cf958bbffc1f00c7b,1412
intent-vs-fact/arxiv:2609.13076v1/abstract,intent-vs-fact,arxiv-abstracts,arxiv:2609.13076v1,abstract,en,https://arxiv.org/abs/2609.13076v1,89d9132e28d4021959f28fdde28406bba9ec5bace61214f5223a0a1d22c9760d,1389
intent-vs-fact/arxiv:2609.13082v1/abstract,intent-vs-fact,arxiv-abstracts,arxiv:2609.13082v1,abstract,en,https://arxiv.org/abs/2609.13082v1,f9a8ebf8111e827ae87d42da1beba59ab7cabcd7684174c82e5a1bc4ed2bd398,1716
intent-vs-fact/arxiv:2609.13083v3/abstract,intent-vs-fact,arxiv-abstracts,arxiv:2609.13083v3,abstract,en,https://arxiv.org/abs/2609.13083v3,c817724e675c5e9f97a8a9646c569f9bbedbfc5ee87352622a3cc173b5e3e208,1507
intent-vs-fact/arxiv:2609.13117v1/abstract,intent-vs-fact,arxiv-abstracts,arxiv:2609.13117v1,abstract,en,https://arxiv.org/abs/2609.13117v1,8bc5c57d42f4939c845f778abb598fa974e237c49464b57f8296b601ee370540,1302
intent-vs-fact/arxiv:2609.13118v1/abstract,intent-vs-fact,arxiv-abstracts,arxiv:2609.13118v1,abstract,en,https://arxiv.org/abs/2609.13118v1,c5c78454ac49096a939d992d65368d75144e4448bfb9a0cea7e9829dbd06fe8f,1664
intent-vs-fact/arxiv:2609.13125v1/abstract,intent-vs-fact,arxiv-abstracts,arxiv:2609.13125v1,abstract,en,https://arxiv.org/abs/2609.13125v1,f2bf95d5d414425fb4b1938495c4099f7fbe583f515724ca010eefd9e3c942e6,1919
intent-vs-fact/arxiv:2609.13134v1/abstract,intent-vs-fact,arxiv-abstracts,arxiv:2609.13134v1,abstract,en,https://arxiv.org/abs/2609.13134v1,077f2cdf8dd19b7df60a37b4bc4d256adf319b541e3486dc2ee0d4f6f9ee593c,1668
intent-vs-fact/arxiv:2609.13141v1/abstract,intent-vs-fact,arxiv-abstracts,arxiv:2609.13141v1,abstract,en,https://arxiv.org/abs/2609.13141v1,a176fed8a37c646052c362923e62fab7f59c06769fde538987718284fc7dd959,1920
intent-vs-fact/arxiv:2609.13144v1/abstract,intent-vs-fact,arxiv-abstracts,arxiv:2609.13144v1,abstract,en,https://arxiv.org/abs/2609.13144v1,73937ed353ac8817cd225e89b0a44935a11766ad7946427e5d4e04ed848986c9,1288
intent-vs-fact/arxiv:2609.13334v1/abstract,intent-vs-fact,arxiv-abstracts,arxiv:2609.13334v1,abstract,en,https://arxiv.org/abs/2609.13334v1,a2f9d3f298c312f899a202a3454eb7e933595e01abb63940c342091ae8b3f40a,1715
intent-vs-fact/arxiv:2609.13422v2/abstract,intent-vs-fact,arxiv-abstracts,arxiv:2609.13422v2,abstract,en,https://arxiv.org/abs/2609.13422v2,736de43a49e8c31f054107cc2f3f20fef62b520ab3ea32e27527ff57e3cbcfe1,1186
intent-vs-fact/arxiv:2609.13561v1/abstract,intent-vs-fact,arxiv-abstracts,arxiv:2609.13561v1,abstract,en,https://arxiv.org/abs/2609.13561v1,46e7b8a2adedfa01d24d73b942b1abaaff20056be303911adf9e6b7849251f82,1672
intent-vs-fact/arxiv:2609.13577v1/abstract,intent-vs-fact,arxiv-abstracts,arxiv:2609.13577v1,abstract,en,https://arxiv.org/abs/2609.13577v1,4f1bcc684c11dfe66a722d26cfd87dde46f702effe069d526facd154119dd52f,1149
intent-vs-fact/arxiv:2609.13637v1/abstract,intent-vs-fact,arxiv-abstracts,arxiv:2609.13637v1,abstract,en,https://arxiv.org/abs/2609.13637v1,28da8be58a81c59e27dadaa51c3f69b08eed5d9b3ac758db3a64864b704a3ca3,1582
intent-vs-fact/arxiv:2609.13890v1/abstract,intent-vs-fact,arxiv-abstracts,arxiv:2609.13890v1,abstract,en,https://arxiv.org/abs/2609.13890v1,45b2ca8aa3f1ac955dd02a631f92ed4eba7ccab978a8640bb0fd1c3340772fbb,1677
intent-vs-fact/arxiv:2609.13986v1/abstract,intent-vs-fact,arxiv-abstracts,arxiv:2609.13986v1,abstract,en,https://arxiv.org/abs/2609.13986v1,82f54c9a4a1ebc6f6e2aed5f174c9a396ba85b39292d4e49ee2eca24ca7b3ba9,1025
intent-vs-fact/arxiv:2609.14072v1/abstract,intent-vs-fact,arxiv-abstracts,arxiv:2609.14072v1,abstract,en,https://arxiv.org/abs/2609.14072v1,8444346bdf1ef58547195a3060b5dc857d2d28bf54aacb0d1fbfd77af7168a7f,1707
intent-vs-fact/arxiv:2609.14227v1/abstract,intent-vs-fact,arxiv-abstracts,arxiv:2609.14227v1,abstract,en,https://arxiv.org/abs/2609.14227v1,96c4887eba7fa56374a4065aa6a641eb5a052184a9c25bed73bd8ca766a7cec3,1904
intent-vs-fact/arxiv:2609.14413v1/abstract,intent-vs-fact,arxiv-abstracts,arxiv:2609.14413v1,abstract,en,https://arxiv.org/abs/2609.14413v1,b05b235df5cd9f6ceda137c9fafc5567afce4b97cb45097590dd4ca0b429d4bb,1840
intent-vs-fact/arxiv:2609.14438v1/abstract,intent-vs-fact,arxiv-abstracts,arxiv:2609.14438v1,abstract,en,https://arxiv.org/abs/2609.14438v1,b7a7ed38e60bf07e71171fc8f6b81bf206dfefa1f8f53c4cedef906a203490fe,1244
intent-vs-fact/arxiv:2609.14767v1/abstract,intent-vs-fact,arxiv-abstracts,arxiv:2609.14767v1,abstract,en,https://arxiv.org/abs/2609.14767v1,9a405c0693381d6089f5ce00c65fb8de1b44d51e72eeab730498076f5ae1738c,1546
intent-vs-fact/arxiv:2609.14818v1/abstract,intent-vs-fact,arxiv-abstracts,arxiv:2609.14818v1,abstract,en,https://arxiv.org/abs/2609.14818v1,81211a99e07e640a225b8d901ffa215eba50970d2b7fee24411af36d5927ede9,1322
intent-vs-fact/arxiv:2609.14896v1/abstract,intent-vs-fact,arxiv-abstracts,arxiv:2609.14896v1,abstract,en,https://arxiv.org/abs/2609.14896v1,33cfbd6eb6c3af9d9dada5d762a2a03c3614bb05cc442f0d0d1f0d6edbb0e21b,1920
intent-vs-fact/arxiv:2609.14935v1/abstract,intent-vs-fact,arxiv-abstracts,arxiv:2609.14935v1,abstract,en,https://arxiv.org/abs/2609.14935v1,4678276cbab7f7c4790ce3b58415b79777e0e042234c36346c2681b6ce8e66ce,1179
intent-vs-fact/arxiv:2609.14959v1/abstract,intent-vs-fact,arxiv-abstracts,arxiv:2609.14959v1,abstract,en,https://arxiv.org/abs/2609.14959v1,2890e1152386c5aa0f81c5c8bbaeecd74b80c920c409cd1dacf917802f458cff,1835
intent-vs-fact/arxiv:2609.15079v1/abstract,intent-vs-fact,arxiv-abstracts,arxiv:2609.15079v1,abstract,en,https://arxiv.org/abs/2609.15079v1,a908cae940a9edeb6b4765a9897636a23206bb172cb7e21315f53ed8e7091770,1450
intent-vs-fact/arxiv:2609.15314v1/abstract,intent-vs-fact,arxiv-abstracts,arxiv:2609.15314v1,abstract,en,https://arxiv.org/abs/2609.15314v1,8a2a0aa22454856500918862b5313353ae650f0023c7fe108fd79d593f4871f5,1343
intent-vs-fact/arxiv:2609.15361v1/abstract,intent-vs-fact,arxiv-abstracts,arxiv:2609.15361v1,abstract,en,https://arxiv.org/abs/2609.15361v1,2bc2cba27cfb0f3114e9a63747c68181c0d79876f68930b596eed7ecb38832b2,1216
intent-vs-fact/arxiv:2609.15522v1/abstract,intent-vs-fact,arxiv-abstracts,arxiv:2609.15522v1,abstract,en,https://arxiv.org/abs/2609.15522v1,516576d07d08b67a6ad8b3b00c0bb27b3b3737c68c3bac8b5485309d41328b99,1701
intent-vs-fact/arxiv:2609.15528v1/abstract,intent-vs-fact,arxiv-abstracts,arxiv:2609.15528v1,abstract,en,https://arxiv.org/abs/2609.15528v1,8bf0f27bd1fe651aeb9b976bc6b5b9b12628ca569ec018e9f04d7fad095dba9c,1117
intent-vs-fact/arxiv:2609.15530v1/abstract,intent-vs-fact,arxiv-abstracts,arxiv:2609.15530v1,abstract,en,https://arxiv.org/abs/2609.15530v1,1de56d775a383548a3935d38a9abc22494a69833afededd1043602a061529925,1947
intent-vs-fact/arxiv:2609.15559v1/abstract,intent-vs-fact,arxiv-abstracts,arxiv:2609.15559v1,abstract,en,https://arxiv.org/abs/2609.15559v1,e20e958c7642df78316222cf10eee6311b7f651eaa2bcd0c0e10017a2964082d,892
intent-vs-fact/arxiv:2609.15561v1/abstract,intent-vs-fact,arxiv-abstracts,arxiv:2609.15561v1,abstract,en,https://arxiv.org/abs/2609.15561v1,99c24a12034b3535c1caa895085f19422763d8a2ba0aef995ce23c20ace1ad4e,797
intent-vs-fact/arxiv:2609.15608v1/abstract,intent-vs-fact,arxiv-abstracts,arxiv:2609.15608v1,abstract,en,https://arxiv.org/abs/2609.15608v1,b6793868ae09615f2683b71d9305d9eaa00308b2e102a1eefd158a93d39522c8,1442
intent-vs-fact/arxiv:2609.15618v1/abstract,intent-vs-fact,arxiv-abstracts,arxiv:2609.15618v1,abstract,en,https://arxiv.org/abs/2609.15618v1,7343be0476d7737027a3f355738ca412a21b828dc2c88384b6bc8f5aa73effbc,1292
intent-vs-fact/arxiv:2609.15640v1/abstract,intent-vs-fact,arxiv-abstracts,arxiv:2609.15640v1,abstract,en,https://arxiv.org/abs/2609.15640v1,b6deed0f1c1a8cc7c27ac231db74260db3af1c6af32e8845506145a604021440,1319
intent-vs-fact/arxiv:2609.15654v1/abstract,intent-vs-fact,arxiv-abstracts,arxiv:2609.15654v1,abstract,en,https://arxiv.org/abs/2609.15654v1,dc96a82455207bd047cbc6e2cf7ad951c5a7d2b84c6f92f4c121b64401d4842e,1440
intent-vs-fact/arxiv:2609.15660v1/abstract,intent-vs-fact,arxiv-abstracts,arxiv:2609.15660v1,abstract,en,https://arxiv.org/abs/2609.15660v1,7a3690a305bae0a07ccb6e446dbd0f24a39b9ebadd987794a51217568c28355a,1523
intent-vs-fact/arxiv:2609.15684v1/abstract,intent-vs-fact,arxiv-abstracts,arxiv:2609.15684v1,abstract,en,https://arxiv.org/abs/2609.15684v1,6ee815c2f0419d6883d7f9159815f02c62c8d0ff48735ef50b532701d3fb2f06,1419
intent-vs-fact/arxiv:2609.15722v1/abstract,intent-vs-fact,arxiv-abstracts,arxiv:2609.15722v1,abstract,en,https://arxiv.org/abs/2609.15722v1,5a5445652067539942299238f25c4bf4a96018d7cfce830984d7ddfe6c89acba,1588
intent-vs-fact/arxiv:2609.15740v1/abstract,intent-vs-fact,arxiv-abstracts,arxiv:2609.15740v1,abstract,en,https://arxiv.org/abs/2609.15740v1,b8dc6343e0ce9a5dfe709933e7c385604fd09a3a2d93439570bd69e6b1fd8e95,1436
intent-vs-fact/arxiv:2609.15743v1/abstract,intent-vs-fact,arxiv-abstracts,arxiv:2609.15743v1,abstract,en,https://arxiv.org/abs/2609.15743v1,f56fb9791bcc0c6156b8b1958eaa20ba852a75fc22800b8e38095d4a4e857422,997
intent-vs-fact/arxiv:2609.15744v1/abstract,intent-vs-fact,arxiv-abstracts,arxiv:2609.15744v1,abstract,en,https://arxiv.org/abs/2609.15744v1,03c7098033733e6bc3c7801af7bc4d32d02e2b9927bf7e31506bd971f4f49ba6,976
intent-vs-fact/arxiv:2609.15745v1/abstract,intent-vs-fact,arxiv-abstracts,arxiv:2609.15745v1,abstract,en,https://arxiv.org/abs/2609.15745v1,5a467ad5768de33200e64cf21ba845fe6b4170f819611a75cd5897d0496de594,1177
intent-vs-fact/arxiv:2609.15758v1/abstract,intent-vs-fact,arxiv-abstracts,arxiv:2609.15758v1,abstract,en,https://arxiv.org/abs/2609.15758v1,a4d44a62e2593da161461cd08e00845c1d2f4c5e306b0aa0620f82f33ae99b2b,1093
intent-vs-fact/arxiv:2609.15759v1/abstract,intent-vs-fact,arxiv-abstracts,arxiv:2609.15759v1,abstract,en,https://arxiv.org/abs/2609.15759v1,a1c719e4433a530176216f02650d49c45263076141e7f7c826bf86d278eea795,1205
intent-vs-fact/arxiv:2609.15763v1/abstract,intent-vs-fact,arxiv-abstracts,arxiv:2609.15763v1,abstract,en,https://arxiv.org/abs/2609.15763v1,7fd0ae9eacaa8f5d6ee9d931d6b6fbe9c9d469942c1842db00206ab399f52b26,1324
intent-vs-fact/arxiv:2609.15772v1/abstract,intent-vs-fact,arxiv-abstracts,arxiv:2609.15772v1,abstract,en,https://arxiv.org/abs/2609.15772v1,fbd1909b7196be23ae82ea70984a60ec48df5cbaa7d5f208bcff64f9e0ff6d23,1824
intent-vs-fact/arxiv:2609.15773v1/abstract,intent-vs-fact,arxiv-abstracts,arxiv:2609.15773v1,abstract,en,https://arxiv.org/abs/2609.15773v1,bb366880faac01d93dd2f18bd0b473839ae592c477d7bb95bbe373fc3dd56d90,1895
intent-vs-fact/arxiv:2609.15779v1/abstract,intent-vs-fact,arxiv-abstracts,arxiv:2609.15779v1,abstract,en,https://arxiv.org/abs/2609.15779v1,a19578b5c3dc739b1b4d1ba77beec04af5dbb0fa13380d196d3d93a91fbbe24d,1438
intent-vs-fact/arxiv:2609.15781v1/abstract,intent-vs-fact,arxiv-abstracts,arxiv:2609.15781v1,abstract,en,https://arxiv.org/abs/2609.15781v1,394d96b60cef60feb770a9af903d63e4a575f29e68841b3ef7118d269fec3780,1785
intent-vs-fact/arxiv:2609.15794v1/abstract,intent-vs-fact,arxiv-abstracts,arxiv:2609.15794v1,abstract,en,https://arxiv.org/abs/2609.15794v1,96742812272ec2f37e84391e0b51a6e44f5004a3316ae2b546323e8cb94b5aa8,1730
intent-vs-fact/arxiv:2609.15800v1/abstract,intent-vs-fact,arxiv-abstracts,arxiv:2609.15800v1,abstract,en,https://arxiv.org/abs/2609.15800v1,b7027490395d4bfeb7e0763d6b9abbaf67b616ae8c61f3723223920c65d28488,1752
intent-vs-fact/arxiv:2609.15801v1/abstract,intent-vs-fact,arxiv-abstracts,arxiv:2609.15801v1,abstract,en,https://arxiv.org/abs/2609.15801v1,ed9fdd88213592026b14b1825221cd093107733193b9f27bbf330f44b5b48345,1883
intent-vs-fact/arxiv:2609.15803v1/abstract,intent-vs-fact,arxiv-abstracts,arxiv:2609.15803v1,abstract,en,https://arxiv.org/abs/2609.15803v1,ff0f261f1af1218dc117f7dcb8a82196d2993e9610064cb478819ba23e7ba9e7,1826
intent-vs-fact/arxiv:2609.15818v2/abstract,intent-vs-fact,arxiv-abstracts,arxiv:2609.15818v2,abstract,en,https://arxiv.org/abs/2609.15818v2,7c415777a115a5aadf024feba72e285200c39d9c65627d212aeb6bf80112c2ba,1703
intent-vs-fact/arxiv:2609.15820v1/abstract,intent-vs-fact,arxiv-abstracts,arxiv:2609.15820v1,abstract,en,https://arxiv.org/abs/2609.15820v1,1a29c5a5c2ee1e8e0e798fbfd558040b4818eb0c415012abc6d9bcbc2e3b3e33,1271
intent-vs-fact/arxiv:2609.15830v1/abstract,intent-vs-fact,arxiv-abstracts,arxiv:2609.15830v1,abstract,en,https://arxiv.org/abs/2609.15830v1,6fad25b64d89cdd38b36277664fbaf985a948f70a0685cc9e386464348953aad,1484
intent-vs-fact/arxiv:2609.15838v1/abstract,intent-vs-fact,arxiv-abstracts,arxiv:2609.15838v1,abstract,en,https://arxiv.org/abs/2609.15838v1,dea6fa50ba0ae71bc624dc4621bde7a6738750b836512ac38383685cd681faa7,1448
intent-vs-fact/arxiv:2609.15849v1/abstract,intent-vs-fact,arxiv-abstracts,arxiv:2609.15849v1,abstract,en,https://arxiv.org/abs/2609.15849v1,0775c9bc7873935d55f9cc2c0a6b28ebf53ca32ae3f187bcb2d7c5065b0d8f40,1892
intent-vs-fact/arxiv:2609.15851v1/abstract,intent-vs-fact,arxiv-abstracts,arxiv:2609.15851v1,abstract,en,https://arxiv.org/abs/2609.15851v1,6cb411583bbbbd9685e9a1f75a38a000c1d1510a0db2a6464730f016e7e696b8,1101
intent-vs-fact/arxiv:2609.15855v2/abstract,intent-vs-fact,arxiv-abstracts,arxiv:2609.15855v2,abstract,en,https://arxiv.org/abs/2609.15855v2,b59c2eea88c0af1dc4cc5ca48b3a74a90f3479c55f669cd7f0bdb9784b46ab54,1301
intent-vs-fact/arxiv:2609.15859v1/abstract,intent-vs-fact,arxiv-abstracts,arxiv:2609.15859v1,abstract,en,https://arxiv.org/abs/2609.15859v1,a71be770b497348bdbdc82cd167e25d7a29a45bc060f21c49ae2a1c4db849fa7,1119
intent-vs-fact/arxiv:2609.15871v1/abstract,intent-vs-fact,arxiv-abstracts,arxiv:2609.15871v1,abstract,en,https://arxiv.org/abs/2609.15871v1,15a848146fd8a9faae33d3c7e269757e113b76244248225e3859e5aaae9d2b09,1579
intent-vs-fact/arxiv:2609.15883v1/abstract,intent-vs-fact,arxiv-abstracts,arxiv:2609.15883v1,abstract,en,https://arxiv.org/abs/2609.15883v1,e81ccd6788b4a69fd14ac406d53762cb64c661071a5f4e1b1ded9f8e9f05738c,1361
intent-vs-fact/arxiv:2609.15885v1/abstract,intent-vs-fact,arxiv-abstracts,arxiv:2609.15885v1,abstract,en,https://arxiv.org/abs/2609.15885v1,9110f76ea4252b47a6cc2856bc9469f8344178d32256b7f49027c2711da77e2e,1035
intent-vs-fact/arxiv:2609.15886v1/abstract,intent-vs-fact,arxiv-abstracts,arxiv:2609.15886v1,abstract,en,https://arxiv.org/abs/2609.15886v1,faff84af12eedb21eccbb6a857d5470bb748b81ae0c772d8d6b824569a9ac88d,1326
intent-vs-fact/arxiv:2609.15888v1/abstract,intent-vs-fact,arxiv-abstracts,arxiv:2609.15888v1,abstract,en,https://arxiv.org/abs/2609.15888v1,e4722efa6a93143fb954c1cb9e0b6dd3d0debfab538f3b0100dd3045ce2e6e26,1683
intent-vs-fact/arxiv:2609.15910v1/abstract,intent-vs-fact,arxiv-abstracts,arxiv:2609.15910v1,abstract,en,https://arxiv.org/abs/2609.15910v1,0d425a1463e537bbe9e1840a146530a6d157ee010e8b53693310700fb24b38e8,1131
intent-vs-fact/arxiv:2609.15919v1/abstract,intent-vs-fact,arxiv-abstracts,arxiv:2609.15919v1,abstract,en,https://arxiv.org/abs/2609.15919v1,fd0d8c5bcd3711dcd3472b1c9a6ea187f9736bcf2de371140437a3ebdeca7495,1909
intent-vs-fact/arxiv:2609.15932v1/abstract,intent-vs-fact,arxiv-abstracts,arxiv:2609.15932v1,abstract,en,https://arxiv.org/abs/2609.15932v1,31c2806579229aa39007a9b440324688b5878c5f0e02c35234a9f8bce9a18597,1104
intent-vs-fact/arxiv:2609.15938v1/abstract,intent-vs-fact,arxiv-abstracts,arxiv:2609.15938v1,abstract,en,https://arxiv.org/abs/2609.15938v1,1f40f406f55762eafdfbfb0cadcb080af53e9b06f029c0622dc11bacd8c878fd,1905
intent-vs-fact/arxiv:2609.15939v1/abstract,intent-vs-fact,arxiv-abstracts,arxiv:2609.15939v1,abstract,en,https://arxiv.org/abs/2609.15939v1,78eb4d5d397745ec05c2a36c0e8bdbc6804dec5d7cf4017e6ba25ac7cc8337f1,1618
intent-vs-fact/arxiv:2609.15964v2/abstract,intent-vs-fact,arxiv-abstracts,arxiv:2609.15964v2,abstract,en,https://arxiv.org/abs/2609.15964v2,8e83324ede2d84ee69e80687306d9e99342dcd74b3f69b0e7b2dd39267abc273,1412
intent-vs-fact/arxiv:2609.15972v1/abstract,intent-vs-fact,arxiv-abstracts,arxiv:2609.15972v1,abstract,en,https://arxiv.org/abs/2609.15972v1,f0cf4c8b31af79f2ac28298e591b2a3a0ae52a3144ed2af2d876784d9500f00a,1912
intent-vs-fact/arxiv:2609.15973v1/abstract,intent-vs-fact,arxiv-abstracts,arxiv:2609.15973v1,abstract,en,https://arxiv.org/abs/2609.15973v1,b71b009bde6496d55fb4f030c2ad8b5622107380e6f8b48553c37348e0101d1a,1915
intent-vs-fact/arxiv:2609.15975v1/abstract,intent-vs-fact,arxiv-abstracts,arxiv:2609.15975v1,abstract,en,https://arxiv.org/abs/2609.15975v1,fb891b13dea09c2c1e02ef4c3ca50cf0fe20a12ebd7d8d49de402256452f7831,1444
intent-vs-fact/arxiv:2609.15982v1/abstract,intent-vs-fact,arxiv-abstracts,arxiv:2609.15982v1,abstract,en,https://arxiv.org/abs/2609.15982v1,05d3228abd7b20ae55231e77c458a717bda88f6c9d2f7aae32c8fc98a73219cd,1548
intent-vs-fact/arxiv:2609.15983v2/abstract,intent-vs-fact,arxiv-abstracts,arxiv:2609.15983v2,abstract,en,https://arxiv.org/abs/2609.15983v2,8bd0e37de5e03f104455f6ae463d8f573a22ab74564384dd02494c6ba429dc98,1615
intent-vs-fact/arxiv:2609.15987v1/abstract,intent-vs-fact,arxiv-abstracts,arxiv:2609.15987v1,abstract,en,https://arxiv.org/abs/2609.15987v1,2183be0ae592d74dfa327c544aad210344c9cd842854e6c5fc9e8aa44424a6bd,769
intent-vs-fact/arxiv:2609.15989v1/abstract,intent-vs-fact,arxiv-abstracts,arxiv:2609.15989v1,abstract,en,https://arxiv.org/abs/2609.15989v1,ea78045814b868601b1cb13abed292ce6461a7a834142cece9e77e66dac09928,1334
intent-vs-fact/arxiv:2609.16158v1/abstract,intent-vs-fact,arxiv-abstracts,arxiv:2609.16158v1,abstract,en,https://arxiv.org/abs/2609.16158v1,6ff7a0631dd2dfd88fe246a265413eb30f75a1e261a249b6d2a90b4f97bc8353,1003
intent-vs-fact/arxiv:2609.16163v1/abstract,intent-vs-fact,arxiv-abstracts,arxiv:2609.16163v1,abstract,en,https://arxiv.org/abs/2609.16163v1,9dabf6d2c5770fd40618880cdd15bed2a954622cad4d6324ab2d2a9366c58e76,1509
intent-vs-fact/arxiv:2609.16270v1/abstract,intent-vs-fact,arxiv-abstracts,arxiv:2609.16270v1,abstract,en,https://arxiv.org/abs/2609.16270v1,b3fdc2c9055c994b4efd8d2194b551d2588c50fde3c53b04c741a931d593c168,1788
intent-vs-fact/arxiv:2609.16305v1/abstract,intent-vs-fact,arxiv-abstracts,arxiv:2609.16305v1,abstract,en,https://arxiv.org/abs/2609.16305v1,f06d0ea0c87ac2d1214f794ee8b22fdddccb801b6d0687164c4a5a546dcf6082,1782
intent-vs-fact/arxiv:2609.16346v1/abstract,intent-vs-fact,arxiv-abstracts,arxiv:2609.16346v1,abstract,en,https://arxiv.org/abs/2609.16346v1,cc0c170d4f675982f7c51079185edd7e2598509d5b348dc5d73c144acefe3b41,1424
intent-vs-fact/arxiv:2609.16487v1/abstract,intent-vs-fact,arxiv-abstracts,arxiv:2609.16487v1,abstract,en,https://arxiv.org/abs/2609.16487v1,a557ec162686428d49c20771d268ac04d412443aa31e1b29953dd6b7a3e5c0e0,1896
intent-vs-fact/arxiv:2609.16673v1/abstract,intent-vs-fact,arxiv-abstracts,arxiv:2609.16673v1,abstract,en,https://arxiv.org/abs/2609.16673v1,c86db1a01bd9b91bb2ed1068f907fc125ec404fb5552754adffa44351f8e24e1,1830
intent-vs-fact/arxiv:2609.16917v1/abstract,intent-vs-fact,arxiv-abstracts,arxiv:2609.16917v1,abstract,en,https://arxiv.org/abs/2609.16917v1,fbf37d47684bbaa4c414d93562fde63336452a36728bc73f61b91ae42f05ae45,1506
intent-vs-fact/arxiv:2609.16986v1/abstract,intent-vs-fact,arxiv-abstracts,arxiv:2609.16986v1,abstract,en,https://arxiv.org/abs/2609.16986v1,c5829b34d3cf9c31b15deaa0fd17637533f091d9d9891f429c008262e7923762,1531
intent-vs-fact/arxiv:2609.16995v1/abstract,intent-vs-fact,arxiv-abstracts,arxiv:2609.16995v1,abstract,en,https://arxiv.org/abs/2609.16995v1,6732037ed1fb7718d77a9d6045fc2663e4c2c827e1005d6ce7971565b4e8500d,1883
intent-vs-fact/arxiv:2609.16997v1/abstract,intent-vs-fact,arxiv-abstracts,arxiv:2609.16997v1,abstract,en,https://arxiv.org/abs/2609.16997v1,e4e5cb09be5814878285b43c63d69bf1ffc7b19d5cbf51e51590058bd002114c,1316
intent-vs-fact/arxiv:2609.17010v1/abstract,intent-vs-fact,arxiv-abstracts,arxiv:2609.17010v1,abstract,en,https://arxiv.org/abs/2609.17010v1,22562136dd0d31eb4bc3c0b99659706ea832c529789368105a5ab365a28611b3,1523
intent-vs-fact/arxiv:2609.17017v1/abstract,intent-vs-fact,arxiv-abstracts,arxiv:2609.17017v1,abstract,en,https://arxiv.org/abs/2609.17017v1,62365ea4db3c84e6fb6d60d234dcead691c11e938eba8f8fc986936b2449b1d3,614
intent-vs-fact/arxiv:2609.17043v1/abstract,intent-vs-fact,arxiv-abstracts,arxiv:2609.17043v1,abstract,en,https://arxiv.org/abs/2609.17043v1,c120c2a494fb9f3735b36147bd064a4de43ac4fe4910b6d2e71c482ffce5613b,1234
intent-vs-fact/arxiv:2609.17056v1/abstract,intent-vs-fact,arxiv-abstracts,arxiv:2609.17056v1,abstract,en,https://arxiv.org/abs/2609.17056v1,5b990a9327e586790818915eb219d7303eb37c2d15a3a6f3a3ae799c5d26e8de,1107
intent-vs-fact/arxiv:2609.17081v1/abstract,intent-vs-fact,arxiv-abstracts,arxiv:2609.17081v1,abstract,en,https://arxiv.org/abs/2609.17081v1,ce5b9591e67f2ace46f145069f736fd6cdc349f4453e0b9e7eac42cce172bd87,1087
intent-vs-fact/arxiv:2609.17088v1/abstract,intent-vs-fact,arxiv-abstracts,arxiv:2609.17088v1,abstract,en,https://arxiv.org/abs/2609.17088v1,ded838e9217ee88297392147f29a757594c7fdafe502892cb0f7d08975747037,1437
intent-vs-fact/arxiv:2609.17109v1/abstract,intent-vs-fact,arxiv-abstracts,arxiv:2609.17109v1,abstract,en,https://arxiv.org/abs/2609.17109v1,110c6c8a1eebee7073eadf500b5a750c236fb279f01f60a3ddc10b6433c08b56,1637
intent-vs-fact/arxiv:2609.17119v1/abstract,intent-vs-fact,arxiv-abstracts,arxiv:2609.17119v1,abstract,en,https://arxiv.org/abs/2609.17119v1,c5e9f04bce06b3b7a8d031942562c56d1f6061f37aef11715ada29675f453a9c,1137
intent-vs-fact/arxiv:2609.17146v1/abstract,intent-vs-fact,arxiv-abstracts,arxiv:2609.17146v1,abstract,en,https://arxiv.org/abs/2609.17146v1,0cc4616b4068da139e084cbe0bc3d9376387fee2c20bbe3c88bbee247fb96220,1108
intent-vs-fact/arxiv:2609.17184v1/abstract,intent-vs-fact,arxiv-abstracts,arxiv:2609.17184v1,abstract,en,https://arxiv.org/abs/2609.17184v1,3f1fcb50ef692c75da1049545548b2a8a17805bbdb1a9826fcd2aaf405ea7eab,1301
intent-vs-fact/arxiv:2609.17210v1/abstract,intent-vs-fact,arxiv-abstracts,arxiv:2609.17210v1,abstract,en,https://arxiv.org/abs/2609.17210v1,36aec13c48f2856c60bd33d622cdfe1f63d9f8a9c241612dbafb3d9b787e7987,1603
intent-vs-fact/arxiv:2609.17221v1/abstract,intent-vs-fact,arxiv-abstracts,arxiv:2609.17221v1,abstract,en,https://arxiv.org/abs/2609.17221v1,9c23005a587941f029eaeb68754837b031694d8ee9cecafef3b1c2d5437c730f,1489
intent-vs-fact/arxiv:2609.17225v1/abstract,intent-vs-fact,arxiv-abstracts,arxiv:2609.17225v1,abstract,en,https://arxiv.org/abs/2609.17225v1,92c983b090e0c97d0111a004d526eb1f7a861e54a177c7fe0bfb9a24b2bb97a0,1106
intent-vs-fact/arxiv:2609.17226v1/abstract,intent-vs-fact,arxiv-abstracts,arxiv:2609.17226v1,abstract,en,https://arxiv.org/abs/2609.17226v1,9c8d9eb2113a1066c73a0d1343836c6cf9866a3e33be367420ac2868f7a6750d,1882
intent-vs-fact/arxiv:2609.17227v1/abstract,intent-vs-fact,arxiv-abstracts,arxiv:2609.17227v1,abstract,en,https://arxiv.org/abs/2609.17227v1,b742f8abc656491d1e8034295076db08b99cacfb5f0141c6002e17e7fee80434,1406
intent-vs-fact/arxiv:2609.17235v1/abstract,intent-vs-fact,arxiv-abstracts,arxiv:2609.17235v1,abstract,en,https://arxiv.org/abs/2609.17235v1,972e886fbb185c3455425f2f5d4e6695854e0bf98d0049787347d62526ad6a59,1257
intent-vs-fact/arxiv:2609.17241v1/abstract,intent-vs-fact,arxiv-abstracts,arxiv:2609.17241v1,abstract,en,https://arxiv.org/abs/2609.17241v1,53a4582a9dda9cf8b316b7cfec99000646ff56c7bccef2b893de853a9896dca7,1361
intent-vs-fact/arxiv:2609.17251v1/abstract,intent-vs-fact,arxiv-abstracts,arxiv:2609.17251v1,abstract,en,https://arxiv.org/abs/2609.17251v1,3d8301cb0044f4db528bdf3648c5607fcb028a90db088ab828019ea74746d4f8,1325
intent-vs-fact/arxiv:2609.17260v1/abstract,intent-vs-fact,arxiv-abstracts,arxiv:2609.17260v1,abstract,en,https://arxiv.org/abs/2609.17260v1,ab049a178d69bfc108e048aacf35f57656891599bd0bd407915c96a0a83da05d,1196
intent-vs-fact/arxiv:2609.17265v1/abstract,intent-vs-fact,arxiv-abstracts,arxiv:2609.17265v1,abstract,en,https://arxiv.org/abs/2609.17265v1,ab5a2d6f3c6ee9e4f0094bc60029416be91e948c56f9112d2a643105abab2a55,1452
intent-vs-fact/arxiv:2609.17274v2/abstract,intent-vs-fact,arxiv-abstracts,arxiv:2609.17274v2,abstract,en,https://arxiv.org/abs/2609.17274v2,5bf3e798bc27daa98091c4535643846ac2faa74a4841e8141e9b3d902df512dc,1541
intent-vs-fact/arxiv:2609.17291v1/abstract,intent-vs-fact,arxiv-abstracts,arxiv:2609.17291v1,abstract,en,https://arxiv.org/abs/2609.17291v1,9433d6b4b1ae4bf5ab20348f7746995db3ad247e1a48ee01e04ab8bbcfad25cd,1677
intent-vs-fact/arxiv:2609.17306v1/abstract,intent-vs-fact,arxiv-abstracts,arxiv:2609.17306v1,abstract,en,https://arxiv.org/abs/2609.17306v1,f43259316547d67edcc7fd66a5c6fdef03bc9aca894e969fed8bf62d53e4ca59,1042
intent-vs-fact/arxiv:2609.17310v2/abstract,intent-vs-fact,arxiv-abstracts,arxiv:2609.17310v2,abstract,en,https://arxiv.org/abs/2609.17310v2,ad8865b4c240157dd1ab7d4e4e76effca3497447a083aa372e1cd26faf35dd63,1179
intent-vs-fact/arxiv:2609.17317v1/abstract,intent-vs-fact,arxiv-abstracts,arxiv:2609.17317v1,abstract,en,https://arxiv.org/abs/2609.17317v1,393ada0ad8f397d1ddfe2a5ccf872a2aec088639e730e4384538ac6ea7eff1f2,1159
intent-vs-fact/arxiv:2609.17320v1/abstract,intent-vs-fact,arxiv-abstracts,arxiv:2609.17320v1,abstract,en,https://arxiv.org/abs/2609.17320v1,ee6a97486d2b6c2ca9cd3fc9994318e5a76d76c9c7bf16b8af4205ee425b4078,1865
intent-vs-fact/arxiv:2609.17325v1/abstract,intent-vs-fact,arxiv-abstracts,arxiv:2609.17325v1,abstract,en,https://arxiv.org/abs/2609.17325v1,2604a772a469d9548d3094dbce7569fb8d051d9a2aea76268891512d3c2a2445,1588
intent-vs-fact/arxiv:2609.17326v1/abstract,intent-vs-fact,arxiv-abstracts,arxiv:2609.17326v1,abstract,en,https://arxiv.org/abs/2609.17326v1,28b50e75867e6d58e4790c858ee4e83019213c4086e10c0af2ac71ce4e868be7,1590
intent-vs-fact/arxiv:2609.17327v2/abstract,intent-vs-fact,arxiv-abstracts,arxiv:2609.17327v2,abstract,en,https://arxiv.org/abs/2609.17327v2,23abd22f6dbdbdadb748f105c4303bc3e38fbf6b9b4a515fad7dd35d56126b2e,594
intent-vs-fact/arxiv:2609.17331v1/abstract,intent-vs-fact,arxiv-abstracts,arxiv:2609.17331v1,abstract,en,https://arxiv.org/abs/2609.17331v1,951048dfb6d74b0aad286842f1e70ae6d91da20898f7f848ee721b466100e497,1900
intent-vs-fact/arxiv:2609.17346v1/abstract,intent-vs-fact,arxiv-abstracts,arxiv:2609.17346v1,abstract,en,https://arxiv.org/abs/2609.17346v1,19c6d3e8d2def5c2fd8db7e4db94046220e928667332ec1fac9a90a2bb60ab9a,1283
intent-vs-fact/arxiv:2609.17360v2/abstract,intent-vs-fact,arxiv-abstracts,arxiv:2609.17360v2,abstract,en,https://arxiv.org/abs/2609.17360v2,e74c5e901cb6905672ce6cf42eef68e1b63ef0ecdc6f51027f4b9914f7173995,1214
intent-vs-fact/arxiv:2609.17376v1/abstract,intent-vs-fact,arxiv-abstracts,arxiv:2609.17376v1,abstract,en,https://arxiv.org/abs/2609.17376v1,a49745adaefd1cc842fe31773aac43a77c8908f5a80079f2f9482b6f1279db15,1353
intent-vs-fact/arxiv:2609.17384v1/abstract,intent-vs-fact,arxiv-abstracts,arxiv:2609.17384v1,abstract,en,https://arxiv.org/abs/2609.17384v1,1ed204036a3115fbb33c369219fffde142ad57a2f8aa45aad8c1b2fea2327524,1503
intent-vs-fact/arxiv:2609.17391v1/abstract,intent-vs-fact,arxiv-abstracts,arxiv:2609.17391v1,abstract,en,https://arxiv.org/abs/2609.17391v1,ff0b795c9783a7fbaabaabaea1513bd06000271d7eeaa8283819d626a246c2ae,1589
intent-vs-fact/arxiv:2609.17394v1/abstract,intent-vs-fact,arxiv-abstracts,arxiv:2609.17394v1,abstract,en,https://arxiv.org/abs/2609.17394v1,8b31836f929549db4725ade96950039c5f92d6a73f70f641d0ddf6f6637d1f2e,1528
intent-vs-fact/arxiv:2609.17398v1/abstract,intent-vs-fact,arxiv-abstracts,arxiv:2609.17398v1,abstract,en,https://arxiv.org/abs/2609.17398v1,57dd25e990fc0a4ca9e9bc03254524c4113dce2958112a7b9595e21068071600,1066
intent-vs-fact/arxiv:2609.17427v1/abstract,intent-vs-fact,arxiv-abstracts,arxiv:2609.17427v1,abstract,en,https://arxiv.org/abs/2609.17427v1,b9bb6d9eef4e52c5f4b73483353303af28e98320f18a6251243e063956d59dc8,1838
intent-vs-fact/arxiv:2609.17429v1/abstract,intent-vs-fact,arxiv-abstracts,arxiv:2609.17429v1,abstract,en,https://arxiv.org/abs/2609.17429v1,e98a2d7d462643bb16bb13a9c1aa107c6182b680119229ebfcf3dc36766e6ee2,1770
intent-vs-fact/arxiv:2609.17434v1/abstract,intent-vs-fact,arxiv-abstracts,arxiv:2609.17434v1,abstract,en,https://arxiv.org/abs/2609.17434v1,7fd5e914d9821fb8df402506b8a9d8808dd72424d6c3a71e62e335388b27a14a,1225
intent-vs-fact/arxiv:2609.17435v1/abstract,intent-vs-fact,arxiv-abstracts,arxiv:2609.17435v1,abstract,en,https://arxiv.org/abs/2609.17435v1,9e3eaca248b5151d479f8bdb11075cd90bd3722e3c56c7ec4c6a0d540fef7504,1000
intent-vs-fact/arxiv:2609.17439v1/abstract,intent-vs-fact,arxiv-abstracts,arxiv:2609.17439v1,abstract,en,https://arxiv.org/abs/2609.17439v1,83781c80e6f2bf572ab2575ac1e07408139f571514f4b43a979c9a74e0c7b831,1312
intent-vs-fact/arxiv:2609.17464v1/abstract,intent-vs-fact,arxiv-abstracts,arxiv:2609.17464v1,abstract,en,https://arxiv.org/abs/2609.17464v1,ff3fe0e129eb54fbeaf746574d5c37742867bcfa770e895aefe0ea5b9b19e1f8,1862
intent-vs-fact/arxiv:2609.17474v1/abstract,intent-vs-fact,arxiv-abstracts,arxiv:2609.17474v1,abstract,en,https://arxiv.org/abs/2609.17474v1,c0a7bd07252d5116d7092f2f1ea4260359976f3893c8e7042dd60349a9c80000,1716
intent-vs-fact/arxiv:2609.17475v2/abstract,intent-vs-fact,arxiv-abstracts,arxiv:2609.17475v2,abstract,en,https://arxiv.org/abs/2609.17475v2,618b816bf0a4ddc1637e21c180e4d99f70894522cefe3f3f13224e4fd3e540e3,1082
intent-vs-fact/arxiv:2609.17479v1/abstract,intent-vs-fact,arxiv-abstracts,arxiv:2609.17479v1,abstract,en,https://arxiv.org/abs/2609.17479v1,de145fe9fd423e087c7f8850c53c41d1c542d210e27de0916982a06571d29194,1620
intent-vs-fact/arxiv:2609.17488v1/abstract,intent-vs-fact,arxiv-abstracts,arxiv:2609.17488v1,abstract,en,https://arxiv.org/abs/2609.17488v1,9f98fecb50be5db58b2530424db64ad0aa76c7ab52bb702d098f02f02003e17f,1173
intent-vs-fact/arxiv:2609.17496v1/abstract,intent-vs-fact,arxiv-abstracts,arxiv:2609.17496v1,abstract,en,https://arxiv.org/abs/2609.17496v1,b756ac267edf5b70c71562de4b45f9007756f00575aa091cabe6d8fe3eaed30b,1312
intent-vs-fact/arxiv:2609.17499v1/abstract,intent-vs-fact,arxiv-abstracts,arxiv:2609.17499v1,abstract,en,https://arxiv.org/abs/2609.17499v1,85330355d505b8cc5153ff98304739c3e8c063eacb070e48cdcec484e9f46816,1328
intent-vs-fact/arxiv:2609.17509v1/abstract,intent-vs-fact,arxiv-abstracts,arxiv:2609.17509v1,abstract,en,https://arxiv.org/abs/2609.17509v1,dcc000742936cbca7b4229e6f5c8886df909f29368d814822f72a08e71561b98,1319
intent-vs-fact/arxiv:2609.17515v1/abstract,intent-vs-fact,arxiv-abstracts,arxiv:2609.17515v1,abstract,en,https://arxiv.org/abs/2609.17515v1,8139442f8e8a3bc369d4c02e28c0e6867f72df261e8aa23165ada61b769bdffe,1108
intent-vs-fact/arxiv:2609.17516v1/abstract,intent-vs-fact,arxiv-abstracts,arxiv:2609.17516v1,abstract,en,https://arxiv.org/abs/2609.17516v1,89ac93951d8b0f7167755ca566d7572724ae4452bbddbc38dcbab0519485c18a,1242
intent-vs-fact/arxiv:2609.17521v2/abstract,intent-vs-fact,arxiv-abstracts,arxiv:2609.17521v2,abstract,en,https://arxiv.org/abs/2609.17521v2,664b557524659876028e4e300c9c141fd5f19892558b80da1676a0a0f4969f49,1427
intent-vs-fact/arxiv:2609.17523v1/abstract,intent-vs-fact,arxiv-abstracts,arxiv:2609.17523v1,abstract,en,https://arxiv.org/abs/2609.17523v1,b2ac6f213843c6f17fe1937c8ae5ff0ab2a0c63b00032349c8b2b1baaea61a33,1218
intent-vs-fact/arxiv:2609.17527v1/abstract,intent-vs-fact,arxiv-abstracts,arxiv:2609.17527v1,abstract,en,https://arxiv.org/abs/2609.17527v1,398343af21e1b0867ccedd8a48ce9bed07b7fb8d45c20be4e23253fb5744213b,1039
intent-vs-fact/arxiv:2609.17797v1/abstract,intent-vs-fact,arxiv-abstracts,arxiv:2609.17797v1,abstract,en,https://arxiv.org/abs/2609.17797v1,bb17e3f3d3d58a28229e3d2a1fa9bd66d6c33602a387a3d085f0cc0a853c6d1d,507
intent-vs-fact/arxiv:2609.17856v1/abstract,intent-vs-fact,arxiv-abstracts,arxiv:2609.17856v1,abstract,en,https://arxiv.org/abs/2609.17856v1,895cc0112d2f71cf15dd09abd1e33e9baede95ae0db6c2a883f7eb7b68726dd7,1672
intent-vs-fact/arxiv:2609.17885v2/abstract,intent-vs-fact,arxiv-abstracts,arxiv:2609.17885v2,abstract,en,https://arxiv.org/abs/2609.17885v2,ab0dbea71d0b8bfe035d3b0a71d6ed99fbd261202976cdc322a0769074827d76,1298
intent-vs-fact/arxiv:2609.18223v1/abstract,intent-vs-fact,arxiv-abstracts,arxiv:2609.18223v1,abstract,en,https://arxiv.org/abs/2609.18223v1,a2f6eb669efbf4dcca16b72e15646ba0fad9e93e3f24866a5341bf95de9b33e9,1189
intent-vs-fact/arxiv:2609.18283v1/abstract,intent-vs-fact,arxiv-abstracts,arxiv:2609.18283v1,abstract,en,https://arxiv.org/abs/2609.18283v1,54846875977cc8506d9ac23e3f1a325f47ca8a7e880434f16a2213bfece90913,1809
intent-vs-fact/arxiv:2609.18649v1/abstract,intent-vs-fact,arxiv-abstracts,arxiv:2609.18649v1,abstract,en,https://arxiv.org/abs/2609.18649v1,0eef89e3452168c02d1b46ab4c6e01628f9049167ba2b76a19270458b159ded2,1137
intent-vs-fact/arxiv:2609.18672v1/abstract,intent-vs-fact,arxiv-abstracts,arxiv:2609.18672v1,abstract,en,https://arxiv.org/abs/2609.18672v1,bbdcca1629a7d252e567b974c056ccd564e62f2b8275e7f9ecfc3bc212606f0b,1874
intent-vs-fact/arxiv:2609.18677v1/abstract,intent-vs-fact,arxiv-abstracts,arxiv:2609.18677v1,abstract,en,https://arxiv.org/abs/2609.18677v1,5edd5ff8d5327effbf146e382f5f82d3b4cf63f2edf54db4ef7d3be1c109139c,1119
intent-vs-fact/arxiv:2609.18680v2/abstract,intent-vs-fact,arxiv-abstracts,arxiv:2609.18680v2,abstract,en,https://arxiv.org/abs/2609.18680v2,9ffccd25c726864daf8f8ee52b85429a479054f9dcfceb601c384d2c6bca0290,1049
intent-vs-fact/arxiv:2609.18690v1/abstract,intent-vs-fact,arxiv-abstracts,arxiv:2609.18690v1,abstract,en,https://arxiv.org/abs/2609.18690v1,ccbc85f4d2598b4cb1e6e1a96b3b9184ddeba838cb610658070fd2d1ac9c8d06,1619
intent-vs-fact/arxiv:2609.18697v1/abstract,intent-vs-fact,arxiv-abstracts,arxiv:2609.18697v1,abstract,en,https://arxiv.org/abs/2609.18697v1,e3f1959e8e658244f6883f544d5d4dc83f8439fec2a1c79cc267a7f99322cfa7,1880
intent-vs-fact/arxiv:2609.18720v1/abstract,intent-vs-fact,arxiv-abstracts,arxiv:2609.18720v1,abstract,en,https://arxiv.org/abs/2609.18720v1,2c4967d13047c6df1196623d7f4090a6ab756544de4c92741d91d3c09d1e4256,1323
intent-vs-fact/arxiv:2609.18729v1/abstract,intent-vs-fact,arxiv-abstracts,arxiv:2609.18729v1,abstract,en,https://arxiv.org/abs/2609.18729v1,a1d253a85046e615e52e226490f77572b14c32d6be4db3c60369a646ccb3e4d7,1496
intent-vs-fact/arxiv:2609.18736v1/abstract,intent-vs-fact,arxiv-abstracts,arxiv:2609.18736v1,abstract,en,https://arxiv.org/abs/2609.18736v1,36e7db264c74bfe11b2f8f5fc10f3bc6307ce5c79857b262af340fe80ba2cd65,1493
intent-vs-fact/arxiv:2609.18739v1/abstract,intent-vs-fact,arxiv-abstracts,arxiv:2609.18739v1,abstract,en,https://arxiv.org/abs/2609.18739v1,4f6fa1c5791c31f66697df296d759bf386109d41239582c14b0aa8e10793fed8,703
intent-vs-fact/arxiv:2609.18748v2/abstract,intent-vs-fact,arxiv-abstracts,arxiv:2609.18748v2,abstract,en,https://arxiv.org/abs/2609.18748v2,911c67c1f02f17706604e081669bc72d0af564f30882ac31a7ec1f877bf3209c,1842
intent-vs-fact/arxiv:2609.18766v3/abstract,intent-vs-fact,arxiv-abstracts,arxiv:2609.18766v3,abstract,en,https://arxiv.org/abs/2609.18766v3,61352833fc21b251a120a7484e68e4de46621929fb12a1d3dccaa4ba53ba5d44,1434
intent-vs-fact/arxiv:2609.18769v1/abstract,intent-vs-fact,arxiv-abstracts,arxiv:2609.18769v1,abstract,en,https://arxiv.org/abs/2609.18769v1,3191126214d63842b704a8604551dd00b4364521a85485236d533ddd0a738ff3,1525
intent-vs-fact/arxiv:2609.18772v1/abstract,intent-vs-fact,arxiv-abstracts,arxiv:2609.18772v1,abstract,en,https://arxiv.org/abs/2609.18772v1,392559940e50e9c87d4a9b58ada816245f1194f21816875e9159804b30ad2cc3,1111
intent-vs-fact/arxiv:2609.18779v1/abstract,intent-vs-fact,arxiv-abstracts,arxiv:2609.18779v1,abstract,en,https://arxiv.org/abs/2609.18779v1,ebbcd31b7f5e56386bd7d663140acf9e9530b10bf03837abd06ccc6ebfec1869,1274
intent-vs-fact/arxiv:2609.18804v1/abstract,intent-vs-fact,arxiv-abstracts,arxiv:2609.18804v1,abstract,en,https://arxiv.org/abs/2609.18804v1,53f22c3c6cdcff93621689a7482d9cbaed24b6d95681487db714a03becf3017d,1526
intent-vs-fact/arxiv:2609.18805v1/abstract,intent-vs-fact,arxiv-abstracts,arxiv:2609.18805v1,abstract,en,https://arxiv.org/abs/2609.18805v1,29c41634eba0e31b3e64e97d8a366e4ac66271de15b58e4e699d982f737b9441,1191
intent-vs-fact/arxiv:2609.18820v2/abstract,intent-vs-fact,arxiv-abstracts,arxiv:2609.18820v2,abstract,en,https://arxiv.org/abs/2609.18820v2,5b93413c601e6b087536c130322f983467adb1affb55670ea2100df4fdc9992d,1256
intent-vs-fact/arxiv:2609.18823v1/abstract,intent-vs-fact,arxiv-abstracts,arxiv:2609.18823v1,abstract,en,https://arxiv.org/abs/2609.18823v1,821134213c16b699933612773361cdf10ef464bf20cca49d918982dc3a43d456,1292
intent-vs-fact/arxiv:2609.18842v2/abstract,intent-vs-fact,arxiv-abstracts,arxiv:2609.18842v2,abstract,en,https://arxiv.org/abs/2609.18842v2,c997745e676f2f6281a63616ad649880e48a125483099f1579dfafa5f4315107,1695
intent-vs-fact/arxiv:2609.18844v1/abstract,intent-vs-fact,arxiv-abstracts,arxiv:2609.18844v1,abstract,en,https://arxiv.org/abs/2609.18844v1,3048deb50b04e4a6ccb95a154d99b5e5e1fa37bb4662387f401a432f62d02f05,1813
intent-vs-fact/arxiv:2609.18849v1/abstract,intent-vs-fact,arxiv-abstracts,arxiv:2609.18849v1,abstract,en,https://arxiv.org/abs/2609.18849v1,dbe16e290cffb30654558b68e8d041fc6928f3a9f3b8171b7350071873d128ac,1471
intent-vs-fact/arxiv:2609.18852v1/abstract,intent-vs-fact,arxiv-abstracts,arxiv:2609.18852v1,abstract,en,https://arxiv.org/abs/2609.18852v1,5391288223491a9c62346e77d7ab1b0ad393d61a878f592143cb5a1590a2c968,1232
intent-vs-fact/arxiv:2609.18856v1/abstract,intent-vs-fact,arxiv-abstracts,arxiv:2609.18856v1,abstract,en,https://arxiv.org/abs/2609.18856v1,d247f6f506112afeee7de1b5243b1383be9bcdbae9cd6a292762264227e06e77,1063
intent-vs-fact/arxiv:2609.18857v1/abstract,intent-vs-fact,arxiv-abstracts,arxiv:2609.18857v1,abstract,en,https://arxiv.org/abs/2609.18857v1,fc33b0e778c332e2dd92acf14d94e2e82f740d1cdb61f97a2b9f4cfffb7cf963,1285
intent-vs-fact/arxiv:2609.18860v1/abstract,intent-vs-fact,arxiv-abstracts,arxiv:2609.18860v1,abstract,en,https://arxiv.org/abs/2609.18860v1,23c3e9db5c6a915d5ff3f6360a4ca22ebee2cfb630b0f71ee766dd130580c1a7,1603
intent-vs-fact/arxiv:2609.18861v1/abstract,intent-vs-fact,arxiv-abstracts,arxiv:2609.18861v1,abstract,en,https://arxiv.org/abs/2609.18861v1,19c56885519f51b7e9a8b7318a241a026bc0af1901db9142586bd67f40efb9d9,1110
intent-vs-fact/arxiv:2609.18864v2/abstract,intent-vs-fact,arxiv-abstracts,arxiv:2609.18864v2,abstract,en,https://arxiv.org/abs/2609.18864v2,ac593216dfd88839e855149a712b9b5409842820183f2a7e793e50a00e20bd6e,1331
intent-vs-fact/arxiv:2609.18905v1/abstract,intent-vs-fact,arxiv-abstracts,arxiv:2609.18905v1,abstract,en,https://arxiv.org/abs/2609.18905v1,9bf6a29909ac33b9b7a4a431b2e5d20dda4bf6180c4111ad935baab5dab2ebd8,1348
intent-vs-fact/arxiv:2609.18908v1/abstract,intent-vs-fact,arxiv-abstracts,arxiv:2609.18908v1,abstract,en,https://arxiv.org/abs/2609.18908v1,7e155fd2699b33a0fdfd4eb206dae79f78ed511a03c506774a76f2225f57641c,1134
intent-vs-fact/arxiv:2609.18909v1/abstract,intent-vs-fact,arxiv-abstracts,arxiv:2609.18909v1,abstract,en,https://arxiv.org/abs/2609.18909v1,07bcc0b084c9b21f7d2f8d37803145f422cd8cf04efd1181d768c0a47af9050f,1275
intent-vs-fact/arxiv:2609.18916v2/abstract,intent-vs-fact,arxiv-abstracts,arxiv:2609.18916v2,abstract,en,https://arxiv.org/abs/2609.18916v2,491ca3116de802d7367f589dbf78d741105e715abcbc7e8f719997c48a5d9016,1610
intent-vs-fact/arxiv:2609.18929v1/abstract,intent-vs-fact,arxiv-abstracts,arxiv:2609.18929v1,abstract,en,https://arxiv.org/abs/2609.18929v1,5e6730ae5d4a12e893c6dad2d3438aa079789f520e79e93cc91e68c0dbed33b2,874
intent-vs-fact/arxiv:2609.18935v1/abstract,intent-vs-fact,arxiv-abstracts,arxiv:2609.18935v1,abstract,en,https://arxiv.org/abs/2609.18935v1,fcdcec0a1c3b397fafffe5557420da9f4d549d2e1361ab1f175142731cef35d1,1615
intent-vs-fact/arxiv:2609.19074v1/abstract,intent-vs-fact,arxiv-abstracts,arxiv:2609.19074v1,abstract,en,https://arxiv.org/abs/2609.19074v1,071d04f120e650cbb87ead9b8f19f9863725271b958ffd1dafb0cf10be0cb655,1031
intent-vs-fact/arxiv:2609.19076v2/abstract,intent-vs-fact,arxiv-abstracts,arxiv:2609.19076v2,abstract,en,https://arxiv.org/abs/2609.19076v2,ebaa9cb020edb41f29cf1162e7fdda62eb900880f79a5ee7b14052aa29973971,1246
intent-vs-fact/arxiv:2609.19077v1/abstract,intent-vs-fact,arxiv-abstracts,arxiv:2609.19077v1,abstract,en,https://arxiv.org/abs/2609.19077v1,5786a760c480a321f8bdd45e6aa57afab4d9b917f91212f15f5af84a516735c4,1669
intent-vs-fact/arxiv:2609.19088v1/abstract,intent-vs-fact,arxiv-abstracts,arxiv:2609.19088v1,abstract,en,https://arxiv.org/abs/2609.19088v1,40a838d7cccb259c6fac3652fa8783bc38d6769f6f7414334342363c8910b090,1644
intent-vs-fact/arxiv:2609.19090v1/abstract,intent-vs-fact,arxiv-abstracts,arxiv:2609.19090v1,abstract,en,https://arxiv.org/abs/2609.19090v1,96b6a43118ceebfbb178d41e1f52a93adfadbdf19dc8dc687df3edf78e061a35,1873
intent-vs-fact/arxiv:2609.19093v1/abstract,intent-vs-fact,arxiv-abstracts,arxiv:2609.19093v1,abstract,en,https://arxiv.org/abs/2609.19093v1,811d75d0a4a592179a3b89feda9f0144936ea317b891668db79f281f940caad9,1606
intent-vs-fact/arxiv:2609.19096v1/abstract,intent-vs-fact,arxiv-abstracts,arxiv:2609.19096v1,abstract,en,https://arxiv.org/abs/2609.19096v1,5e90053d44b27ca4abd52ccfb4c1cf554e7a8bb2fa99507f7add1f7ffbbefb80,1886
intent-vs-fact/arxiv:2609.19101v1/abstract,intent-vs-fact,arxiv-abstracts,arxiv:2609.19101v1,abstract,en,https://arxiv.org/abs/2609.19101v1,7d70d62781306bb4b22d8f9dcbdfab2b4887bbea7bda860298d9a1786470da91,1735
intent-vs-fact/arxiv:2609.19104v1/abstract,intent-vs-fact,arxiv-abstracts,arxiv:2609.19104v1,abstract,en,https://arxiv.org/abs/2609.19104v1,ebf17af80f51767d5c6a983bc78f1d149b8054865efa68578cabe0b8155ae252,1550
intent-vs-fact/arxiv:2609.19113v3/abstract,intent-vs-fact,arxiv-abstracts,arxiv:2609.19113v3,abstract,en,https://arxiv.org/abs/2609.19113v3,b284b80d2b0a0a0b71c072f7a98679c48844f033d30107caf232dd2c360a0078,1415
intent-vs-fact/arxiv:2609.19124v1/abstract,intent-vs-fact,arxiv-abstracts,arxiv:2609.19124v1,abstract,en,https://arxiv.org/abs/2609.19124v1,8d6b6557b5b2fa792a83a96a3bd69a99726335da730bc886a751f813d012fefd,1890
intent-vs-fact/arxiv:2609.19125v1/abstract,intent-vs-fact,arxiv-abstracts,arxiv:2609.19125v1,abstract,en,https://arxiv.org/abs/2609.19125v1,d5744036c81b58b4e49cf52001390e1e2aa5341599b30faac09afa755ba1b14b,1078
intent-vs-fact/arxiv:2609.19128v1/abstract,intent-vs-fact,arxiv-abstracts,arxiv:2609.19128v1,abstract,en,https://arxiv.org/abs/2609.19128v1,47264145bca95a4744671b4b71a7eaecb27ccf50ee74a246e795df4cfaf53f08,1090
intent-vs-fact/arxiv:2609.19134v1/abstract,intent-vs-fact,arxiv-abstracts,arxiv:2609.19134v1,abstract,en,https://arxiv.org/abs/2609.19134v1,e646d6f4081a9eac3cde782f91a1af11f4425c8ab9e913bf4edb38d715cd6c39,1353
intent-vs-fact/arxiv:2609.19137v2/abstract,intent-vs-fact,arxiv-abstracts,arxiv:2609.19137v2,abstract,en,https://arxiv.org/abs/2609.19137v2,2773c48f526c69627048e30aa807331beb72fcb2de4ba51b809a459998368475,1060
intent-vs-fact/arxiv:2609.19143v1/abstract,intent-vs-fact,arxiv-abstracts,arxiv:2609.19143v1,abstract,en,https://arxiv.org/abs/2609.19143v1,b9a10ae098cd209b8f9a1ebe6a148dc7eb4235877d5e57843f7dc417dacf568a,1915
intent-vs-fact/arxiv:2609.19144v1/abstract,intent-vs-fact,arxiv-abstracts,arxiv:2609.19144v1,abstract,en,https://arxiv.org/abs/2609.19144v1,034f9ec24e3786609f2113b0b01129d45e174b0985140359a475f689dda7c122,1382
intent-vs-fact/arxiv:2609.19145v1/abstract,intent-vs-fact,arxiv-abstracts,arxiv:2609.19145v1,abstract,en,https://arxiv.org/abs/2609.19145v1,a25a685a113cc1ea2f48f9c0cb70ce09864b44fe90ff03aa06c11928809b04fa,1301
intent-vs-fact/arxiv:2609.19183v1/abstract,intent-vs-fact,arxiv-abstracts,arxiv:2609.19183v1,abstract,en,https://arxiv.org/abs/2609.19183v1,1942e275e04bb74e540935742a70adbfeb9c291a27eca662baadae7a99aa9a0c,1856
intent-vs-fact/arxiv:2609.19203v1/abstract,intent-vs-fact,arxiv-abstracts,arxiv:2609.19203v1,abstract,en,https://arxiv.org/abs/2609.19203v1,a7a4a37e2e8d886a9021e197c31a454afb31a0477fcccd895c4eb33b7612dc87,1137
intent-vs-fact/arxiv:2609.19208v1/abstract,intent-vs-fact,arxiv-abstracts,arxiv:2609.19208v1,abstract,en,https://arxiv.org/abs/2609.19208v1,41af7da390ed043158d2187c71b8c95a8ccb31a9a008314a58a10fed9c215131,1854
intent-vs-fact/arxiv:2609.19234v1/abstract,intent-vs-fact,arxiv-abstracts,arxiv:2609.19234v1,abstract,en,https://arxiv.org/abs/2609.19234v1,7fee619cdbd91e67409b53109c99ee249852991d3390252e244bdf6291502be4,1169
intent-vs-fact/arxiv:2609.19502v1/abstract,intent-vs-fact,arxiv-abstracts,arxiv:2609.19502v1,abstract,en,https://arxiv.org/abs/2609.19502v1,cb13bb4578fe4df506f32d7ec369de990b311df9ffff6142ed59252335fcf8c3,1051
intent-vs-fact/arxiv:2609.19538v1/abstract,intent-vs-fact,arxiv-abstracts,arxiv:2609.19538v1,abstract,en,https://arxiv.org/abs/2609.19538v1,90447f1baf8024d1f56f8d12a3077e653bab0c8024b382ca42a48f12d0099296,1538
intent-vs-fact/arxiv:2609.19654v1/abstract,intent-vs-fact,arxiv-abstracts,arxiv:2609.19654v1,abstract,en,https://arxiv.org/abs/2609.19654v1,debf5b0af25d67ffb9111ba4e6cb07ad4a7f3ba235d426e799f7a40242827d0a,1432
intent-vs-fact/arxiv:2609.19680v1/abstract,intent-vs-fact,arxiv-abstracts,arxiv:2609.19680v1,abstract,en,https://arxiv.org/abs/2609.19680v1,51c1092a88159fe4f9d87f2736c4ba00ed1523eb624f65027f7d455e17016237,1539
intent-vs-fact/arxiv:2609.19705v1/abstract,intent-vs-fact,arxiv-abstracts,arxiv:2609.19705v1,abstract,en,https://arxiv.org/abs/2609.19705v1,3bc48f77d20afd53c609fffd57f4c7165ef9608486262b9bc44023f60668ea02,1285
intent-vs-fact/arxiv:2609.19721v1/abstract,intent-vs-fact,arxiv-abstracts,arxiv:2609.19721v1,abstract,en,https://arxiv.org/abs/2609.19721v1,5678516b5444fdc1a3780002fe13a0ec419f0eec514b7c885e6ed9acfd8ef0ac,1461
intent-vs-fact/arxiv:2609.19989v1/abstract,intent-vs-fact,arxiv-abstracts,arxiv:2609.19989v1,abstract,en,https://arxiv.org/abs/2609.19989v1,bda0d8fcc0383657d17e6e7c848149c546176f08b5fa1b43e5eecd6dc8d62b35,1104
intent-vs-fact/arxiv:2609.20080v1/abstract,intent-vs-fact,arxiv-abstracts,arxiv:2609.20080v1,abstract,en,https://arxiv.org/abs/2609.20080v1,8282962e7538056cbbf1a63d5b2e5f71937718492f49a0f18607d1c98f7d2fe6,1104
intent-vs-fact/arxiv:2609.20104v1/abstract,intent-vs-fact,arxiv-abstracts,arxiv:2609.20104v1,abstract,en,https://arxiv.org/abs/2609.20104v1,bbc3c6275ad5d49ca553aed0d87dc1e067f012ed575ca15dbdd01a8bbbefc9ed,1011
intent-vs-fact/arxiv:2609.20131v1/abstract,intent-vs-fact,arxiv-abstracts,arxiv:2609.20131v1,abstract,en,https://arxiv.org/abs/2609.20131v1,2b136acbff30d327289fa7e6b7145c588f45f0baea7dc4f69799c9189e29c969,1260
intent-vs-fact/arxiv:2609.20186v1/abstract,intent-vs-fact,arxiv-abstracts,arxiv:2609.20186v1,abstract,en,https://arxiv.org/abs/2609.20186v1,32b1502ea87528c42645f9d69d31434a3da0173fe20901dc937028060dda13e7,1323
intent-vs-fact/arxiv:2609.20398v1/abstract,intent-vs-fact,arxiv-abstracts,arxiv:2609.20398v1,abstract,en,https://arxiv.org/abs/2609.20398v1,f5b21545f71a455e7fea0505971e32ab7a36a00eb4ad2b2cd7be829b1031e8ff,1697
intent-vs-fact/arxiv:2609.20408v2/abstract,intent-vs-fact,arxiv-abstracts,arxiv:2609.20408v2,abstract,en,https://arxiv.org/abs/2609.20408v2,fac09267277f813297ced4f1643ecfb5098b279a9654a214ac6357a041381225,1621
intent-vs-fact/arxiv:2609.20412v1/abstract,intent-vs-fact,arxiv-abstracts,arxiv:2609.20412v1,abstract,en,https://arxiv.org/abs/2609.20412v1,edc561d848dc94e55749cda76f14428ce1fed70397f7ca0f97b9b39f78a3dec0,1521
intent-vs-fact/arxiv:2609.20484v1/abstract,intent-vs-fact,arxiv-abstracts,arxiv:2609.20484v1,abstract,en,https://arxiv.org/abs/2609.20484v1,f52a5e7f6513994599a50cd7794503ff4c1246d53694dbe125370b7717a3b515,1087
intent-vs-fact/arxiv:2609.20504v1/abstract,intent-vs-fact,arxiv-abstracts,arxiv:2609.20504v1,abstract,en,https://arxiv.org/abs/2609.20504v1,e233e3e512950260da794628d25bcebc3376a53f93959d05df2f71d1013d02f2,1912
intent-vs-fact/arxiv:2609.20519v1/abstract,intent-vs-fact,arxiv-abstracts,arxiv:2609.20519v1,abstract,en,https://arxiv.org/abs/2609.20519v1,8481b45fa805edb1126721cae56dab265ffb5d86a587bb88882372fd07350add,1107
intent-vs-fact/arxiv:2609.20530v1/abstract,intent-vs-fact,arxiv-abstracts,arxiv:2609.20530v1,abstract,en,https://arxiv.org/abs/2609.20530v1,4f319302e85994d65fb8bcb212291a66fac98804120a766ccbbd86b9799dc15d,1891
intent-vs-fact/arxiv:2609.20535v1/abstract,intent-vs-fact,arxiv-abstracts,arxiv:2609.20535v1,abstract,en,https://arxiv.org/abs/2609.20535v1,6167492428ae487880f56bfb49ffa0e0e08ca43f71bef14457ee4fdecce6a277,978
intent-vs-fact/arxiv:2609.20538v1/abstract,intent-vs-fact,arxiv-abstracts,arxiv:2609.20538v1,abstract,en,https://arxiv.org/abs/2609.20538v1,d10e276a7479f2b8e1e336a099c343d8b4600ace080fc5acbaac0cd7c4ddbd63,1796
intent-vs-fact/arxiv:2609.20541v1/abstract,intent-vs-fact,arxiv-abstracts,arxiv:2609.20541v1,abstract,en,https://arxiv.org/abs/2609.20541v1,6b9f080032e96eeffd754f4b41b136b172d82f2aea04a0aa3397dc6d2a46f87b,1289
intent-vs-fact/arxiv:2609.20543v1/abstract,intent-vs-fact,arxiv-abstracts,arxiv:2609.20543v1,abstract,en,https://arxiv.org/abs/2609.20543v1,51b18d9a3c972dc330df9ec14ac6a5d37300cf6bf7a18b7420cf929514c874f6,1396
intent-vs-fact/arxiv:2609.20548v1/abstract,intent-vs-fact,arxiv-abstracts,arxiv:2609.20548v1,abstract,en,https://arxiv.org/abs/2609.20548v1,54a51e4ac96b68f01f385a4bfb6a88e74513bd834371683e3542bb425ee99c81,1435
intent-vs-fact/arxiv:2609.20565v1/abstract,intent-vs-fact,arxiv-abstracts,arxiv:2609.20565v1,abstract,en,https://arxiv.org/abs/2609.20565v1,c580bd4998daceee49f79040a34a9079a5daaa13b8fe6e4b890071b5f6a40717,1278
intent-vs-fact/arxiv:2609.20569v1/abstract,intent-vs-fact,arxiv-abstracts,arxiv:2609.20569v1,abstract,en,https://arxiv.org/abs/2609.20569v1,2180e125e8611a8ab037723d2b1baa69dfb43c05d77c7bfe2c396ad4cff7a11c,1152
intent-vs-fact/arxiv:2609.20575v1/abstract,intent-vs-fact,arxiv-abstracts,arxiv:2609.20575v1,abstract,en,https://arxiv.org/abs/2609.20575v1,2f256e5be4bfe87d8bb28ce219eff23cabce1341654cf3f9da123b75057879cb,1377
intent-vs-fact/arxiv:2609.20578v1/abstract,intent-vs-fact,arxiv-abstracts,arxiv:2609.20578v1,abstract,en,https://arxiv.org/abs/2609.20578v1,8ebee6ee506fbe274e4d5e3f17dd595e278e680f532932d031bfb904dba60a77,1554
intent-vs-fact/arxiv:2609.20581v2/abstract,intent-vs-fact,arxiv-abstracts,arxiv:2609.20581v2,abstract,en,https://arxiv.org/abs/2609.20581v2,7a394d3a11ae0db67dd678264480db015cefbc65182982ce5805d960abf7f7bf,1112
intent-vs-fact/arxiv:2609.20584v1/abstract,intent-vs-fact,arxiv-abstracts,arxiv:2609.20584v1,abstract,en,https://arxiv.org/abs/2609.20584v1,a7173ae9fd2af5e58e9ef49b5f2c90c255c46600a9dbd45aa26c57f27a7c454c,1251
intent-vs-fact/arxiv:2609.20593v1/abstract,intent-vs-fact,arxiv-abstracts,arxiv:2609.20593v1,abstract,en,https://arxiv.org/abs/2609.20593v1,53ea3dd4d003fb4031e6d2000932da9d28be7efce3b3fbff6d3a911e848e9b1a,988
intent-vs-fact/arxiv:2609.20598v1/abstract,intent-vs-fact,arxiv-abstracts,arxiv:2609.20598v1,abstract,en,https://arxiv.org/abs/2609.20598v1,4835b61e8feed99de1f8308b47362f1d903899e450b0db80029c4a58f2754c91,873
intent-vs-fact/arxiv:2609.20612v2/abstract,intent-vs-fact,arxiv-abstracts,arxiv:2609.20612v2,abstract,en,https://arxiv.org/abs/2609.20612v2,62bc83f9468c0157bb8a599e4939d47ec13b7ef4baaa94adfd17899f14e9a95b,1589
intent-vs-fact/arxiv:2609.20614v1/abstract,intent-vs-fact,arxiv-abstracts,arxiv:2609.20614v1,abstract,en,https://arxiv.org/abs/2609.20614v1,bcbfadb3812ceb54a7e0a6e6751766c03ecb32b14dd0593ac49f1fb53d0f4c40,1660
intent-vs-fact/arxiv:2609.20620v1/abstract,intent-vs-fact,arxiv-abstracts,arxiv:2609.20620v1,abstract,en,https://arxiv.org/abs/2609.20620v1,c97c662c10e624a2ff74ecf1f3c947a1d1ec6573728e63268ac9f854ed6073ff,1845
intent-vs-fact/arxiv:2609.20625v1/abstract,intent-vs-fact,arxiv-abstracts,arxiv:2609.20625v1,abstract,en,https://arxiv.org/abs/2609.20625v1,a823a309cff1673af738fc743de9c14f39c15f6c98ae4e7a535a0931fbac3348,1425
intent-vs-fact/arxiv:2609.20630v2/abstract,intent-vs-fact,arxiv-abstracts,arxiv:2609.20630v2,abstract,en,https://arxiv.org/abs/2609.20630v2,9b5f5c4b5d71a0bee1f47b7c621c62f28de7d5d8a4c98aa58469bcec8e3df8b4,1782
intent-vs-fact/arxiv:2609.20634v1/abstract,intent-vs-fact,arxiv-abstracts,arxiv:2609.20634v1,abstract,en,https://arxiv.org/abs/2609.20634v1,380a5d47930fcf5318a73ac8a843c92d1e72a032c0e68d923f62d859ed9c1236,1793
intent-vs-fact/arxiv:2609.20658v1/abstract,intent-vs-fact,arxiv-abstracts,arxiv:2609.20658v1,abstract,en,https://arxiv.org/abs/2609.20658v1,49c4bd39c4614bd4f2028e8f79cbfb5381fa503048702df5aabdd800ae7cb846,1185
intent-vs-fact/arxiv:2609.20659v1/abstract,intent-vs-fact,arxiv-abstracts,arxiv:2609.20659v1,abstract,en,https://arxiv.org/abs/2609.20659v1,b5d33c7b68b56a4cb2ac42aa89efa29ad523a0c2e1d842a6622f988916ad96e3,1868
intent-vs-fact/arxiv:2609.20684v1/abstract,intent-vs-fact,arxiv-abstracts,arxiv:2609.20684v1,abstract,en,https://arxiv.org/abs/2609.20684v1,d9a1c2b875782699ab60b6e6032bc08d3299a87eb0fc27f3f909fb134c36213f,1531
intent-vs-fact/arxiv:2609.20712v1/abstract,intent-vs-fact,arxiv-abstracts,arxiv:2609.20712v1,abstract,en,https://arxiv.org/abs/2609.20712v1,7838355559ee2142d7059f9d97f665d104d3f54d2f2a51131aba34b0df3c3bd7,1622
intent-vs-fact/arxiv:2609.20715v1/abstract,intent-vs-fact,arxiv-abstracts,arxiv:2609.20715v1,abstract,en,https://arxiv.org/abs/2609.20715v1,cf01168050ee25b9987c1de28f8af762f8b01772926c64fa9380d378d9f9019d,1615
intent-vs-fact/arxiv:2609.20722v1/abstract,intent-vs-fact,arxiv-abstracts,arxiv:2609.20722v1,abstract,en,https://arxiv.org/abs/2609.20722v1,451c765ea7641be39378168b01a0ee1a3b86063ab292e31bc53901fdb3957187,1092
intent-vs-fact/arxiv:2609.20732v1/abstract,intent-vs-fact,arxiv-abstracts,arxiv:2609.20732v1,abstract,en,https://arxiv.org/abs/2609.20732v1,b9d2d9616e957c0dbce9bdb4b913a38ec9761aa630d3dea320d541f477db35c7,1006
intent-vs-fact/arxiv:2609.20734v1/abstract,intent-vs-fact,arxiv-abstracts,arxiv:2609.20734v1,abstract,en,https://arxiv.org/abs/2609.20734v1,bcc30cef32510145d7f3995d8fa7c97d87e2fc958889e00a99765c23d00723cc,1203
intent-vs-fact/arxiv:2609.20751v1/abstract,intent-vs-fact,arxiv-abstracts,arxiv:2609.20751v1,abstract,en,https://arxiv.org/abs/2609.20751v1,011045ed176144f1f3ef014e4bca4a01adde150d76f818b03d8213220cbf0d5a,884
intent-vs-fact/arxiv:2609.20752v1/abstract,intent-vs-fact,arxiv-abstracts,arxiv:2609.20752v1,abstract,en,https://arxiv.org/abs/2609.20752v1,49cd6bf8228ab3b3e99053c6247194826c78a0d885dbc18f1357b19d1d7fb23c,1316
intent-vs-fact/arxiv:2609.20754v1/abstract,intent-vs-fact,arxiv-abstracts,arxiv:2609.20754v1,abstract,en,https://arxiv.org/abs/2609.20754v1,b8fd91f54c4f9980fb2cca1b59cd7dc70672ebd811216e67297cef0730edb93d,1417
intent-vs-fact/arxiv:2609.20758v1/abstract,intent-vs-fact,arxiv-abstracts,arxiv:2609.20758v1,abstract,en,https://arxiv.org/abs/2609.20758v1,01a358278d7cb6f56084c599086b2f921ec1268287a14c0527ef8fe57b3667eb,1407
intent-vs-fact/arxiv:2609.20768v1/abstract,intent-vs-fact,arxiv-abstracts,arxiv:2609.20768v1,abstract,en,https://arxiv.org/abs/2609.20768v1,d16fc3d8aadb26be072cd1d2fa7468f6370a6e736a380456b9362531cd21c361,1274
intent-vs-fact/arxiv:2609.20776v1/abstract,intent-vs-fact,arxiv-abstracts,arxiv:2609.20776v1,abstract,en,https://arxiv.org/abs/2609.20776v1,4d357910c47a12ab405bb9f22cc559da9ec433eb096e905e37def269838a30ca,1345
intent-vs-fact/arxiv:2609.20779v1/abstract,intent-vs-fact,arxiv-abstracts,arxiv:2609.20779v1,abstract,en,https://arxiv.org/abs/2609.20779v1,b4f8fa9340160fbd1f75053eb2e42c8bd94b6e908c21ec9c177df1927ffc697a,1618
intent-vs-fact/arxiv:2609.20784v1/abstract,intent-vs-fact,arxiv-abstracts,arxiv:2609.20784v1,abstract,en,https://arxiv.org/abs/2609.20784v1,ecc810acb70e08775c645e201af6cc3acaf06cdec71ccde86a5c27f09a5ec39c,1215
intent-vs-fact/arxiv:2609.20800v1/abstract,intent-vs-fact,arxiv-abstracts,arxiv:2609.20800v1,abstract,en,https://arxiv.org/abs/2609.20800v1,da73a5f6988c5d2ce6847ebc16377ef3b9f1116781fbf762363b43256aa6c199,1751
intent-vs-fact/arxiv:2609.20804v1/abstract,intent-vs-fact,arxiv-abstracts,arxiv:2609.20804v1,abstract,en,https://arxiv.org/abs/2609.20804v1,c0f02c75ed974d389b446917f8e82abd0c975f9d410cbb0dfd096385a5c91e36,1911
intent-vs-fact/arxiv:2609.20808v1/abstract,intent-vs-fact,arxiv-abstracts,arxiv:2609.20808v1,abstract,en,https://arxiv.org/abs/2609.20808v1,2f410c28957e82792bd2dc455532af86486228758e31d23c23959380ae1aeb47,1705
intent-vs-fact/arxiv:2609.20812v3/abstract,intent-vs-fact,arxiv-abstracts,arxiv:2609.20812v3,abstract,en,https://arxiv.org/abs/2609.20812v3,c95e52d864355537866e58039ba8d3bd9c7b6d87b855b23a86ed483cebf42204,1613
intent-vs-fact/arxiv:2609.20815v1/abstract,intent-vs-fact,arxiv-abstracts,arxiv:2609.20815v1,abstract,en,https://arxiv.org/abs/2609.20815v1,17dccbcd874d6ca47c07f1b8590b3b3edfbf6615274e54203d37f23a9ded52ab,1890
intent-vs-fact/arxiv:2609.20816v2/abstract,intent-vs-fact,arxiv-abstracts,arxiv:2609.20816v2,abstract,en,https://arxiv.org/abs/2609.20816v2,8b71c66f5abb9cb4859e88d0a30dcdaa4989fdb674d0427bed780890e2534943,1422
intent-vs-fact/arxiv:2609.20817v1/abstract,intent-vs-fact,arxiv-abstracts,arxiv:2609.20817v1,abstract,en,https://arxiv.org/abs/2609.20817v1,c2d298fd1c06a6d301361c4ca31ed5a0c7f44afc21d75886b282e25f9abf08b2,1284
intent-vs-fact/arxiv:2609.20820v1/abstract,intent-vs-fact,arxiv-abstracts,arxiv:2609.20820v1,abstract,en,https://arxiv.org/abs/2609.20820v1,05f81ec8d3682f97d772ef1d337c00962a52762dd63c5ce82d603c5892440bf4,1204
intent-vs-fact/arxiv:2609.20821v1/abstract,intent-vs-fact,arxiv-abstracts,arxiv:2609.20821v1,abstract,en,https://arxiv.org/abs/2609.20821v1,7b2f05b07ec2218e5db05744aff5a45bbd8900e48b8a98882104b97a18cfea58,615
intent-vs-fact/arxiv:2609.20822v1/abstract,intent-vs-fact,arxiv-abstracts,arxiv:2609.20822v1,abstract,en,https://arxiv.org/abs/2609.20822v1,da5263f57e6437a4612a68669ed92aefa3dcaebd4796c96f9ee5a82ec6d8fd9a,1888
intent-vs-fact/arxiv:2609.20887v1/abstract,intent-vs-fact,arxiv-abstracts,arxiv:2609.20887v1,abstract,en,https://arxiv.org/abs/2609.20887v1,c5a50d34f5710c921ef60ed114eefd2c3232db9e56204c9fb2aee7e890d4884d,1699
intent-vs-fact/arxiv:2609.20889v1/abstract,intent-vs-fact,arxiv-abstracts,arxiv:2609.20889v1,abstract,en,https://arxiv.org/abs/2609.20889v1,0a8b91c573c917b5c508205a34a855718a9a4514dd0e1b580eb76ed5f123c641,1682
intent-vs-fact/arxiv:2609.21081v1/abstract,intent-vs-fact,arxiv-abstracts,arxiv:2609.21081v1,abstract,en,https://arxiv.org/abs/2609.21081v1,d937fa7fe264bae56c37378e6d40fd88401280ef4ec35d6e02284d9515e593f4,1557
intent-vs-fact/arxiv:2609.21192v1/abstract,intent-vs-fact,arxiv-abstracts,arxiv:2609.21192v1,abstract,en,https://arxiv.org/abs/2609.21192v1,e52ce5f14d772c51d768a2d22a369ae45b77ac62fe1e633bea761db9192bd9b0,1495
intent-vs-fact/arxiv:2609.21562v2/abstract,intent-vs-fact,arxiv-abstracts,arxiv:2609.21562v2,abstract,en,https://arxiv.org/abs/2609.21562v2,d363f4ca689ea2a9808b0db97bf5abc4581559a3b2deb43ccdaf4bc1f94565e0,1908
intent-vs-fact/arxiv:2609.21570v1/abstract,intent-vs-fact,arxiv-abstracts,arxiv:2609.21570v1,abstract,en,https://arxiv.org/abs/2609.21570v1,72e6295d303e80438e1b1bedbb98a33c13d974fe4a31cd27ed8ccd9ea58d9d1e,1463
intent-vs-fact/arxiv:2609.21595v1/abstract,intent-vs-fact,arxiv-abstracts,arxiv:2609.21595v1,abstract,en,https://arxiv.org/abs/2609.21595v1,0aea1890cc6511bad81eb87ec527c7eb98daf486b11bd0d3254a41e649537c07,1713
intent-vs-fact/arxiv:2609.21636v1/abstract,intent-vs-fact,arxiv-abstracts,arxiv:2609.21636v1,abstract,en,https://arxiv.org/abs/2609.21636v1,53d09aff3e5fe28a274aefeaeff2f1f87478925b646b0877a9d6df1c1618b9bf,1254
intent-vs-fact/arxiv:2609.21637v1/abstract,intent-vs-fact,arxiv-abstracts,arxiv:2609.21637v1,abstract,en,https://arxiv.org/abs/2609.21637v1,799d2c9f3f95938b33370bbce0d19634d46b8f9dab587975030d73233da118b3,1359
intent-vs-fact/arxiv:2609.21651v2/abstract,intent-vs-fact,arxiv-abstracts,arxiv:2609.21651v2,abstract,en,https://arxiv.org/abs/2609.21651v2,238268c5e685f53266131db5ff77d6a94a012d2cac18e4f1f8fef410e2d3fc61,1863
intent-vs-fact/arxiv:2609.21655v1/abstract,intent-vs-fact,arxiv-abstracts,arxiv:2609.21655v1,abstract,en,https://arxiv.org/abs/2609.21655v1,7d0abad0f043ab36b3d5bad2582cc0a6e9fd19814ff18f89ccdef43c91299142,933
intent-vs-fact/arxiv:2609.21662v1/abstract,intent-vs-fact,arxiv-abstracts,arxiv:2609.21662v1,abstract,en,https://arxiv.org/abs/2609.21662v1,c4a05485173258e0b10ad3897a53afc591b9cfc00e1269d38d4f6eef07ab5165,983
intent-vs-fact/arxiv:2609.21663v2/abstract,intent-vs-fact,arxiv-abstracts,arxiv:2609.21663v2,abstract,en,https://arxiv.org/abs/2609.21663v2,6a465dcdb07a79a45708630ebb2dc030d58e8765a81bc090f895da22b1c4c25b,1162
intent-vs-fact/arxiv:2609.21672v1/abstract,intent-vs-fact,arxiv-abstracts,arxiv:2609.21672v1,abstract,en,https://arxiv.org/abs/2609.21672v1,7eca93b9e35b41cf80a2b6ea1ab27a6781b9419fee5a44e75de43ba8fa44531e,707
intent-vs-fact/arxiv:2609.21673v1/abstract,intent-vs-fact,arxiv-abstracts,arxiv:2609.21673v1,abstract,en,https://arxiv.org/abs/2609.21673v1,7bb852ebc0f4f62a149c7d1d994de0e353c1c1f344453dbac81e7a48d9033e5e,1538
intent-vs-fact/arxiv:2609.21676v1/abstract,intent-vs-fact,arxiv-abstracts,arxiv:2609.21676v1,abstract,en,https://arxiv.org/abs/2609.21676v1,1435bd5eab470f57f246a321a03d1ca2ceea60abf7a13526bc3875277eab85fe,1110
intent-vs-fact/arxiv:2609.21683v1/abstract,intent-vs-fact,arxiv-abstracts,arxiv:2609.21683v1,abstract,en,https://arxiv.org/abs/2609.21683v1,611626bf6d0d6da56a138c31b6a3e7044c04f398fd507b7a660cf45234543243,1121
intent-vs-fact/arxiv:2609.21713v1/abstract,intent-vs-fact,arxiv-abstracts,arxiv:2609.21713v1,abstract,en,https://arxiv.org/abs/2609.21713v1,ea38f8d015b11035c32d0f0c198e640cb770dd6cb3c559112483782274f60e20,1173
intent-vs-fact/arxiv:2609.21722v1/abstract,intent-vs-fact,arxiv-abstracts,arxiv:2609.21722v1,abstract,en,https://arxiv.org/abs/2609.21722v1,c7cbdeb409cf736d54dbfd91659f199312e6697bab34ee0f8fcca03735c45327,1843
intent-vs-fact/arxiv:2609.21743v1/abstract,intent-vs-fact,arxiv-abstracts,arxiv:2609.21743v1,abstract,en,https://arxiv.org/abs/2609.21743v1,c5e1411546446cc727e35e38931734da87801d22bbaed709197d5fc344f88aaf,1435
intent-vs-fact/arxiv:2609.21748v1/abstract,intent-vs-fact,arxiv-abstracts,arxiv:2609.21748v1,abstract,en,https://arxiv.org/abs/2609.21748v1,1929d4c8140995081075fb25101e5540d9859e68f4f0146ae6f4c371e144f2c5,1153
intent-vs-fact/arxiv:2609.21751v1/abstract,intent-vs-fact,arxiv-abstracts,arxiv:2609.21751v1,abstract,en,https://arxiv.org/abs/2609.21751v1,5e244352aca6c9fa79fc8c5b5896e4bf0142229f1a6ebbd4f1cff23283411642,1731
intent-vs-fact/arxiv:2609.21755v1/abstract,intent-vs-fact,arxiv-abstracts,arxiv:2609.21755v1,abstract,en,https://arxiv.org/abs/2609.21755v1,51a51533d4fdb82b796234d435cba48034f0af7498bac4700551541abbb6cbb5,1535
intent-vs-fact/arxiv:2609.21789v2/abstract,intent-vs-fact,arxiv-abstracts,arxiv:2609.21789v2,abstract,en,https://arxiv.org/abs/2609.21789v2,c91e0623fa8ccd214ebb892a8523efd0e87edc2e92b29251f491e274bf337e02,1289
intent-vs-fact/arxiv:2609.21793v1/abstract,intent-vs-fact,arxiv-abstracts,arxiv:2609.21793v1,abstract,en,https://arxiv.org/abs/2609.21793v1,dfd2468c9433de9061e15bedefe8b4ee34394de7d7685dcd586af35dd3f56e8e,1006
intent-vs-fact/arxiv:2609.21801v1/abstract,intent-vs-fact,arxiv-abstracts,arxiv:2609.21801v1,abstract,en,https://arxiv.org/abs/2609.21801v1,c70b351c5a6200ce9982ed210a9afe76e02fe83c0df1011f1ec566f8b7081b98,1286
intent-vs-fact/arxiv:2609.21805v1/abstract,intent-vs-fact,arxiv-abstracts,arxiv:2609.21805v1,abstract,en,https://arxiv.org/abs/2609.21805v1,ec61c72a0b3d0788a5d518e8289da776e0c10eff153d06aefc69e63c825efc5b,1051
intent-vs-fact/arxiv:2609.21811v1/abstract,intent-vs-fact,arxiv-abstracts,arxiv:2609.21811v1,abstract,en,https://arxiv.org/abs/2609.21811v1,0c5f3127da353ddbdcc501204183ea2ada01c33f50435c2c542ed5eb7e8be5b6,1145
intent-vs-fact/arxiv:2609.21815v2/abstract,intent-vs-fact,arxiv-abstracts,arxiv:2609.21815v2,abstract,en,https://arxiv.org/abs/2609.21815v2,a28cbb9eb0333d142f9e7d410c2c482cee416f2960ca9186bc9dc0fe43c9c323,1845
intent-vs-fact/arxiv:2609.21827v1/abstract,intent-vs-fact,arxiv-abstracts,arxiv:2609.21827v1,abstract,en,https://arxiv.org/abs/2609.21827v1,886ca8f0d8350e48514a50689c9319fe000c5286a125655340396bbc259d745e,1909
intent-vs-fact/arxiv:2609.21828v1/abstract,intent-vs-fact,arxiv-abstracts,arxiv:2609.21828v1,abstract,en,https://arxiv.org/abs/2609.21828v1,d37f7bd41eb8726bea83b75acfdb670cabc405f38019e240865e09ca7ae3a23c,1212
intent-vs-fact/arxiv:2609.21829v1/abstract,intent-vs-fact,arxiv-abstracts,arxiv:2609.21829v1,abstract,en,https://arxiv.org/abs/2609.21829v1,4e14ce4d4180497f999ec50083f4841a4e1707f8dd9843f57c4017d8dd4fc0f1,1293
intent-vs-fact/arxiv:2609.21841v1/abstract,intent-vs-fact,arxiv-abstracts,arxiv:2609.21841v1,abstract,en,https://arxiv.org/abs/2609.21841v1,abc35efdeeed16bd3b96efa47d7cbda0082bd298e882b349500a3831be938569,1877
intent-vs-fact/arxiv:2609.21844v1/abstract,intent-vs-fact,arxiv-abstracts,arxiv:2609.21844v1,abstract,en,https://arxiv.org/abs/2609.21844v1,7efd8dc223a53ce56b09eb3f8a5a8049644efb8330c2e0af7252a008edd1c5dc,777
intent-vs-fact/arxiv:2609.21857v1/abstract,intent-vs-fact,arxiv-abstracts,arxiv:2609.21857v1,abstract,en,https://arxiv.org/abs/2609.21857v1,fa46b86e951ed9062c8c2e33ad20ed1237a8f9243f23ed9def5dcc16daae6c87,1658
intent-vs-fact/arxiv:2609.21859v1/abstract,intent-vs-fact,arxiv-abstracts,arxiv:2609.21859v1,abstract,en,https://arxiv.org/abs/2609.21859v1,543d0dc1daf709b53a8f60bda39309636a5fc3e934b0400b2049ca709a82f495,1829
intent-vs-fact/arxiv:2609.21863v1/abstract,intent-vs-fact,arxiv-abstracts,arxiv:2609.21863v1,abstract,en,https://arxiv.org/abs/2609.21863v1,420095f0b9b0416cfd1a78a5d2dc7e4d18301199f0fba28f6b3ac8648a845505,873
intent-vs-fact/arxiv:2609.21870v1/abstract,intent-vs-fact,arxiv-abstracts,arxiv:2609.21870v1,abstract,en,https://arxiv.org/abs/2609.21870v1,f5559a5af934335ffce2f74e008b91ecd2f28ec0c8d4072318c82f83107082b4,1513
intent-vs-fact/arxiv:2609.21879v1/abstract,intent-vs-fact,arxiv-abstracts,arxiv:2609.21879v1,abstract,en,https://arxiv.org/abs/2609.21879v1,b15a2be3cfa16f4e8fa8cbf3611abdab63db8d9cd033bb6ef74eb95c415a8014,1556
intent-vs-fact/arxiv:2609.21888v1/abstract,intent-vs-fact,arxiv-abstracts,arxiv:2609.21888v1,abstract,en,https://arxiv.org/abs/2609.21888v1,3b1ca165f8d6e8f2552c98fb27863ee9dbbe6adc7c3847a79747dc471e709b4c,1161
intent-vs-fact/arxiv:2609.21924v1/abstract,intent-vs-fact,arxiv-abstracts,arxiv:2609.21924v1,abstract,en,https://arxiv.org/abs/2609.21924v1,de45a7c60f774e410dfacf73a3e82631e0337d4f9002a81346e186258c528a75,1185
intent-vs-fact/arxiv:2609.21940v1/abstract,intent-vs-fact,arxiv-abstracts,arxiv:2609.21940v1,abstract,en,https://arxiv.org/abs/2609.21940v1,bc6105afab25d7a3f975dcbb3d90966062d0feec86dc8e32bcd096147beb41c7,1440
intent-vs-fact/arxiv:2609.21942v1/abstract,intent-vs-fact,arxiv-abstracts,arxiv:2609.21942v1,abstract,en,https://arxiv.org/abs/2609.21942v1,5d90aff00e3ba8c86ff8ab7ece0c2173fe503290aa711652edd46d16be58248c,1758
intent-vs-fact/arxiv:2609.21944v1/abstract,intent-vs-fact,arxiv-abstracts,arxiv:2609.21944v1,abstract,en,https://arxiv.org/abs/2609.21944v1,bf220487b9398e8dfa2ba3522427b81b58dd72f1071b9e768efd21da36eeedc1,1530
intent-vs-fact/arxiv:2609.21962v1/abstract,intent-vs-fact,arxiv-abstracts,arxiv:2609.21962v1,abstract,en,https://arxiv.org/abs/2609.21962v1,0369b0a159f069e016b672fae3d7d3268dbd820d69e02118eac62399142207e0,1117
intent-vs-fact/arxiv:2609.21967v1/abstract,intent-vs-fact,arxiv-abstracts,arxiv:2609.21967v1,abstract,en,https://arxiv.org/abs/2609.21967v1,6345bcc2562c0841b362160ed118f0e238ae69bfa0769c65bc870fb0ce8dcb05,1402
intent-vs-fact/arxiv:2609.21992v1/abstract,intent-vs-fact,arxiv-abstracts,arxiv:2609.21992v1,abstract,en,https://arxiv.org/abs/2609.21992v1,4995d03ddd65e7b12d7bf22c13c6049957b15ad2322f4d9565993758c12e8b65,1196
intent-vs-fact/arxiv:2609.21996v2/abstract,intent-vs-fact,arxiv-abstracts,arxiv:2609.21996v2,abstract,en,https://arxiv.org/abs/2609.21996v2,904a3bedbcebb2af8e9fa72f04b4045cce4353a2592716110d451c66cf22a5ad,1657
intent-vs-fact/arxiv:2609.21997v2/abstract,intent-vs-fact,arxiv-abstracts,arxiv:2609.21997v2,abstract,en,https://arxiv.org/abs/2609.21997v2,534a373051dfea5cdfaa32b62d9db1209a14e4abc77bd318768aa684a3a833ab,1095
intent-vs-fact/arxiv:2609.22000v2/abstract,intent-vs-fact,arxiv-abstracts,arxiv:2609.22000v2,abstract,en,https://arxiv.org/abs/2609.22000v2,3b312c5a4d638ec9f9a7408fd9ce2d8cbf74fa462d48c8aa37f59e4ad3bd8edc,1817
intent-vs-fact/arxiv:2609.22005v1/abstract,intent-vs-fact,arxiv-abstracts,arxiv:2609.22005v1,abstract,en,https://arxiv.org/abs/2609.22005v1,b04db982e220e706ac884fb0564889a27728f9d6f1103fe61d33455bcba0c142,1497
intent-vs-fact/arxiv:2609.22008v1/abstract,intent-vs-fact,arxiv-abstracts,arxiv:2609.22008v1,abstract,en,https://arxiv.org/abs/2609.22008v1,951e361d5d1825b6aab0017fa54e805b6055c13e30b2dda0890280e336239682,1008
intent-vs-fact/arxiv:2609.22038v1/abstract,intent-vs-fact,arxiv-abstracts,arxiv:2609.22038v1,abstract,en,https://arxiv.org/abs/2609.22038v1,e9a0624b41c116f577ffa3a415cbbb036300593e944ca00e1d69763acd25d80d,1377
intent-vs-fact/arxiv:2609.22039v1/abstract,intent-vs-fact,arxiv-abstracts,arxiv:2609.22039v1,abstract,en,https://arxiv.org/abs/2609.22039v1,8302fd6ebad45c0267bc6239387443dec67c62ca978e63c2021a106c02233ed9,1145
intent-vs-fact/arxiv:2609.22043v1/abstract,intent-vs-fact,arxiv-abstracts,arxiv:2609.22043v1,abstract,en,https://arxiv.org/abs/2609.22043v1,942601c9e9f92655f4ccd95742398b7a1e65f4052e0cff0bd606b5e54c3d628d,1689
intent-vs-fact/arxiv:2609.22056v1/abstract,intent-vs-fact,arxiv-abstracts,arxiv:2609.22056v1,abstract,en,https://arxiv.org/abs/2609.22056v1,baace38f1baedf3eba5e2e8e3a07918ae572a95400c3cf20015e0e5203c14f1e,1690
intent-vs-fact/arxiv:2609.22067v1/abstract,intent-vs-fact,arxiv-abstracts,arxiv:2609.22067v1,abstract,en,https://arxiv.org/abs/2609.22067v1,b1891b65bfaf5688ba6555d41e9b4c710f6f7e75d9b5a65a56fdaacd889c00c0,1036
intent-vs-fact/arxiv:2609.22068v1/abstract,intent-vs-fact,arxiv-abstracts,arxiv:2609.22068v1,abstract,en,https://arxiv.org/abs/2609.22068v1,1a7093a1dd4bd0b758b42b5d31231f9fd7ab1a74f47e5607d0371fb647c1f64e,1614
intent-vs-fact/arxiv:2609.22081v2/abstract,intent-vs-fact,arxiv-abstracts,arxiv:2609.22081v2,abstract,en,https://arxiv.org/abs/2609.22081v2,bc8eaf7706ede97f79e1f36000b2c5b35a93868f748dc08a37842d1ee74a7f68,1702
intent-vs-fact/arxiv:2609.22086v1/abstract,intent-vs-fact,arxiv-abstracts,arxiv:2609.22086v1,abstract,en,https://arxiv.org/abs/2609.22086v1,49b121ddaa3451862dba9113c9d4741aea9d20124f12fb40d1d412ce2dba0669,1556
intent-vs-fact/arxiv:2609.22592v1/abstract,intent-vs-fact,arxiv-abstracts,arxiv:2609.22592v1,abstract,en,https://arxiv.org/abs/2609.22592v1,81c18cff014ba38531b2490ee6efa41e5c0c04c75f2230f8b6887f7332289781,1562
intent-vs-fact/arxiv:2609.22600v1/abstract,intent-vs-fact,arxiv-abstracts,arxiv:2609.22600v1,abstract,en,https://arxiv.org/abs/2609.22600v1,8e3c5241c892f0c2df54529ab6716c2c74e5e053921cc9d57344e6f62b36b947,1455
intent-vs-fact/arxiv:2609.22668v1/abstract,intent-vs-fact,arxiv-abstracts,arxiv:2609.22668v1,abstract,en,https://arxiv.org/abs/2609.22668v1,0bf01c5cd80066fdfa5378837535e7f5709afc2e5629e217a829d43904bddf0a,1466
intent-vs-fact/arxiv:2609.22678v1/abstract,intent-vs-fact,arxiv-abstracts,arxiv:2609.22678v1,abstract,en,https://arxiv.org/abs/2609.22678v1,7910d5aa664601da49db65db6a110aa6058997416969b11cad298a6c4225189d,1231
intent-vs-fact/arxiv:2609.22682v1/abstract,intent-vs-fact,arxiv-abstracts,arxiv:2609.22682v1,abstract,en,https://arxiv.org/abs/2609.22682v1,85360fef979c8a0254e819dc1813f58aa2d5ad4d9c45caa395c25b3d8a75e789,1904
intent-vs-fact/arxiv:2609.22726v1/abstract,intent-vs-fact,arxiv-abstracts,arxiv:2609.22726v1,abstract,en,https://arxiv.org/abs/2609.22726v1,3076f142e2c4df2666312a2a666442d3cf3a10282f0ae632659d82f6d7a28399,1283
intent-vs-fact/arxiv:2609.22833v1/abstract,intent-vs-fact,arxiv-abstracts,arxiv:2609.22833v1,abstract,en,https://arxiv.org/abs/2609.22833v1,46ad11ee9cd9e76cb10e56bbc0a90147ec42fa215055a8c8b36cbfb5b061c2d7,1771
intent-vs-fact/arxiv:2609.22944v1/abstract,intent-vs-fact,arxiv-abstracts,arxiv:2609.22944v1,abstract,en,https://arxiv.org/abs/2609.22944v1,91da457775c2770796d312f0348a87322341e3616da49d66742f4a04943b7e06,1883
intent-vs-fact/arxiv:2609.22949v1/abstract,intent-vs-fact,arxiv-abstracts,arxiv:2609.22949v1,abstract,en,https://arxiv.org/abs/2609.22949v1,949a15630cee3cc318b8c7cb1295a267030cbab435f08b5bf5a91f3c2d6bde81,1464
intent-vs-fact/arxiv:2609.22951v1/abstract,intent-vs-fact,arxiv-abstracts,arxiv:2609.22951v1,abstract,en,https://arxiv.org/abs/2609.22951v1,7908928b5f4c4d172689334306f324db2b1fe00d79f52717b339220cb7f2572d,1421
intent-vs-fact/arxiv:2609.22993v1/abstract,intent-vs-fact,arxiv-abstracts,arxiv:2609.22993v1,abstract,en,https://arxiv.org/abs/2609.22993v1,663a584cddea608bb70e54d28a37583c71cc849c0975ed94da3fa680e91ecab7,982
intent-vs-fact/arxiv:2609.23137v1/abstract,intent-vs-fact,arxiv-abstracts,arxiv:2609.23137v1,abstract,en,https://arxiv.org/abs/2609.23137v1,67a598087c9a087a66e8b88e7f11ade3886e58d6173eb94a7041a2155860126f,1650
intent-vs-fact/arxiv:2609.23269v1/abstract,intent-vs-fact,arxiv-abstracts,arxiv:2609.23269v1,abstract,en,https://arxiv.org/abs/2609.23269v1,b32973cbeb2135880bf15563ffedd400a32b81703682d0b51ad331db7116131f,1878
intent-vs-fact/arxiv:2609.23310v1/abstract,intent-vs-fact,arxiv-abstracts,arxiv:2609.23310v1,abstract,en,https://arxiv.org/abs/2609.23310v1,20061b47e7962f780d1feec372dd073b6e29a901a29c9f763d14ce4e6746bb3d,1417
intent-vs-fact/arxiv:2609.23454v1/abstract,intent-vs-fact,arxiv-abstracts,arxiv:2609.23454v1,abstract,en,https://arxiv.org/abs/2609.23454v1,3bcb9075332974ab804fc3ea8619207d8b7f7712e75fe8265b3fd3b146421d42,1286
intent-vs-fact/arxiv:2609.23790v1/abstract,intent-vs-fact,arxiv-abstracts,arxiv:2609.23790v1,abstract,en,https://arxiv.org/abs/2609.23790v1,d61d8f4373b431f2d53380f2555103d75f30e4f9f7b8ab55841c43e5e13bc193,1901
intent-vs-fact/arxiv:2609.23875v1/abstract,intent-vs-fact,arxiv-abstracts,arxiv:2609.23875v1,abstract,en,https://arxiv.org/abs/2609.23875v1,a72032b06b5a9b32481ae8b957b4ffe13b9f3d7f76e893d0f22c950659e12607,1890
intent-vs-fact/arxiv:2609.23928v1/abstract,intent-vs-fact,arxiv-abstracts,arxiv:2609.23928v1,abstract,en,https://arxiv.org/abs/2609.23928v1,853159a47199aae962ef00530b95a28afce3cb8c1b7e27abc700d150ffc60ba6,1075
intent-vs-fact/arxiv:2609.24006v1/abstract,intent-vs-fact,arxiv-abstracts,arxiv:2609.24006v1,abstract,en,https://arxiv.org/abs/2609.24006v1,924816055d2450b8e33cb8359a7d6b90d48cbfd4d48f497e45a3deb9d2218d4e,1175
intent-vs-fact/arxiv:2609.24012v2/abstract,intent-vs-fact,arxiv-abstracts,arxiv:2609.24012v2,abstract,en,https://arxiv.org/abs/2609.24012v2,fd73958c4cbd464447f5bdff711b92787f541e968335e174b4666be70186e308,1763
intent-vs-fact/arxiv:2609.24107v1/abstract,intent-vs-fact,arxiv-abstracts,arxiv:2609.24107v1,abstract,en,https://arxiv.org/abs/2609.24107v1,262492a1750da66137d3a773ebaa1ca52c57dae1fc0cd0536ebf588f35018158,1633
intent-vs-fact/arxiv:2609.24474v1/abstract,intent-vs-fact,arxiv-abstracts,arxiv:2609.24474v1,abstract,en,https://arxiv.org/abs/2609.24474v1,adbf81487535a7a6827853d7a83c431c07639a885f84794316ac239ac3c28dde,1910
intent-vs-fact/arxiv:2609.24516v1/abstract,intent-vs-fact,arxiv-abstracts,arxiv:2609.24516v1,abstract,en,https://arxiv.org/abs/2609.24516v1,70864463937203cee366447f7ffab89766a778d234e8d441f66c15ffdbfe4616,1418
intent-vs-fact/arxiv:2609.24538v1/abstract,intent-vs-fact,arxiv-abstracts,arxiv:2609.24538v1,abstract,en,https://arxiv.org/abs/2609.24538v1,19abaef8142f2e44c8296762f38a9b3a77d9b0c2fb099e090a48fb662526a238,1095
intent-vs-fact/arxiv:2609.24554v1/abstract,intent-vs-fact,arxiv-abstracts,arxiv:2609.24554v1,abstract,en,https://arxiv.org/abs/2609.24554v1,5e70c665444907ad41d0660598a53af19bb80c210862d75402b9d035a0b02f6a,1597
intent-vs-fact/arxiv:2609.24574v2/abstract,intent-vs-fact,arxiv-abstracts,arxiv:2609.24574v2,abstract,en,https://arxiv.org/abs/2609.24574v2,0f5170a5e8987b1e9e6f432e25e6decd3e18e1353f489d024310b7afc116cff3,1725
intent-vs-fact/arxiv:2609.24613v1/abstract,intent-vs-fact,arxiv-abstracts,arxiv:2609.24613v1,abstract,en,https://arxiv.org/abs/2609.24613v1,deaf4ec65bbc6974753ae73d487f381dd2eb098696ccddd26ed284f5b2e38c6d,1035
intent-vs-fact/arxiv:2609.24625v1/abstract,intent-vs-fact,arxiv-abstracts,arxiv:2609.24625v1,abstract,en,https://arxiv.org/abs/2609.24625v1,fb9cad7000f1f675254ed631e1c90819c678a690c37ec9b3f25edf2e28f1c0f6,1904
intent-vs-fact/arxiv:2609.24635v1/abstract,intent-vs-fact,arxiv-abstracts,arxiv:2609.24635v1,abstract,en,https://arxiv.org/abs/2609.24635v1,da1314e5ec771c0a3ace84665b0e36f92428c0aa1989b920ab252e0c29471076,1713
intent-vs-fact/arxiv:2609.24650v1/abstract,intent-vs-fact,arxiv-abstracts,arxiv:2609.24650v1,abstract,en,https://arxiv.org/abs/2609.24650v1,3855ac723d7f25eb50f9249c2981852a5455732fb8e1055a650f9c68b7dda81f,1677
intent-vs-fact/arxiv:2609.24657v1/abstract,intent-vs-fact,arxiv-abstracts,arxiv:2609.24657v1,abstract,en,https://arxiv.org/abs/2609.24657v1,6e37b2233b76595bd18afbd85e384ab36fa002fa8225c2540cb77b89cffb65de,1489
intent-vs-fact/arxiv:2609.24678v1/abstract,intent-vs-fact,arxiv-abstracts,arxiv:2609.24678v1,abstract,en,https://arxiv.org/abs/2609.24678v1,56ad3751f5d351e497c20d3e436e4930f839202945cdfe01c7b27215970b57e4,1433
intent-vs-fact/arxiv:2609.24698v1/abstract,intent-vs-fact,arxiv-abstracts,arxiv:2609.24698v1,abstract,en,https://arxiv.org/abs/2609.24698v1,95d01cfecbd79fb0def63f30a6e80b7d5b56e8c11033fbea4b96e2e9d0549e25,1795
intent-vs-fact/arxiv:2609.24784v1/abstract,intent-vs-fact,arxiv-abstracts,arxiv:2609.24784v1,abstract,en,https://arxiv.org/abs/2609.24784v1,60c053f0f440ae26268ec136e60d6395631055a02ab706ee2ce5db09f5dec5f5,1642
intent-vs-fact/arxiv:2609.24799v1/abstract,intent-vs-fact,arxiv-abstracts,arxiv:2609.24799v1,abstract,en,https://arxiv.org/abs/2609.24799v1,e4b37d46c833ed3fc366faa99097c9e783972f72818b3990bbf3f3e1c42bec11,1563
intent-vs-fact/arxiv:2609.24801v1/abstract,intent-vs-fact,arxiv-abstracts,arxiv:2609.24801v1,abstract,en,https://arxiv.org/abs/2609.24801v1,4548ebb24e35516e3351fbdfb3fa74982c6cc747861c9957d540361c089995e4,1451
intent-vs-fact/arxiv:2609.24812v1/abstract,intent-vs-fact,arxiv-abstracts,arxiv:2609.24812v1,abstract,en,https://arxiv.org/abs/2609.24812v1,425e5ade69aab00053902cd88a6fcb9720408c8e342ed95428d3aaa34f27032c,1401
intent-vs-fact/arxiv:2609.24814v2/abstract,intent-vs-fact,arxiv-abstracts,arxiv:2609.24814v2,abstract,en,https://arxiv.org/abs/2609.24814v2,46ec4b73fe360565f5bf71db8d20afe17dca317fe1a5c7c1926343660c5a5ed5,1396
intent-vs-fact/arxiv:2609.24815v3/abstract,intent-vs-fact,arxiv-abstracts,arxiv:2609.24815v3,abstract,en,https://arxiv.org/abs/2609.24815v3,d5e4f8352cc1aa6519f8ba8d8a3060292af2a698157eeaef8412fe717ff7a7a0,1142
intent-vs-fact/arxiv:2609.24821v1/abstract,intent-vs-fact,arxiv-abstracts,arxiv:2609.24821v1,abstract,en,https://arxiv.org/abs/2609.24821v1,77e449c2a3190b9f340fa225660e2736fce614e254ba67867d3eab23e4fc1c33,968
intent-vs-fact/arxiv:2609.24831v1/abstract,intent-vs-fact,arxiv-abstracts,arxiv:2609.24831v1,abstract,en,https://arxiv.org/abs/2609.24831v1,7074139715d8b4d374815bfb0c2617fd3bf8792efcae0fadcd513af2123a495a,1593
intent-vs-fact/arxiv:2609.24838v1/abstract,intent-vs-fact,arxiv-abstracts,arxiv:2609.24838v1,abstract,en,https://arxiv.org/abs/2609.24838v1,0669d33b88959435fb98af5246bd25ab09fcc9ad6fb23ba29d63b0482a8d790b,1844
intent-vs-fact/arxiv:2609.24847v1/abstract,intent-vs-fact,arxiv-abstracts,arxiv:2609.24847v1,abstract,en,https://arxiv.org/abs/2609.24847v1,a584fac6f5a1ef09df1e53b2b4f5a984cf843f5772fd0ffe4b3a033cb98a5555,1389
intent-vs-fact/arxiv:2609.24855v1/abstract,intent-vs-fact,arxiv-abstracts,arxiv:2609.24855v1,abstract,en,https://arxiv.org/abs/2609.24855v1,8364ca142f991245564b019e799e2c6502493f8c35f037e448546f1fba0559c3,1202
intent-vs-fact/arxiv:2609.24859v1/abstract,intent-vs-fact,arxiv-abstracts,arxiv:2609.24859v1,abstract,en,https://arxiv.org/abs/2609.24859v1,9915e41ebd332a428158cc785436f791b5589d328daddfab59aed41de500ca63,1900
intent-vs-fact/arxiv:2609.24862v1/abstract,intent-vs-fact,arxiv-abstracts,arxiv:2609.24862v1,abstract,en,https://arxiv.org/abs/2609.24862v1,b59f21faeb4aed34bee31063dc1cfbee9ca5afe4ef4d3f1f648ae580857af4b5,1683
intent-vs-fact/arxiv:2609.24864v1/abstract,intent-vs-fact,arxiv-abstracts,arxiv:2609.24864v1,abstract,en,https://arxiv.org/abs/2609.24864v1,8de33731b979d63ab6139141b44218a44bb012ec62e6e751f2a240166504555b,1555
intent-vs-fact/arxiv:2609.24876v1/abstract,intent-vs-fact,arxiv-abstracts,arxiv:2609.24876v1,abstract,en,https://arxiv.org/abs/2609.24876v1,8e1b8ed8824fcc82fd9a957ea79fa213853baa2fcd10e2a8d3540a223851f6fc,1756
intent-vs-fact/arxiv:2609.24877v1/abstract,intent-vs-fact,arxiv-abstracts,arxiv:2609.24877v1,abstract,en,https://arxiv.org/abs/2609.24877v1,50f37b2f3852edce77a98fe42ab135bddadbe8c429a0e74943b7a07b528d2d93,1138
intent-vs-fact/arxiv:2609.24881v2/abstract,intent-vs-fact,arxiv-abstracts,arxiv:2609.24881v2,abstract,en,https://arxiv.org/abs/2609.24881v2,a2cbfd27fe79a9f31f6ec4eb35efe093f44001d47bd893b0ae6806a4c6dd24ab,1168
intent-vs-fact/arxiv:2609.24883v1/abstract,intent-vs-fact,arxiv-abstracts,arxiv:2609.24883v1,abstract,en,https://arxiv.org/abs/2609.24883v1,bc1d455e2e36df2bf30fe7cf99f9258009c7157916bd03827d5a796202cdedd5,913
intent-vs-fact/arxiv:2609.24885v1/abstract,intent-vs-fact,arxiv-abstracts,arxiv:2609.24885v1,abstract,en,https://arxiv.org/abs/2609.24885v1,3757440bf27e011f2b73f348dafd2fef4e62167c2194b446d4036f705cc4311a,1879
intent-vs-fact/arxiv:2609.24890v1/abstract,intent-vs-fact,arxiv-abstracts,arxiv:2609.24890v1,abstract,en,https://arxiv.org/abs/2609.24890v1,0d3cb920a677108910530788eb68c263127dba9510274f182910aed9c2f848c9,1280
intent-vs-fact/arxiv:2609.24894v1/abstract,intent-vs-fact,arxiv-abstracts,arxiv:2609.24894v1,abstract,en,https://arxiv.org/abs/2609.24894v1,c147d7bb0953f0107e23e22d059d94456151059aef5cc0ec58e584036ae494a5,1232
intent-vs-fact/arxiv:2609.24895v1/abstract,intent-vs-fact,arxiv-abstracts,arxiv:2609.24895v1,abstract,en,https://arxiv.org/abs/2609.24895v1,fad5f947145420982d9e522097fb94daa45ac02227b016d9cb0e68bcaeab05bc,1282
intent-vs-fact/arxiv:2609.24903v1/abstract,intent-vs-fact,arxiv-abstracts,arxiv:2609.24903v1,abstract,en,https://arxiv.org/abs/2609.24903v1,f7221891ec600e5f1b7f78b99b8e729829952200aec559cf43c18e17553f5f84,1017
intent-vs-fact/arxiv:2609.24906v1/abstract,intent-vs-fact,arxiv-abstracts,arxiv:2609.24906v1,abstract,en,https://arxiv.org/abs/2609.24906v1,6ef6e22d047234d890728a570b3b20537b0f6822fcbd1fa8634ce3831763b5c9,1614
intent-vs-fact/arxiv:2609.24911v1/abstract,intent-vs-fact,arxiv-abstracts,arxiv:2609.24911v1,abstract,en,https://arxiv.org/abs/2609.24911v1,d61d301961e3a937476f2ef66c9ce7b5114c0eff2a9dae9ee2f0e45f43ebaada,1768
intent-vs-fact/arxiv:2609.24921v1/abstract,intent-vs-fact,arxiv-abstracts,arxiv:2609.24921v1,abstract,en,https://arxiv.org/abs/2609.24921v1,4da8acf8aa119f143cfd42ea8f5870aaebe3d8e8c66d99f5ca9fdce302856f04,1429
intent-vs-fact/arxiv:2609.24927v1/abstract,intent-vs-fact,arxiv-abstracts,arxiv:2609.24927v1,abstract,en,https://arxiv.org/abs/2609.24927v1,48c477053f29540755797320f7a1139ccafb1e7d9889ff113dccf39643d016a7,1693
intent-vs-fact/arxiv:2609.24932v1/abstract,intent-vs-fact,arxiv-abstracts,arxiv:2609.24932v1,abstract,en,https://arxiv.org/abs/2609.24932v1,f6cd086492e50041faf251da50494a74a3bd6b25ec7819b464a2f25ca79a4177,1655
intent-vs-fact/arxiv:2609.24942v1/abstract,intent-vs-fact,arxiv-abstracts,arxiv:2609.24942v1,abstract,en,https://arxiv.org/abs/2609.24942v1,191fbcbe1e1687d5cb1a0038723efbba47692b5fc5e4b71dc05a009cc2f83d62,1912
intent-vs-fact/arxiv:2609.24955v1/abstract,intent-vs-fact,arxiv-abstracts,arxiv:2609.24955v1,abstract,en,https://arxiv.org/abs/2609.24955v1,6ca5bd543a423056ed4d549d8421315ed32389acac408d66a71177f3ba2eb87c,1150
intent-vs-fact/arxiv:2609.24964v1/abstract,intent-vs-fact,arxiv-abstracts,arxiv:2609.24964v1,abstract,en,https://arxiv.org/abs/2609.24964v1,242176f0586f4226e8b023ccdf6b92b4d9bbe791ff3f1295ac91285c23c70dc4,1658
intent-vs-fact/arxiv:2609.24965v2/abstract,intent-vs-fact,arxiv-abstracts,arxiv:2609.24965v2,abstract,en,https://arxiv.org/abs/2609.24965v2,3c4bd5724102faa33a0da01e5fdee7b3e9d0ec4eb2533b02de24e85409147f4d,1105
intent-vs-fact/arxiv:2609.24967v1/abstract,intent-vs-fact,arxiv-abstracts,arxiv:2609.24967v1,abstract,en,https://arxiv.org/abs/2609.24967v1,b2333403e79612fb218bcc3b66b46576694324a7a15db5913ad5d08a55faebae,1111
intent-vs-fact/arxiv:2609.24969v1/abstract,intent-vs-fact,arxiv-abstracts,arxiv:2609.24969v1,abstract,en,https://arxiv.org/abs/2609.24969v1,e1e07138bf65fe81936b888f455c7818b4633454534c855177aa8d0f42f45e63,1623
intent-vs-fact/arxiv:2609.24971v2/abstract,intent-vs-fact,arxiv-abstracts,arxiv:2609.24971v2,abstract,en,https://arxiv.org/abs/2609.24971v2,839c584110c90641b6ff3a360f3d1616637d43020916cd08992c6e9285c184dc,1165
intent-vs-fact/arxiv:2609.24972v2/abstract,intent-vs-fact,arxiv-abstracts,arxiv:2609.24972v2,abstract,en,https://arxiv.org/abs/2609.24972v2,9d6e68570bea895357a7946a9aa2f5aa2f381c18f32ad2e69210e1fbffbc3a9c,1699
intent-vs-fact/arxiv:2609.24974v1/abstract,intent-vs-fact,arxiv-abstracts,arxiv:2609.24974v1,abstract,en,https://arxiv.org/abs/2609.24974v1,b8ed1ba4e066c863c61f6457c3670ccb58a03961a84afd73942e793db9b88416,1790
intent-vs-fact/arxiv:2609.24976v1/abstract,intent-vs-fact,arxiv-abstracts,arxiv:2609.24976v1,abstract,en,https://arxiv.org/abs/2609.24976v1,a36dcfe04ae2623e43f781f5223a66f4d09045cc2c3cbd0543f828d4bc6301fd,1642
intent-vs-fact/arxiv:2609.24983v1/abstract,intent-vs-fact,arxiv-abstracts,arxiv:2609.24983v1,abstract,en,https://arxiv.org/abs/2609.24983v1,fe0933eba735053639110e8383f00134561e298a0b9b38156f5b4b2acaa29d43,1404
intent-vs-fact/arxiv:2609.24984v1/abstract,intent-vs-fact,arxiv-abstracts,arxiv:2609.24984v1,abstract,en,https://arxiv.org/abs/2609.24984v1,8f20e0d15dfcba21e9a4a98e20610f1ef005b42d848b08d814b922c1c09bc6bf,1023
intent-vs-fact/arxiv:2609.24985v1/abstract,intent-vs-fact,arxiv-abstracts,arxiv:2609.24985v1,abstract,en,https://arxiv.org/abs/2609.24985v1,04c9848beab447eb3bbffb97c0755f5341ef1c73e90e16ade2ccf430807c56df,1404
intent-vs-fact/arxiv:2609.25001v1/abstract,intent-vs-fact,arxiv-abstracts,arxiv:2609.25001v1,abstract,en,https://arxiv.org/abs/2609.25001v1,a86b93f10a34805590e0bf3b7adbee010ca001d0f5503f7a3b2d110e19af9977,1795
intent-vs-fact/arxiv:2609.25194v1/abstract,intent-vs-fact,arxiv-abstracts,arxiv:2609.25194v1,abstract,en,https://arxiv.org/abs/2609.25194v1,629c1700ab7e7eac289ec4d992f1f67cddb402a6e56e099741c35cd8d4040432,1912
intent-vs-fact/arxiv:2609.25195v1/abstract,intent-vs-fact,arxiv-abstracts,arxiv:2609.25195v1,abstract,en,https://arxiv.org/abs/2609.25195v1,a7ced57a52437c1edf44ab5ac7ca98d2cfb95dc0a9dffe5b8488dcdd6a56d61a,1461
intent-vs-fact/arxiv:2609.25432v1/abstract,intent-vs-fact,arxiv-abstracts,arxiv:2609.25432v1,abstract,en,https://arxiv.org/abs/2609.25432v1,e7020598d332e8ad2e4fa9c0091e5a6f7b4764d958a9bb9c7039438f6bed9934,1899
intent-vs-fact/arxiv:2609.25701v1/abstract,intent-vs-fact,arxiv-abstracts,arxiv:2609.25701v1,abstract,en,https://arxiv.org/abs/2609.25701v1,a3b5111c32f6f18b5cc4052eee0fd097e26e2b04190650b9bc883ca37b3346f1,1087
intent-vs-fact/arxiv:2609.25913v1/abstract,intent-vs-fact,arxiv-abstracts,arxiv:2609.25913v1,abstract,en,https://arxiv.org/abs/2609.25913v1,1046e085860dca17d35b184d45bb2650ea8d547d54ae376cddbc822f66cdbca8,1800
intent-vs-fact/arxiv:2609.25956v1/abstract,intent-vs-fact,arxiv-abstracts,arxiv:2609.25956v1,abstract,en,https://arxiv.org/abs/2609.25956v1,4319033936f189bac5525c0b7f6120f8fac32f66b7c4fb8f078a47e27e0f33f4,1833
intent-vs-fact/arxiv:2609.25959v1/abstract,intent-vs-fact,arxiv-abstracts,arxiv:2609.25959v1,abstract,en,https://arxiv.org/abs/2609.25959v1,58171db63fd661768857028a83c547b3698907447577be092562719e38669ef9,1490
intent-vs-fact/arxiv:2609.26010v1/abstract,intent-vs-fact,arxiv-abstracts,arxiv:2609.26010v1,abstract,en,https://arxiv.org/abs/2609.26010v1,fd31c3d831fc49432514b933489a2924b0fd726e40385ee357d07443ec0ab4f1,1708
intent-vs-fact/arxiv:2609.26048v1/abstract,intent-vs-fact,arxiv-abstracts,arxiv:2609.26048v1,abstract,en,https://arxiv.org/abs/2609.26048v1,c9cbae36fed6a1a1510f0ab076717cd3228479c01602e12b4a1188540a6f8761,1531
intent-vs-fact/arxiv:2609.26306v1/abstract,intent-vs-fact,arxiv-abstracts,arxiv:2609.26306v1,abstract,en,https://arxiv.org/abs/2609.26306v1,b4c68bb1b9e1bc7c7188c2875b049192f1f4bf8bbe78f254b16dcd85fc61fdb3,1024
intent-vs-fact/arxiv:2609.26338v1/abstract,intent-vs-fact,arxiv-abstracts,arxiv:2609.26338v1,abstract,en,https://arxiv.org/abs/2609.26338v1,7860e02ffd427d45aecdb72c78ed0a048a6a15d7c73a8e9984bab33d8d4bc85c,1170
intent-vs-fact/arxiv:2609.26346v1/abstract,intent-vs-fact,arxiv-abstracts,arxiv:2609.26346v1,abstract,en,https://arxiv.org/abs/2609.26346v1,687658d3f231606fa51e19d66780e7c115b3f10c746b0e5505e1d06efd90f611,1462
intent-vs-fact/arxiv:2609.26347v2/abstract,intent-vs-fact,arxiv-abstracts,arxiv:2609.26347v2,abstract,en,https://arxiv.org/abs/2609.26347v2,d08e021f18c3651352c7113d464ad708b45cf0f6950a0035ba193fa6fd696f99,947
intent-vs-fact/arxiv:2609.26368v1/abstract,intent-vs-fact,arxiv-abstracts,arxiv:2609.26368v1,abstract,en,https://arxiv.org/abs/2609.26368v1,dfc1a0a007f4180a737dda18121ddb8e835cc1f107ffd5e49e6442bcbe04ff85,1473
intent-vs-fact/arxiv:2609.26381v1/abstract,intent-vs-fact,arxiv-abstracts,arxiv:2609.26381v1,abstract,en,https://arxiv.org/abs/2609.26381v1,004f4fa02c6f807b9cf341e4bc6ff41cdcc20fda834f0de1e90d8d498be02c20,1531
intent-vs-fact/arxiv:2609.26388v1/abstract,intent-vs-fact,arxiv-abstracts,arxiv:2609.26388v1,abstract,en,https://arxiv.org/abs/2609.26388v1,15ec22f55dfd4aa7e8d9eda2a58423632b7393d8a472803c79b27f17abe62188,1441
intent-vs-fact/arxiv:2609.26399v1/abstract,intent-vs-fact,arxiv-abstracts,arxiv:2609.26399v1,abstract,en,https://arxiv.org/abs/2609.26399v1,17740b56ec0023299753fa57d88e7ab104f49fb6c07308455f92526327738c14,1651
intent-vs-fact/arxiv:2609.26422v1/abstract,intent-vs-fact,arxiv-abstracts,arxiv:2609.26422v1,abstract,en,https://arxiv.org/abs/2609.26422v1,26998c87ca161f9076ca6566345a76ed5808e6b6d678fc2b3680b52901fa6680,1115
intent-vs-fact/arxiv:2609.26468v1/abstract,intent-vs-fact,arxiv-abstracts,arxiv:2609.26468v1,abstract,en,https://arxiv.org/abs/2609.26468v1,99d5c0b354fe837be5c7b88a05dec4c08ab2f2614425920833a68ced70953c3b,1356
intent-vs-fact/arxiv:2609.26481v1/abstract,intent-vs-fact,arxiv-abstracts,arxiv:2609.26481v1,abstract,en,https://arxiv.org/abs/2609.26481v1,aeada93795e9fd80e6da4c47ebaade0b1970b47ef347fd7362f647fa0ba28fe2,1476
intent-vs-fact/arxiv:2609.26488v1/abstract,intent-vs-fact,arxiv-abstracts,arxiv:2609.26488v1,abstract,en,https://arxiv.org/abs/2609.26488v1,9bad4f6dfe4df73bfdae6b68be9dedb69b29034659742ff1830fb84905803381,1166
intent-vs-fact/arxiv:2609.26489v1/abstract,intent-vs-fact,arxiv-abstracts,arxiv:2609.26489v1,abstract,en,https://arxiv.org/abs/2609.26489v1,b34e5f18c28d2f591d6226d6c9b5066b26b3127353e6045a9491d4a62ee8c860,1250
intent-vs-fact/arxiv:2609.26507v1/abstract,intent-vs-fact,arxiv-abstracts,arxiv:2609.26507v1,abstract,en,https://arxiv.org/abs/2609.26507v1,5a607efbfeb5b31f0799231c14d2a6d4e99e255e029ef35b16418e188cfada4d,1335
intent-vs-fact/arxiv:2609.26512v1/abstract,intent-vs-fact,arxiv-abstracts,arxiv:2609.26512v1,abstract,en,https://arxiv.org/abs/2609.26512v1,fa4c834b0d0ba2b4b277a005338ba80afbacaaef1ff54458166846565db20cc4,1810
intent-vs-fact/arxiv:2609.26527v1/abstract,intent-vs-fact,arxiv-abstracts,arxiv:2609.26527v1,abstract,en,https://arxiv.org/abs/2609.26527v1,c046eaf2707639cc8668eb204286c9544d1605f3c23c42a0af60fe61d62cb6aa,774
intent-vs-fact/arxiv:2609.26532v1/abstract,intent-vs-fact,arxiv-abstracts,arxiv:2609.26532v1,abstract,en,https://arxiv.org/abs/2609.26532v1,17ca9d36dccbb15ba8b1e3fcb2ede0e24e67561b76e2c115a413bcfecb5acd17,905
intent-vs-fact/arxiv:2609.26536v1/abstract,intent-vs-fact,arxiv-abstracts,arxiv:2609.26536v1,abstract,en,https://arxiv.org/abs/2609.26536v1,d19375e6876d16c4e13ca0cd7356d554ac04c922afd22262b3c5beea7386b563,1055
intent-vs-fact/arxiv:2609.26539v1/abstract,intent-vs-fact,arxiv-abstracts,arxiv:2609.26539v1,abstract,en,https://arxiv.org/abs/2609.26539v1,eff5c0b0ba2642d67e774ca1653035e28cbc467b5b0be55db34044ddbef7ae13,999
intent-vs-fact/arxiv:2609.26547v1/abstract,intent-vs-fact,arxiv-abstracts,arxiv:2609.26547v1,abstract,en,https://arxiv.org/abs/2609.26547v1,f8404dc10d2ea51b5028113c0e6e19f0134935bc8b68752ed2a0011733fdf55a,1247
intent-vs-fact/arxiv:2609.26550v1/abstract,intent-vs-fact,arxiv-abstracts,arxiv:2609.26550v1,abstract,en,https://arxiv.org/abs/2609.26550v1,f1656eb292c11cab5c1fd719c655675f401c2f35f250527fa1eb0fd12a656cab,894
intent-vs-fact/arxiv:2609.26556v1/abstract,intent-vs-fact,arxiv-abstracts,arxiv:2609.26556v1,abstract,en,https://arxiv.org/abs/2609.26556v1,21b3fa24731c38e93b72e0f32a53405c0d2c4ad266d022c0671bf25056975133,1287
intent-vs-fact/arxiv:2609.26562v1/abstract,intent-vs-fact,arxiv-abstracts,arxiv:2609.26562v1,abstract,en,https://arxiv.org/abs/2609.26562v1,8cba1123b8a23662a058e71f8bc9b1b559eb3ac8d2f7563d7e80fadd4adf5b2a,1702
intent-vs-fact/arxiv:2609.26579v1/abstract,intent-vs-fact,arxiv-abstracts,arxiv:2609.26579v1,abstract,en,https://arxiv.org/abs/2609.26579v1,4936c2b1b473956d99bbf25f6cc251c10edeed95903ebe277be2b23dc2950da0,1560
intent-vs-fact/arxiv:2609.26603v2/abstract,intent-vs-fact,arxiv-abstracts,arxiv:2609.26603v2,abstract,en,https://arxiv.org/abs/2609.26603v2,e1c6d4d0ef6d8dbc9f08947ee05d715531da6d661f40f7ae6ebccd35ac5e2f60,1639
intent-vs-fact/arxiv:2609.26610v1/abstract,intent-vs-fact,arxiv-abstracts,arxiv:2609.26610v1,abstract,en,https://arxiv.org/abs/2609.26610v1,eae38321fd640849c1aee0f74260218e17c7330a8f10caa08873f1eccd35126e,1731
intent-vs-fact/arxiv:2609.26621v1/abstract,intent-vs-fact,arxiv-abstracts,arxiv:2609.26621v1,abstract,en,https://arxiv.org/abs/2609.26621v1,98ecaaa665b7c96ba946506c9c6ff159540000c9ba86af7a93788b4bf30f46ce,1647
intent-vs-fact/arxiv:2609.26629v1/abstract,intent-vs-fact,arxiv-abstracts,arxiv:2609.26629v1,abstract,en,https://arxiv.org/abs/2609.26629v1,c72e3fc0967226bcdfaed1fdf86654c78bd4c229d98dee1c9f90032d1b835ace,1319
intent-vs-fact/arxiv:2609.26634v1/abstract,intent-vs-fact,arxiv-abstracts,arxiv:2609.26634v1,abstract,en,https://arxiv.org/abs/2609.26634v1,89d138be11833083ce5808b0917ed2e7f5ad475c62d1232e1add41cc007e23fa,1059
intent-vs-fact/arxiv:2609.26637v1/abstract,intent-vs-fact,arxiv-abstracts,arxiv:2609.26637v1,abstract,en,https://arxiv.org/abs/2609.26637v1,33135fee1220898159076228f4a7b0f7a726b7753d51ca73c6ea5f544259132f,1267
intent-vs-fact/arxiv:2609.26638v1/abstract,intent-vs-fact,arxiv-abstracts,arxiv:2609.26638v1,abstract,en,https://arxiv.org/abs/2609.26638v1,ceaa71d7b6af62835f9a7859dc0390205df75b2596a8f21079049d39f48fb522,1405
intent-vs-fact/arxiv:2609.26642v1/abstract,intent-vs-fact,arxiv-abstracts,arxiv:2609.26642v1,abstract,en,https://arxiv.org/abs/2609.26642v1,4acc34c5fa58aef512b933a559af830a2cabcdb729866084f36a880554848a93,1458
intent-vs-fact/arxiv:2609.26658v1/abstract,intent-vs-fact,arxiv-abstracts,arxiv:2609.26658v1,abstract,en,https://arxiv.org/abs/2609.26658v1,01c97ea6e19c263e3b044aba2f5a1e9de278778cff9db8e1028ae37bd6993c73,1686
intent-vs-fact/arxiv:2609.26679v1/abstract,intent-vs-fact,arxiv-abstracts,arxiv:2609.26679v1,abstract,en,https://arxiv.org/abs/2609.26679v1,eff8ce2c9e5fdeba81ed8f8b1063695c743e92cd757f9750018cfca263c84e10,1913
intent-vs-fact/arxiv:2609.26682v1/abstract,intent-vs-fact,arxiv-abstracts,arxiv:2609.26682v1,abstract,en,https://arxiv.org/abs/2609.26682v1,c9a164972ac055156f517f16ec8a6ab410523ddcc152f616cde5eb1a17b3199b,1243
intent-vs-fact/arxiv:2609.26687v1/abstract,intent-vs-fact,arxiv-abstracts,arxiv:2609.26687v1,abstract,en,https://arxiv.org/abs/2609.26687v1,2e77f935aeabdcd0f0b038a0d594b9e35301c12ce6563a142471d7b55d9eca67,848
intent-vs-fact/arxiv:2609.26693v1/abstract,intent-vs-fact,arxiv-abstracts,arxiv:2609.26693v1,abstract,en,https://arxiv.org/abs/2609.26693v1,fe91c6e317d9bfc42312597ea4cca7f6ff8512f25bf20aafa668a35922c92f87,1293
intent-vs-fact/arxiv:2609.26704v1/abstract,intent-vs-fact,arxiv-abstracts,arxiv:2609.26704v1,abstract,en,https://arxiv.org/abs/2609.26704v1,a0268f1790dfa98ad354baac019c931948d856f29dd25f526168b287c6372811,1422
intent-vs-fact/arxiv:2609.26708v1/abstract,intent-vs-fact,arxiv-abstracts,arxiv:2609.26708v1,abstract,en,https://arxiv.org/abs/2609.26708v1,a6e700e761c158dd5a2e9525751af15f5ad156a502352c0000f57d1ba7907262,1447
intent-vs-fact/arxiv:2609.26711v1/abstract,intent-vs-fact,arxiv-abstracts,arxiv:2609.26711v1,abstract,en,https://arxiv.org/abs/2609.26711v1,8c3c4d1d124c4290ddbd75a89ba92056e31facae6de6989715e3abb94c3c4a93,1623
intent-vs-fact/arxiv:2609.26718v1/abstract,intent-vs-fact,arxiv-abstracts,arxiv:2609.26718v1,abstract,en,https://arxiv.org/abs/2609.26718v1,379e412b3fe0aff443950f54ff03837b2dc54f51b6a4b8fbf932072221ec283c,1031
intent-vs-fact/arxiv:2609.26725v1/abstract,intent-vs-fact,arxiv-abstracts,arxiv:2609.26725v1,abstract,en,https://arxiv.org/abs/2609.26725v1,556ae5afe449e16ed797a140992d351f4b00ed9f88ed26ee8c273dee9251e502,991
intent-vs-fact/arxiv:2609.26749v1/abstract,intent-vs-fact,arxiv-abstracts,arxiv:2609.26749v1,abstract,en,https://arxiv.org/abs/2609.26749v1,ae7d8f485dd07fa8333791e5f42a5a61db38fc9cdd1bc40843f7652a97b19c64,1906
intent-vs-fact/arxiv:2609.26756v2/abstract,intent-vs-fact,arxiv-abstracts,arxiv:2609.26756v2,abstract,en,https://arxiv.org/abs/2609.26756v2,a41752b95c9a846a07942eff47dc7155569de383a9ee3653ba2b8bec3c8e03f0,1477
intent-vs-fact/arxiv:2609.26758v2/abstract,intent-vs-fact,arxiv-abstracts,arxiv:2609.26758v2,abstract,en,https://arxiv.org/abs/2609.26758v2,b9d1a0a5b187ba94854ba40382c3299fa70ced156883bc9fce651295564c534e,1886
intent-vs-fact/arxiv:2609.26760v2/abstract,intent-vs-fact,arxiv-abstracts,arxiv:2609.26760v2,abstract,en,https://arxiv.org/abs/2609.26760v2,7684fe8cce8b8b7f352e74818005422d032f2834eeedf541703917f41a1ecc06,1705
intent-vs-fact/arxiv:2609.26761v1/abstract,intent-vs-fact,arxiv-abstracts,arxiv:2609.26761v1,abstract,en,https://arxiv.org/abs/2609.26761v1,927c41a2077bc534aba1e1e9e88492fe7bdc168224c20182317b9a7fdf8ec671,1189
intent-vs-fact/arxiv:2609.26777v1/abstract,intent-vs-fact,arxiv-abstracts,arxiv:2609.26777v1,abstract,en,https://arxiv.org/abs/2609.26777v1,ed466fd0ba07c5baab63986dbaacc647fa62acf724e059401c9a4fc0ee9f1598,1864
intent-vs-fact/arxiv:2609.26779v1/abstract,intent-vs-fact,arxiv-abstracts,arxiv:2609.26779v1,abstract,en,https://arxiv.org/abs/2609.26779v1,487d917387f8b4317b8bb634fd82fd755a7ea4ab06406394a2a6a3e99c1b1f50,1573
intent-vs-fact/arxiv:2609.26780v2/abstract,intent-vs-fact,arxiv-abstracts,arxiv:2609.26780v2,abstract,en,https://arxiv.org/abs/2609.26780v2,f28c0feea4eb87b2b3a7ab2a40aa323a9752762d3a4ad10a89c73675f92a7760,1902
intent-vs-fact/arxiv:2609.26781v1/abstract,intent-vs-fact,arxiv-abstracts,arxiv:2609.26781v1,abstract,en,https://arxiv.org/abs/2609.26781v1,0be8d0b8829349df61a3feafe95323c5062e02693c7e5e65553791aeae6b6e43,1738
intent-vs-fact/arxiv:2609.26796v1/abstract,intent-vs-fact,arxiv-abstracts,arxiv:2609.26796v1,abstract,en,https://arxiv.org/abs/2609.26796v1,36d9260015e510c4d871dfaca9e84cb579478d2d33456f51de52ba2779e57cd8,1645
intent-vs-fact/arxiv:2609.26863v1/abstract,intent-vs-fact,arxiv-abstracts,arxiv:2609.26863v1,abstract,en,https://arxiv.org/abs/2609.26863v1,92cb41da1dd18a07a9ad584d7cac1bda6f75139740d2e5d1a55a0bc442847443,1095
intent-vs-fact/arxiv:2609.26906v1/abstract,intent-vs-fact,arxiv-abstracts,arxiv:2609.26906v1,abstract,en,https://arxiv.org/abs/2609.26906v1,b07f1615f56b656bebfa3707ad402772b8e8afa6dcb4679a9e86cfa855ef1c5a,1240
intent-vs-fact/arxiv:2609.26927v1/abstract,intent-vs-fact,arxiv-abstracts,arxiv:2609.26927v1,abstract,en,https://arxiv.org/abs/2609.26927v1,70eb11376ad95f548ef44f9f9251ff796433617d24e02ee36aa742dd67c19760,1228
intent-vs-fact/arxiv:2609.26952v1/abstract,intent-vs-fact,arxiv-abstracts,arxiv:2609.26952v1,abstract,en,https://arxiv.org/abs/2609.26952v1,d4b6233a8d3fdc8dc5c881f90ee11fa334aa7ee8231b7051960a5f2b110bc76d,1422
intent-vs-fact/arxiv:2609.27175v1/abstract,intent-vs-fact,arxiv-abstracts,arxiv:2609.27175v1,abstract,en,https://arxiv.org/abs/2609.27175v1,340d273a7e3e6892cdb8de802a3b5c0126034389fc2632560f28884c9dc1b88e,1245
intent-vs-fact/arxiv:2609.27296v1/abstract,intent-vs-fact,arxiv-abstracts,arxiv:2609.27296v1,abstract,en,https://arxiv.org/abs/2609.27296v1,f5c04af92bc4034fd588f50841628ce51567fc89625dc85d3ac1fe343b5edbdc,1624
intent-vs-fact/arxiv:2609.27365v1/abstract,intent-vs-fact,arxiv-abstracts,arxiv:2609.27365v1,abstract,en,https://arxiv.org/abs/2609.27365v1,e40690298471df7bbe75fe5c6d2c3c19aa1f2aaa16b68368b14d84f074ac20f0,918
intent-vs-fact/arxiv:2609.27386v1/abstract,intent-vs-fact,arxiv-abstracts,arxiv:2609.27386v1,abstract,en,https://arxiv.org/abs/2609.27386v1,c2def3d9c2006c0fef0768b03f484f599bca19d4bd9552310207211382f2d2bb,1915
intent-vs-fact/arxiv:2609.27499v1/abstract,intent-vs-fact,arxiv-abstracts,arxiv:2609.27499v1,abstract,en,https://arxiv.org/abs/2609.27499v1,026661021483df5eaad11313fd5d1d2fa5173a01c203529ad614e399124d092e,1126
intent-vs-fact/arxiv:2609.27535v1/abstract,intent-vs-fact,arxiv-abstracts,arxiv:2609.27535v1,abstract,en,https://arxiv.org/abs/2609.27535v1,7a1c1f4bb28c771a5da44f49801a8547590f941e331ec8bf081f6fcee169214e,1466
intent-vs-fact/arxiv:2609.27573v1/abstract,intent-vs-fact,arxiv-abstracts,arxiv:2609.27573v1,abstract,en,https://arxiv.org/abs/2609.27573v1,0d54fd55a3486d32f50f026806399fd1eca5847b3ede562026961bb8afdebd12,1126
intent-vs-fact/arxiv:2609.27624v1/abstract,intent-vs-fact,arxiv-abstracts,arxiv:2609.27624v1,abstract,en,https://arxiv.org/abs/2609.27624v1,14964dcb39c3e3cb9f833f1c6d9702ad10e2e386e82d82aaef5a1a3408573a1e,1592
intent-vs-fact/arxiv:2609.27636v1/abstract,intent-vs-fact,arxiv-abstracts,arxiv:2609.27636v1,abstract,en,https://arxiv.org/abs/2609.27636v1,c9befdb4ffa4ef89ec6e220e0e5d544dd62d84eb8d9040d2356a5ab63bf2cf0e,1633
intent-vs-fact/arxiv:2609.27639v1/abstract,intent-vs-fact,arxiv-abstracts,arxiv:2609.27639v1,abstract,en,https://arxiv.org/abs/2609.27639v1,c56b5fc3b3ecb2475f8a7a2aee2b9a32efddb663470f02902260db7dc5eff20b,1564
intent-vs-fact/arxiv:2609.27727v2/abstract,intent-vs-fact,arxiv-abstracts,arxiv:2609.27727v2,abstract,en,https://arxiv.org/abs/2609.27727v2,715b14cdd2f0e21355ea44d48f5a487462075b23dee3ba87263f4d459dce7bd9,1756
intent-vs-fact/arxiv:2609.27980v1/abstract,intent-vs-fact,arxiv-abstracts,arxiv:2609.27980v1,abstract,en,https://arxiv.org/abs/2609.27980v1,784e5d591323b06e2d232440e2f3231a4c8c1447d46d9452a5b078fff54e20f8,1346
intent-vs-fact/arxiv:2609.27981v1/abstract,intent-vs-fact,arxiv-abstracts,arxiv:2609.27981v1,abstract,en,https://arxiv.org/abs/2609.27981v1,4139d20862f0afe024020ce050e8f621310d1aec92ab05913bf4078386a3ac56,1402
intent-vs-fact/arxiv:2609.27994v1/abstract,intent-vs-fact,arxiv-abstracts,arxiv:2609.27994v1,abstract,en,https://arxiv.org/abs/2609.27994v1,fa8248ca2907e9f8c20702294e5488ca2aa2d14ae27c3c4a989f6d3ec15ac06e,1405
intent-vs-fact/arxiv:2609.28004v1/abstract,intent-vs-fact,arxiv-abstracts,arxiv:2609.28004v1,abstract,en,https://arxiv.org/abs/2609.28004v1,cac8d9cd5c8d0c93a78a754bd8b432f3a96859d266bd92156c857b8a7d10b1d8,1345
intent-vs-fact/arxiv:2609.28007v1/abstract,intent-vs-fact,arxiv-abstracts,arxiv:2609.28007v1,abstract,en,https://arxiv.org/abs/2609.28007v1,4c0950316f9f9a4a2118f9f7e2eb0051c96479aa201c58dd06364c089bd9dc75,1551
intent-vs-fact/arxiv:2609.28026v1/abstract,intent-vs-fact,arxiv-abstracts,arxiv:2609.28026v1,abstract,en,https://arxiv.org/abs/2609.28026v1,9afeac3cdb8157a022cd2f9676362881df48ad0b86aeed98fe54c440f7965793,1184
intent-vs-fact/arxiv:2609.28029v1/abstract,intent-vs-fact,arxiv-abstracts,arxiv:2609.28029v1,abstract,en,https://arxiv.org/abs/2609.28029v1,fad15d46860a78a1fd5bf1885981b944a54b3e5033f6b0fde54e7bbd9ea0640a,1354
intent-vs-fact/arxiv:2609.28041v1/abstract,intent-vs-fact,arxiv-abstracts,arxiv:2609.28041v1,abstract,en,https://arxiv.org/abs/2609.28041v1,80eb3b3995ed9b92aeee385ad1315e666df65295bfc37864de5c64596e3d0e9d,1092
intent-vs-fact/arxiv:2609.28048v1/abstract,intent-vs-fact,arxiv-abstracts,arxiv:2609.28048v1,abstract,en,https://arxiv.org/abs/2609.28048v1,9ece910a43f0ccd2dec633a017fd617795381a133004509528ca454a6ab8acce,1381
intent-vs-fact/arxiv:2609.28053v1/abstract,intent-vs-fact,arxiv-abstracts,arxiv:2609.28053v1,abstract,en,https://arxiv.org/abs/2609.28053v1,c61a92e30684b9bb4b8d687ac3c04fbb3da1c551e039f7b14af962c193291b61,773
intent-vs-fact/arxiv:2609.28060v1/abstract,intent-vs-fact,arxiv-abstracts,arxiv:2609.28060v1,abstract,en,https://arxiv.org/abs/2609.28060v1,d8d22ef2d42a4591627d931e627016b246dc0db07de78d2bbf20f3dfd48b1e1a,879
intent-vs-fact/arxiv:2609.28080v1/abstract,intent-vs-fact,arxiv-abstracts,arxiv:2609.28080v1,abstract,en,https://arxiv.org/abs/2609.28080v1,d9f907fe761bf1461795db7a50630d9d76b3dabb0eb60dbbb84aa54d4390cb3d,1118
intent-vs-fact/arxiv:2609.28085v1/abstract,intent-vs-fact,arxiv-abstracts,arxiv:2609.28085v1,abstract,en,https://arxiv.org/abs/2609.28085v1,5613dd2c39ec6cf77ce85557d5727507de3ee5fd35ee3cd6c5a22c5d2ca40381,1464
intent-vs-fact/arxiv:2609.28086v2/abstract,intent-vs-fact,arxiv-abstracts,arxiv:2609.28086v2,abstract,en,https://arxiv.org/abs/2609.28086v2,8656dce49d1544200217179012efb1b14bb9bab2b766a6a21c8388512b2886c2,1464
intent-vs-fact/arxiv:2609.28087v1/abstract,intent-vs-fact,arxiv-abstracts,arxiv:2609.28087v1,abstract,en,https://arxiv.org/abs/2609.28087v1,a9312bbb62591d0760f09f51e7cecef476de2e53a693d5e7a1fcd8b9d1597916,1274
intent-vs-fact/arxiv:2609.28090v1/abstract,intent-vs-fact,arxiv-abstracts,arxiv:2609.28090v1,abstract,en,https://arxiv.org/abs/2609.28090v1,26fdd05ccd568b87bc146c23a17bb0067a50758f607e17606be0141806a2e0b2,1065
intent-vs-fact/arxiv:2609.28105v1/abstract,intent-vs-fact,arxiv-abstracts,arxiv:2609.28105v1,abstract,en,https://arxiv.org/abs/2609.28105v1,86e04cafe06930d49a4d0c385ff63d0185194bb5568fea72b1771d1fbe07cad7,1553
intent-vs-fact/arxiv:2609.28107v2/abstract,intent-vs-fact,arxiv-abstracts,arxiv:2609.28107v2,abstract,en,https://arxiv.org/abs/2609.28107v2,b6bd86b60f818ff1e5755e86032974f7136d188ba26ae17e1dc75041342807ff,1093
intent-vs-fact/arxiv:2609.28110v1/abstract,intent-vs-fact,arxiv-abstracts,arxiv:2609.28110v1,abstract,en,https://arxiv.org/abs/2609.28110v1,cdef4f2cf51e9d68fccacd1fac479f7956bb5f1351c9ac932c2de254c70b0b64,1106
intent-vs-fact/arxiv:2609.28117v1/abstract,intent-vs-fact,arxiv-abstracts,arxiv:2609.28117v1,abstract,en,https://arxiv.org/abs/2609.28117v1,8b604f3b6bf0a0aea0c576eb83e2862514d247dc2713cc9c16d084534afaf0b3,1000
intent-vs-fact/arxiv:2609.28137v1/abstract,intent-vs-fact,arxiv-abstracts,arxiv:2609.28137v1,abstract,en,https://arxiv.org/abs/2609.28137v1,eaf77de782a4a0475660b99971bd418b28b7a96262a435d659366f76692d72f0,1655
intent-vs-fact/arxiv:2609.28150v1/abstract,intent-vs-fact,arxiv-abstracts,arxiv:2609.28150v1,abstract,en,https://arxiv.org/abs/2609.28150v1,4799fd521ecaa77369e72bff82334cd61cf9223c8ba3853b9e79bf2f73ae03e9,1414
intent-vs-fact/arxiv:2609.28182v1/abstract,intent-vs-fact,arxiv-abstracts,arxiv:2609.28182v1,abstract,en,https://arxiv.org/abs/2609.28182v1,e394bed6d00d93b4cea4bb144d6dbbc38c50e6d6e7a42378dc5f30c82ff7865d,1576
intent-vs-fact/arxiv:2609.28190v1/abstract,intent-vs-fact,arxiv-abstracts,arxiv:2609.28190v1,abstract,en,https://arxiv.org/abs/2609.28190v1,b08d289874e96497eafa73f7c23c5f19d04ac0cf9d7040cbcac0951dc1da46fb,1577
intent-vs-fact/arxiv:2609.28197v1/abstract,intent-vs-fact,arxiv-abstracts,arxiv:2609.28197v1,abstract,en,https://arxiv.org/abs/2609.28197v1,cda54ff9fc0ffa12e1da13ec48292d188543b8448be090062e6acb92facbfb35,1338
intent-vs-fact/arxiv:2609.28212v1/abstract,intent-vs-fact,arxiv-abstracts,arxiv:2609.28212v1,abstract,en,https://arxiv.org/abs/2609.28212v1,13093e25b40ec21088ce41ecd14c13d4c6daa8d5bca1fc672d430dc1164b8e46,695
intent-vs-fact/arxiv:2609.28216v1/abstract,intent-vs-fact,arxiv-abstracts,arxiv:2609.28216v1,abstract,en,https://arxiv.org/abs/2609.28216v1,c16d81045ecc04b5ec5d481695d59d1a2ad2c48160c55e6f2e9bcfbd980cb4fb,1661
intent-vs-fact/arxiv:2609.28231v1/abstract,intent-vs-fact,arxiv-abstracts,arxiv:2609.28231v1,abstract,en,https://arxiv.org/abs/2609.28231v1,0c535974cdcd3ddd9ad3236e27abd3d7c3d3e4e39a0d11112e3c94cb7fa78fc8,1264
intent-vs-fact/arxiv:2609.28245v1/abstract,intent-vs-fact,arxiv-abstracts,arxiv:2609.28245v1,abstract,en,https://arxiv.org/abs/2609.28245v1,80af6d22c7f4404cf50b09aba676547ef5d1add32ec0a4afce78188321b4670b,1644
intent-vs-fact/arxiv:2609.28247v1/abstract,intent-vs-fact,arxiv-abstracts,arxiv:2609.28247v1,abstract,en,https://arxiv.org/abs/2609.28247v1,4aefd19d4f07da920d3c7a022c993e4bcd75f62364d741900f544d72efbc4d64,1308
intent-vs-fact/arxiv:2609.28250v1/abstract,intent-vs-fact,arxiv-abstracts,arxiv:2609.28250v1,abstract,en,https://arxiv.org/abs/2609.28250v1,b8e1cc87e6fe3c0d97857b66935b9dce7b7400a07ca7bf0d86b0c288cb2005e7,1183
intent-vs-fact/arxiv:2609.28256v1/abstract,intent-vs-fact,arxiv-abstracts,arxiv:2609.28256v1,abstract,en,https://arxiv.org/abs/2609.28256v1,a40b724d8d67cc77d6fd20f0a7e2a563c97e4355355d44aebabef86a2f79d6f1,1456
intent-vs-fact/arxiv:2609.28270v1/abstract,intent-vs-fact,arxiv-abstracts,arxiv:2609.28270v1,abstract,en,https://arxiv.org/abs/2609.28270v1,5f45effcdc05e55a0d5b7ce6f71a5a688121d22994c7130a8224f219203c0d5f,1515
intent-vs-fact/arxiv:2609.28272v1/abstract,intent-vs-fact,arxiv-abstracts,arxiv:2609.28272v1,abstract,en,https://arxiv.org/abs/2609.28272v1,f3cacb81450b2abaa509a6424299764e0d4e4a052f32d46098da28bf3de1045b,1423
intent-vs-fact/arxiv:2609.28274v1/abstract,intent-vs-fact,arxiv-abstracts,arxiv:2609.28274v1,abstract,en,https://arxiv.org/abs/2609.28274v1,581ad62266090b08ddeee7fc7107bb8530bc70e3b834d9be46fa42d6ac0fd740,1382
intent-vs-fact/arxiv:2609.28290v1/abstract,intent-vs-fact,arxiv-abstracts,arxiv:2609.28290v1,abstract,en,https://arxiv.org/abs/2609.28290v1,b0fbeaf00f4a1f7a3179d247b14b93643343f38791ed02085df767bd36d8df74,1704
intent-vs-fact/arxiv:2609.28322v2/abstract,intent-vs-fact,arxiv-abstracts,arxiv:2609.28322v2,abstract,en,https://arxiv.org/abs/2609.28322v2,ee634e9d699e9dd5eb7418bfa51d8847bc795823ed2bc5847147a31744f7b9c3,1437
intent-vs-fact/arxiv:2609.28335v1/abstract,intent-vs-fact,arxiv-abstracts,arxiv:2609.28335v1,abstract,en,https://arxiv.org/abs/2609.28335v1,4f089ce9af1d8dc94e887aa1c3862cce0e26f704799a5baffda6a6bc987119b1,1338
intent-vs-fact/arxiv:2609.28344v1/abstract,intent-vs-fact,arxiv-abstracts,arxiv:2609.28344v1,abstract,en,https://arxiv.org/abs/2609.28344v1,9fbf96d2196c925d9175067036aa75cbeb642fdc107b6b3abb052dccc9ce34b6,1301
intent-vs-fact/arxiv:2609.28352v1/abstract,intent-vs-fact,arxiv-abstracts,arxiv:2609.28352v1,abstract,en,https://arxiv.org/abs/2609.28352v1,374d44f8235173c6d1391bd83da1acc8bce8261a05b0d50ad88a6eb71d27021b,1571
intent-vs-fact/arxiv:2609.28358v1/abstract,intent-vs-fact,arxiv-abstracts,arxiv:2609.28358v1,abstract,en,https://arxiv.org/abs/2609.28358v1,ed6756341af198f52c7103c6c209ba887ebbb6beac73f327958fb2e7c94ba7ed,1439
intent-vs-fact/arxiv:2609.28366v1/abstract,intent-vs-fact,arxiv-abstracts,arxiv:2609.28366v1,abstract,en,https://arxiv.org/abs/2609.28366v1,97e593e7723d1ae839c0b50c95bad8c4d545fdb529790c52caa0da8c547a54e0,1424
intent-vs-fact/arxiv:2609.28372v1/abstract,intent-vs-fact,arxiv-abstracts,arxiv:2609.28372v1,abstract,en,https://arxiv.org/abs/2609.28372v1,9add5da7b158c89a314eee073846f38d858835521ca5182bfe78adc1e8b9c87e,1042
intent-vs-fact/arxiv:2609.28385v1/abstract,intent-vs-fact,arxiv-abstracts,arxiv:2609.28385v1,abstract,en,https://arxiv.org/abs/2609.28385v1,405ba2c2dc53e7d95e1e3228b374042c50ba1f181cf62de6e61ed645994fa8bc,1710
intent-vs-fact/arxiv:2609.28395v1/abstract,intent-vs-fact,arxiv-abstracts,arxiv:2609.28395v1,abstract,en,https://arxiv.org/abs/2609.28395v1,bcaed9da8a3587f09ca93f54ee9109582e602b379c536337a1611d5b78926065,1112
intent-vs-fact/arxiv:2609.28409v1/abstract,intent-vs-fact,arxiv-abstracts,arxiv:2609.28409v1,abstract,en,https://arxiv.org/abs/2609.28409v1,aca1f65868f938ed7ab9cf31d6a5e4a435f01574f03490f739489ceb3d839150,1006
intent-vs-fact/arxiv:2609.28414v1/abstract,intent-vs-fact,arxiv-abstracts,arxiv:2609.28414v1,abstract,en,https://arxiv.org/abs/2609.28414v1,cd4fd7f7777e5dcef545cebd32ec745ec9c65540eed499a78c7725bba346f11f,1025
intent-vs-fact/arxiv:2609.28416v1/abstract,intent-vs-fact,arxiv-abstracts,arxiv:2609.28416v1,abstract,en,https://arxiv.org/abs/2609.28416v1,05e9e89e9c76800916520d1697dcdbd5540595421294bcb5fa18e0c748851ab8,1642
intent-vs-fact/arxiv:2609.28430v1/abstract,intent-vs-fact,arxiv-abstracts,arxiv:2609.28430v1,abstract,en,https://arxiv.org/abs/2609.28430v1,6773eac47736b85bb205939674068f26fe333e2ae019a3a94d6c7e234c412942,1538
intent-vs-fact/arxiv:2609.28442v1/abstract,intent-vs-fact,arxiv-abstracts,arxiv:2609.28442v1,abstract,en,https://arxiv.org/abs/2609.28442v1,25ba20ce4b13b72eeb919cd7b52410794a4ab73a97c14cbb6a34cf12ce95ebc8,1247
intent-vs-fact/arxiv:2609.28449v1/abstract,intent-vs-fact,arxiv-abstracts,arxiv:2609.28449v1,abstract,en,https://arxiv.org/abs/2609.28449v1,2b3b5bcc96848e5377032c6a21db1365c76d6ee0ce615d07baac6faa1fb7d523,1397
intent-vs-fact/arxiv:2609.28467v1/abstract,intent-vs-fact,arxiv-abstracts,arxiv:2609.28467v1,abstract,en,https://arxiv.org/abs/2609.28467v1,b0fd68cdd2969aec1624516e8ee7964ffa07226656ff19b5750d0abf04211caa,1281
intent-vs-fact/arxiv:2609.28470v1/abstract,intent-vs-fact,arxiv-abstracts,arxiv:2609.28470v1,abstract,en,https://arxiv.org/abs/2609.28470v1,f3e58f67ea122fee12ec3df76953ec1349416860e7fd3f48a6f151a992a21509,1612
intent-vs-fact/arxiv:2609.28471v1/abstract,intent-vs-fact,arxiv-abstracts,arxiv:2609.28471v1,abstract,en,https://arxiv.org/abs/2609.28471v1,afc7337c23d8058befba7ef0c1cf76786613a2b3805363810897d985e01e9529,465
intent-vs-fact/arxiv:2609.28547v1/abstract,intent-vs-fact,arxiv-abstracts,arxiv:2609.28547v1,abstract,en,https://arxiv.org/abs/2609.28547v1,8a10d1ee7f830f48d0d4cde026c55a7aea0088c7564932ff5139e899a5f1e9aa,1519
intent-vs-fact/arxiv:2609.28693v1/abstract,intent-vs-fact,arxiv-abstracts,arxiv:2609.28693v1,abstract,en,https://arxiv.org/abs/2609.28693v1,7d05f6265d7b969c6b406f3465974cf898ec064612b1a596209ed1b4eb36209d,1695
intent-vs-fact/arxiv:2609.28900v1/abstract,intent-vs-fact,arxiv-abstracts,arxiv:2609.28900v1,abstract,en,https://arxiv.org/abs/2609.28900v1,375bd7d1f7b8bf82c2c9f58fce9d7de8afc90132c9b506001e7d8ee9a4a34c06,1893
intent-vs-fact/arxiv:2609.29014v1/abstract,intent-vs-fact,arxiv-abstracts,arxiv:2609.29014v1,abstract,en,https://arxiv.org/abs/2609.29014v1,16d1abe1a8940fcbf95cc00e66b90b3cb6fb323879da09d0cdc4bfdf52821155,1145
intent-vs-fact/arxiv:2609.29143v1/abstract,intent-vs-fact,arxiv-abstracts,arxiv:2609.29143v1,abstract,en,https://arxiv.org/abs/2609.29143v1,01db086c6fd90e4b6fcd616935b44b8abeccf344ffebf7d525e5d0c54ca0a6a6,1459
intent-vs-fact/arxiv:2609.29423v1/abstract,intent-vs-fact,arxiv-abstracts,arxiv:2609.29423v1,abstract,en,https://arxiv.org/abs/2609.29423v1,f44437f5c0d7eba935a44a3bbb0a2ca9158a59b427ba6c03d8b493ade205730f,1888
intent-vs-fact/arxiv:2609.29804v1/abstract,intent-vs-fact,arxiv-abstracts,arxiv:2609.29804v1,abstract,en,https://arxiv.org/abs/2609.29804v1,1415312f5b2263172b16d35805df0a5a38c235be638bf3ee97f8834b1fe676d0,1329
intent-vs-fact/arxiv:2609.29869v1/abstract,intent-vs-fact,arxiv-abstracts,arxiv:2609.29869v1,abstract,en,https://arxiv.org/abs/2609.29869v1,bd86a80e475a59c2fd00a2342b53cf768d8a67547899cac24eebff4fd0b2720f,773
intent-vs-fact/arxiv:2609.29913v1/abstract,intent-vs-fact,arxiv-abstracts,arxiv:2609.29913v1,abstract,en,https://arxiv.org/abs/2609.29913v1,9a40cb2c63bc9ad5f6bcb237b99e1255cca96706dfe25f1775d9832f0dbac96f,1273
intent-vs-fact/arxiv:2609.29921v1/abstract,intent-vs-fact,arxiv-abstracts,arxiv:2609.29921v1,abstract,en,https://arxiv.org/abs/2609.29921v1,bf64ada9817bb135311aacebc1fb06f1c74158d38227495422944880709771e9,1701
intent-vs-fact/arxiv:2609.29928v1/abstract,intent-vs-fact,arxiv-abstracts,arxiv:2609.29928v1,abstract,en,https://arxiv.org/abs/2609.29928v1,2fa1fa22ef99b66f1606082ce0423ed55e19c01d130d7a354653f0cebea95e71,1491
intent-vs-fact/arxiv:2609.29929v1/abstract,intent-vs-fact,arxiv-abstracts,arxiv:2609.29929v1,abstract,en,https://arxiv.org/abs/2609.29929v1,278c021c496c67fbfd6ab5a29444127bb14f0139558902ea9ed50b0c2e63a804,1220
intent-vs-fact/arxiv:2609.29933v1/abstract,intent-vs-fact,arxiv-abstracts,arxiv:2609.29933v1,abstract,en,https://arxiv.org/abs/2609.29933v1,77c063d0ec3b2c7d16b897be5081b63c66a76fec03adc9325ea20b1ce826aefa,1640
intent-vs-fact/arxiv:2609.29952v1/abstract,intent-vs-fact,arxiv-abstracts,arxiv:2609.29952v1,abstract,en,https://arxiv.org/abs/2609.29952v1,ee73ef89cd4a9e033fa399f3b60b7efa80d9d2fca00099cca21059933faeebad,1898
intent-vs-fact/arxiv:2609.29958v1/abstract,intent-vs-fact,arxiv-abstracts,arxiv:2609.29958v1,abstract,en,https://arxiv.org/abs/2609.29958v1,2ee0cff1a2130e741f8f58d8f65d022d68aecc2e5a48a3f0d8d0877670e2a2c6,741
intent-vs-fact/arxiv:2609.30005v1/abstract,intent-vs-fact,arxiv-abstracts,arxiv:2609.30005v1,abstract,en,https://arxiv.org/abs/2609.30005v1,faa240b84d6e58829bbeeaaaa03e742c90b8dffa2eb5f6b5b29a40c2edce9700,1465
intent-vs-fact/arxiv:2609.30009v1/abstract,intent-vs-fact,arxiv-abstracts,arxiv:2609.30009v1,abstract,en,https://arxiv.org/abs/2609.30009v1,f71ccc79462f7e42a79fce6dffbe1744e7323b7c9aefb5497995a5d9e75a83fb,1737
intent-vs-fact/arxiv:2609.30012v1/abstract,intent-vs-fact,arxiv-abstracts,arxiv:2609.30012v1,abstract,en,https://arxiv.org/abs/2609.30012v1,d3ee1b4f073cb52f3fbaaf6cfcc2efd0a46a84987b8a4a0fb1b9efcdf8d20b79,1758
intent-vs-fact/arxiv:2609.30030v1/abstract,intent-vs-fact,arxiv-abstracts,arxiv:2609.30030v1,abstract,en,https://arxiv.org/abs/2609.30030v1,9789f56a75f4d92d4ee3c49d4c9490a33bc1569af8d44dac71962729411420c3,1054
intent-vs-fact/arxiv:2609.30048v1/abstract,intent-vs-fact,arxiv-abstracts,arxiv:2609.30048v1,abstract,en,https://arxiv.org/abs/2609.30048v1,83959f0daed94ffb717844bb3d56d42685df504b91b22c89c366c0b64c8cfcc4,1330
intent-vs-fact/arxiv:2609.30059v1/abstract,intent-vs-fact,arxiv-abstracts,arxiv:2609.30059v1,abstract,en,https://arxiv.org/abs/2609.30059v1,99f02ef5b8c593329a854ed53e78270bcf1ae35f8a84be369446833852091208,1409
intent-vs-fact/arxiv:2609.30063v1/abstract,intent-vs-fact,arxiv-abstracts,arxiv:2609.30063v1,abstract,en,https://arxiv.org/abs/2609.30063v1,b739693385e575c77e92dff44e1b9ffa79d305a36aa627d4d926a0d2b8003525,1700
intent-vs-fact/arxiv:2609.30071v1/abstract,intent-vs-fact,arxiv-abstracts,arxiv:2609.30071v1,abstract,en,https://arxiv.org/abs/2609.30071v1,dc4755ed46ed1a69cd8daab0503a973160fc58ebfec06a59259bd1ec90ebcb08,1647
intent-vs-fact/arxiv:2609.30074v1/abstract,intent-vs-fact,arxiv-abstracts,arxiv:2609.30074v1,abstract,en,https://arxiv.org/abs/2609.30074v1,ef000fa906b92f652eb934dda4734602d2f2cc4ec1bd4d074af0ab290bad3ca2,1614
intent-vs-fact/arxiv:2609.30075v1/abstract,intent-vs-fact,arxiv-abstracts,arxiv:2609.30075v1,abstract,en,https://arxiv.org/abs/2609.30075v1,8c912e13461d2d993c4097462f2bca356a56eac7f127c0cbb720f571db3c5ae1,1320
intent-vs-fact/arxiv:2609.30079v1/abstract,intent-vs-fact,arxiv-abstracts,arxiv:2609.30079v1,abstract,en,https://arxiv.org/abs/2609.30079v1,05de3851e54c6c580730da6d443600251f92f1ab8afff4c95d09c8ef5f5a4b05,1314
intent-vs-fact/arxiv:2609.30087v1/abstract,intent-vs-fact,arxiv-abstracts,arxiv:2609.30087v1,abstract,en,https://arxiv.org/abs/2609.30087v1,d2efec011fd132f24144ef6096b459b2aef68cb0e0d56bc25a3bd65a6b7ea494,1492
intent-vs-fact/arxiv:2609.30088v1/abstract,intent-vs-fact,arxiv-abstracts,arxiv:2609.30088v1,abstract,en,https://arxiv.org/abs/2609.30088v1,f639f7315a923d1dc7ed5480bb0ce58fa2bc359d867cd5fe9277573385fffbd9,1209
intent-vs-fact/arxiv:2609.30094v2/abstract,intent-vs-fact,arxiv-abstracts,arxiv:2609.30094v2,abstract,en,https://arxiv.org/abs/2609.30094v2,9ca29145fac1b1fd707463257a9c628a97dd71c4ecc2b9b6c6c8d0fe8386a1c1,1110
intent-vs-fact/arxiv:2609.30096v1/abstract,intent-vs-fact,arxiv-abstracts,arxiv:2609.30096v1,abstract,en,https://arxiv.org/abs/2609.30096v1,4a8b36b801386d07997b99c43f6a32188570cf1167b295ce54e23c9be23d9d09,1652
intent-vs-fact/arxiv:2609.30100v1/abstract,intent-vs-fact,arxiv-abstracts,arxiv:2609.30100v1,abstract,en,https://arxiv.org/abs/2609.30100v1,deb8d082f47f5df11a79a1f04a134bb55482a247e749c9c40b0bb518abbf0a79,1391
intent-vs-fact/arxiv:2609.30121v1/abstract,intent-vs-fact,arxiv-abstracts,arxiv:2609.30121v1,abstract,en,https://arxiv.org/abs/2609.30121v1,b1d14349e1e229ae43a2c9cc44fea3b0cb688eb4321fbd351cb73239ea43eb7a,1491
intent-vs-fact/arxiv:2609.30123v1/abstract,intent-vs-fact,arxiv-abstracts,arxiv:2609.30123v1,abstract,en,https://arxiv.org/abs/2609.30123v1,4a6ea3a1d2224fbf877af4db028882aff816a5ffed92dc6c0618625ff7728142,1259
intent-vs-fact/arxiv:2609.30130v1/abstract,intent-vs-fact,arxiv-abstracts,arxiv:2609.30130v1,abstract,en,https://arxiv.org/abs/2609.30130v1,902e7209a10ffb6619a147ef3e192cb8e44c2587887c8fecf89f0aa0841c2d9e,1185
intent-vs-fact/arxiv:2609.30137v1/abstract,intent-vs-fact,arxiv-abstracts,arxiv:2609.30137v1,abstract,en,https://arxiv.org/abs/2609.30137v1,d2e18fb8a0f2339dbd4961b89a5d256f680547bb77726f66c326b9b602d11c2a,1602
intent-vs-fact/arxiv:2609.30144v1/abstract,intent-vs-fact,arxiv-abstracts,arxiv:2609.30144v1,abstract,en,https://arxiv.org/abs/2609.30144v1,93d41f86a30b7d518c13c4657dca64843a49f60b6e7fba954f888a6f752fc992,1037
intent-vs-fact/arxiv:2609.30147v1/abstract,intent-vs-fact,arxiv-abstracts,arxiv:2609.30147v1,abstract,en,https://arxiv.org/abs/2609.30147v1,eb801346f939bf24a80f4ad6180a80e394c491fa233826225d754ec2ebbaf533,1375
intent-vs-fact/arxiv:2609.30151v1/abstract,intent-vs-fact,arxiv-abstracts,arxiv:2609.30151v1,abstract,en,https://arxiv.org/abs/2609.30151v1,c47bb0a7707b70d8894a1c2b0e555e3c9213452cc17904fe3fb0f8f7d84ec736,1890
intent-vs-fact/arxiv:2609.30160v1/abstract,intent-vs-fact,arxiv-abstracts,arxiv:2609.30160v1,abstract,en,https://arxiv.org/abs/2609.30160v1,66f7324540f70d90a73aab1c139bab5f188cbf3342a112677761721d26d51760,1426
intent-vs-fact/arxiv:2609.30167v1/abstract,intent-vs-fact,arxiv-abstracts,arxiv:2609.30167v1,abstract,en,https://arxiv.org/abs/2609.30167v1,dabe764e70971b9f6c10673f0535ff923611c0a904fdf7e563a8ba7aaeb047c3,1085
intent-vs-fact/arxiv:2609.30177v1/abstract,intent-vs-fact,arxiv-abstracts,arxiv:2609.30177v1,abstract,en,https://arxiv.org/abs/2609.30177v1,5e664f56aea20dd4eae358bcf32d815ab76143d7f4e2575a63336591841fde3d,1279
intent-vs-fact/arxiv:2609.30184v1/abstract,intent-vs-fact,arxiv-abstracts,arxiv:2609.30184v1,abstract,en,https://arxiv.org/abs/2609.30184v1,91299ee73eaf51b648ec9bab03ff0c64b038633717367e415cf1a8cfd1410a0a,1056
intent-vs-fact/arxiv:2609.30186v1/abstract,intent-vs-fact,arxiv-abstracts,arxiv:2609.30186v1,abstract,en,https://arxiv.org/abs/2609.30186v1,b387c1cfe77f6e06477415944b3923189a1f0ca30be0680f01815cb65b0067bc,1209
intent-vs-fact/arxiv:2609.30192v1/abstract,intent-vs-fact,arxiv-abstracts,arxiv:2609.30192v1,abstract,en,https://arxiv.org/abs/2609.30192v1,57664e0017a1bcb21a26418bbe87e97151590f4017693b11b454a332f583454d,1581
intent-vs-fact/arxiv:2609.30199v1/abstract,intent-vs-fact,arxiv-abstracts,arxiv:2609.30199v1,abstract,en,https://arxiv.org/abs/2609.30199v1,6ad8375fdc5a7ea424c70d596579d433fa9e11a62c20b2217d5030da93083e2f,1450
intent-vs-fact/arxiv:2609.30205v1/abstract,intent-vs-fact,arxiv-abstracts,arxiv:2609.30205v1,abstract,en,https://arxiv.org/abs/2609.30205v1,8be23ff7eaca772f415b28143e286ca8124f7d8d360f1dd90ab8e4ea8ad40bbe,1376
intent-vs-fact/arxiv:2609.30214v1/abstract,intent-vs-fact,arxiv-abstracts,arxiv:2609.30214v1,abstract,en,https://arxiv.org/abs/2609.30214v1,b0b996745d08716a84a2aa3a9dd8a8a2f8ef698059a6de08d0a73cfee16af5dd,1288
intent-vs-fact/arxiv:2609.30217v1/abstract,intent-vs-fact,arxiv-abstracts,arxiv:2609.30217v1,abstract,en,https://arxiv.org/abs/2609.30217v1,4126c297104332dd4f5302c0405182623ccf040c22924f6edce9d822bf6bb807,1540
intent-vs-fact/arxiv:2609.30218v1/abstract,intent-vs-fact,arxiv-abstracts,arxiv:2609.30218v1,abstract,en,https://arxiv.org/abs/2609.30218v1,2ac941de71b2f2caf4532cb3d4ea95172db96b377f93bd55da60f26e739c090e,1239
intent-vs-fact/arxiv:2609.30219v1/abstract,intent-vs-fact,arxiv-abstracts,arxiv:2609.30219v1,abstract,en,https://arxiv.org/abs/2609.30219v1,79cdf504cf98cf355c237f5521798509b6d0a9c415abb3b9da6485f9ddcb07eb,1702
intent-vs-fact/arxiv:2609.30222v1/abstract,intent-vs-fact,arxiv-abstracts,arxiv:2609.30222v1,abstract,en,https://arxiv.org/abs/2609.30222v1,f50d128765666b5fd0e8cc71156a84a9210ab288d2bf9a21afbce43910e202ac,1580
intent-vs-fact/arxiv:2609.30226v1/abstract,intent-vs-fact,arxiv-abstracts,arxiv:2609.30226v1,abstract,en,https://arxiv.org/abs/2609.30226v1,374647d3b011ccf2253d86806da76bf7894d747db8382f044fcf5d572246e4da,1493
intent-vs-fact/arxiv:2609.30227v1/abstract,intent-vs-fact,arxiv-abstracts,arxiv:2609.30227v1,abstract,en,https://arxiv.org/abs/2609.30227v1,bafac22ec2c84f9004aac42c744014981f9ad7304cf15698fe5531f4e3c54b50,1392
intent-vs-fact/arxiv:2609.30233v1/abstract,intent-vs-fact,arxiv-abstracts,arxiv:2609.30233v1,abstract,en,https://arxiv.org/abs/2609.30233v1,aefa22907b422cf8c095091f0e1e0918c0d0138ca45a68d1733a1c70e24f6a31,1856
intent-vs-fact/arxiv:2609.30238v1/abstract,intent-vs-fact,arxiv-abstracts,arxiv:2609.30238v1,abstract,en,https://arxiv.org/abs/2609.30238v1,5b981237f4419009fc67d3a858f13f40df7bf3237f021ba38ccb6ecfc9f7d4af,1672
intent-vs-fact/arxiv:2609.30243v1/abstract,intent-vs-fact,arxiv-abstracts,arxiv:2609.30243v1,abstract,en,https://arxiv.org/abs/2609.30243v1,fcfab8789f551190bfbc522ba834a5205c5f69c0cd8c31391056b3d4926a0d80,1423
intent-vs-fact/arxiv:2609.30247v1/abstract,intent-vs-fact,arxiv-abstracts,arxiv:2609.30247v1,abstract,en,https://arxiv.org/abs/2609.30247v1,c318fc720e0f8667be22ffa3e0e85b6a66e0291fef445efd4ab1f30606d817cf,1155
intent-vs-fact/arxiv:2609.30249v1/abstract,intent-vs-fact,arxiv-abstracts,arxiv:2609.30249v1,abstract,en,https://arxiv.org/abs/2609.30249v1,f36d88b72424bcf6b84880743e77fc7443a98b61cd5e4850c046307665f7cf8c,1538
intent-vs-fact/arxiv:2609.30250v1/abstract,intent-vs-fact,arxiv-abstracts,arxiv:2609.30250v1,abstract,en,https://arxiv.org/abs/2609.30250v1,3584ef6a6359fd67f16b28dfce678b0c35aea24cc13390f7411abcaced4da548,1679
intent-vs-fact/arxiv:2609.30264v2/abstract,intent-vs-fact,arxiv-abstracts,arxiv:2609.30264v2,abstract,en,https://arxiv.org/abs/2609.30264v2,83ca1412c3ee07170682ff5d4d997469e6bbfd7cf8e901d6dd5afaae49af4d15,1576
intent-vs-fact/arxiv:2609.30266v1/abstract,intent-vs-fact,arxiv-abstracts,arxiv:2609.30266v1,abstract,en,https://arxiv.org/abs/2609.30266v1,dc9a5e5aadfee3b95f749b76d84a84a306f5281e7575b81182ea66c4320292f8,1058
