document_id,image,row,scale
intent-vs-fact/arxiv:2607.26722v2/abstract,vectors-0001.png,0,0.005536103149606299
intent-vs-fact/arxiv:2607.26917v1/abstract,vectors-0001.png,1,0.005382515275590551
intent-vs-fact/arxiv:2607.27177v1/abstract,vectors-0001.png,2,0.005505091102362205
intent-vs-fact/arxiv:2607.27429v1/abstract,vectors-0001.png,3,0.005484348031496064
intent-vs-fact/arxiv:2607.27484v1/abstract,vectors-0001.png,4,0.005727432283464567
intent-vs-fact/arxiv:2607.27512v1/abstract,vectors-0001.png,5,0.005623322283464566
intent-vs-fact/arxiv:2607.27536v1/abstract,vectors-0001.png,6,0.005534454566929134
intent-vs-fact/arxiv:2607.27556v1/abstract,vectors-0001.png,7,0.00546275157480315
intent-vs-fact/arxiv:2607.27574v1/abstract,vectors-0001.png,8,0.005575118897637795
intent-vs-fact/arxiv:2607.27677v1/abstract,vectors-0001.png,9,0.005338377165354331
intent-vs-fact/arxiv:2607.27942v1/abstract,vectors-0001.png,10,0.005589413385826771
intent-vs-fact/arxiv:2607.27946v1/abstract,vectors-0001.png,11,0.005592981102362204
intent-vs-fact/arxiv:2607.27958v1/abstract,vectors-0001.png,12,0.005575918897637795
intent-vs-fact/arxiv:2607.28242v1/abstract,vectors-0001.png,13,0.005054887795275591
intent-vs-fact/arxiv:2607.28430v1/abstract,vectors-0001.png,14,0.0055470302362204725
intent-vs-fact/arxiv:2607.28520v1/abstract,vectors-0001.png,15,0.0056233068503937006
intent-vs-fact/arxiv:2607.28553v1/abstract,vectors-0001.png,16,0.00548705622047244
intent-vs-fact/arxiv:2607.28575v1/abstract,vectors-0001.png,17,0.005425080078740158
intent-vs-fact/arxiv:2607.28601v1/abstract,vectors-0001.png,18,0.0051414149606299215
intent-vs-fact/arxiv:2607.28679v1/abstract,vectors-0001.png,19,0.005432660629921259
intent-vs-fact/arxiv:2607.28836v1/abstract,vectors-0001.png,20,0.005344511023622048
intent-vs-fact/arxiv:2607.28841v1/abstract,vectors-0001.png,21,0.005418164015748031
intent-vs-fact/arxiv:2607.28957v1/abstract,vectors-0001.png,22,0.0055572307086614176
intent-vs-fact/arxiv:2607.28986v1/abstract,vectors-0001.png,23,0.005712079212598425
intent-vs-fact/arxiv:2607.29032v1/abstract,vectors-0001.png,24,0.005727145118110236
intent-vs-fact/arxiv:2607.29055v1/abstract,vectors-0001.png,25,0.005369685826771654
intent-vs-fact/arxiv:2607.29065v1/abstract,vectors-0001.png,26,0.0054827842519685034
intent-vs-fact/arxiv:2607.29066v1/abstract,vectors-0001.png,27,0.005382021574803149
intent-vs-fact/arxiv:2607.29079v1/abstract,vectors-0001.png,28,0.0058849023622047246
intent-vs-fact/arxiv:2607.29082v1/abstract,vectors-0001.png,29,0.005452024409448819
intent-vs-fact/arxiv:2607.29125v1/abstract,vectors-0001.png,30,0.0050512732283464565
intent-vs-fact/arxiv:2607.29168v2/abstract,vectors-0001.png,31,0.005538866929133858
intent-vs-fact/arxiv:2607.29185v1/abstract,vectors-0001.png,32,0.005442257480314961
intent-vs-fact/arxiv:2607.29188v1/abstract,vectors-0001.png,33,0.0058395078740157485
intent-vs-fact/arxiv:2607.29196v2/abstract,vectors-0001.png,34,0.005567648031496062
intent-vs-fact/arxiv:2607.29211v1/abstract,vectors-0001.png,35,0.0057603456692913385
intent-vs-fact/arxiv:2607.29238v2/abstract,vectors-0001.png,36,0.005440294488188976
intent-vs-fact/arxiv:2607.29241v1/abstract,vectors-0001.png,37,0.005552945669291339
intent-vs-fact/arxiv:2607.29250v1/abstract,vectors-0001.png,38,0.005522938188976379
intent-vs-fact/arxiv:2607.29252v1/abstract,vectors-0001.png,39,0.005853849133858268
intent-vs-fact/arxiv:2607.29274v1/abstract,vectors-0001.png,40,0.005620490551181102
intent-vs-fact/arxiv:2607.29287v1/abstract,vectors-0001.png,41,0.005543200787401574
intent-vs-fact/arxiv:2607.29347v1/abstract,vectors-0001.png,42,0.0052566025984251965
intent-vs-fact/arxiv:2607.29353v1/abstract,vectors-0001.png,43,0.005325237007874016
intent-vs-fact/arxiv:2607.29355v1/abstract,vectors-0001.png,44,0.0052375307086614175
intent-vs-fact/arxiv:2607.29363v1/abstract,vectors-0001.png,45,0.005845946141732283
intent-vs-fact/arxiv:2607.29377v1/abstract,vectors-0001.png,46,0.005349988976377952
intent-vs-fact/arxiv:2607.29378v1/abstract,vectors-0001.png,47,0.005514432598425197
intent-vs-fact/arxiv:2607.29394v1/abstract,vectors-0001.png,48,0.005421907086614173
intent-vs-fact/arxiv:2607.29397v3/abstract,vectors-0001.png,49,0.005796355118110236
intent-vs-fact/arxiv:2607.29402v1/abstract,vectors-0001.png,50,0.005465885354330708
intent-vs-fact/arxiv:2607.29405v1/abstract,vectors-0001.png,51,0.005512911023622048
intent-vs-fact/arxiv:2607.29419v1/abstract,vectors-0001.png,52,0.005127748818897638
intent-vs-fact/arxiv:2607.29422v1/abstract,vectors-0001.png,53,0.005291003937007874
intent-vs-fact/arxiv:2607.29431v1/abstract,vectors-0001.png,54,0.005679715748031496
intent-vs-fact/arxiv:2607.29433v1/abstract,vectors-0001.png,55,0.0054884571653543305
intent-vs-fact/arxiv:2607.29440v2/abstract,vectors-0001.png,56,0.005247388188976378
intent-vs-fact/arxiv:2607.29445v1/abstract,vectors-0001.png,57,0.005538187401574804
intent-vs-fact/arxiv:2607.29459v1/abstract,vectors-0001.png,58,0.005647405826771654
intent-vs-fact/arxiv:2607.29468v1/abstract,vectors-0001.png,59,0.005421761889763779
intent-vs-fact/arxiv:2607.29484v1/abstract,vectors-0001.png,60,0.005796012598425197
intent-vs-fact/arxiv:2607.29491v2/abstract,vectors-0001.png,61,0.005617314173228346
intent-vs-fact/arxiv:2607.29496v1/abstract,vectors-0001.png,62,0.005714176377952756
intent-vs-fact/arxiv:2607.29516v2/abstract,vectors-0001.png,63,0.00556151968503937
intent-vs-fact/arxiv:2607.29527v1/abstract,vectors-0001.png,64,0.005695633858267717
intent-vs-fact/arxiv:2607.29539v1/abstract,vectors-0001.png,65,0.005527079527559055
intent-vs-fact/arxiv:2607.29549v1/abstract,vectors-0001.png,66,0.005421906299212598
intent-vs-fact/arxiv:2607.29553v1/abstract,vectors-0001.png,67,0.005410295275590551
intent-vs-fact/arxiv:2607.29559v1/abstract,vectors-0001.png,68,0.0055313443307086615
intent-vs-fact/arxiv:2607.29561v1/abstract,vectors-0001.png,69,0.005478910236220473
intent-vs-fact/arxiv:2607.29577v1/abstract,vectors-0001.png,70,0.005541870472440945
intent-vs-fact/arxiv:2607.29585v1/abstract,vectors-0001.png,71,0.005630172440944882
intent-vs-fact/arxiv:2607.29586v1/abstract,vectors-0001.png,72,0.0056629055118110234
intent-vs-fact/arxiv:2607.29591v1/abstract,vectors-0001.png,73,0.005611232283464568
intent-vs-fact/arxiv:2607.29602v2/abstract,vectors-0001.png,74,0.00556341968503937
intent-vs-fact/arxiv:2607.29613v1/abstract,vectors-0001.png,75,0.00553376653543307
intent-vs-fact/arxiv:2607.29614v1/abstract,vectors-0001.png,76,0.00511846220472441
intent-vs-fact/arxiv:2607.29617v1/abstract,vectors-0001.png,77,0.005455655118110236
intent-vs-fact/arxiv:2607.29621v1/abstract,vectors-0001.png,78,0.005469464881889765
intent-vs-fact/arxiv:2607.29624v1/abstract,vectors-0001.png,79,0.005369420157480315
intent-vs-fact/arxiv:2607.29626v1/abstract,vectors-0001.png,80,0.005729738582677165
intent-vs-fact/arxiv:2607.29642v1/abstract,vectors-0001.png,81,0.005611323937007875
intent-vs-fact/arxiv:2607.29657v1/abstract,vectors-0001.png,82,0.005156097637795275
intent-vs-fact/arxiv:2607.29677v2/abstract,vectors-0001.png,83,0.0057583078740157485
intent-vs-fact/arxiv:2607.29678v3/abstract,vectors-0001.png,84,0.005765655905511811
intent-vs-fact/arxiv:2608.00261v1/abstract,vectors-0001.png,85,0.005569502125984252
intent-vs-fact/arxiv:2608.00320v2/abstract,vectors-0001.png,86,0.005709692125984252
intent-vs-fact/arxiv:2608.00426v1/abstract,vectors-0001.png,87,0.005359297165354331
intent-vs-fact/arxiv:2608.00458v1/abstract,vectors-0001.png,88,0.005528050157480316
intent-vs-fact/arxiv:2608.00648v1/abstract,vectors-0001.png,89,0.0056864445669291335
intent-vs-fact/arxiv:2608.00679v1/abstract,vectors-0001.png,90,0.0056597354330708664
intent-vs-fact/arxiv:2608.00718v1/abstract,vectors-0001.png,91,0.005721133543307087
intent-vs-fact/arxiv:2608.00747v2/abstract,vectors-0001.png,92,0.005480845669291338
intent-vs-fact/arxiv:2608.00785v1/abstract,vectors-0001.png,93,0.0056530799999999996
intent-vs-fact/arxiv:2608.00937v1/abstract,vectors-0001.png,94,0.005474719921259842
intent-vs-fact/arxiv:2608.01024v1/abstract,vectors-0001.png,95,0.005470511496062993
intent-vs-fact/arxiv:2608.01085v1/abstract,vectors-0001.png,96,0.005443641732283465
intent-vs-fact/arxiv:2608.01183v1/abstract,vectors-0001.png,97,0.005550285039370079
intent-vs-fact/arxiv:2608.01193v1/abstract,vectors-0001.png,98,0.005435734645669291
intent-vs-fact/arxiv:2608.01222v1/abstract,vectors-0001.png,99,0.005378149606299213
intent-vs-fact/arxiv:2608.01366v2/abstract,vectors-0001.png,100,0.005576824409448819
intent-vs-fact/arxiv:2608.01367v1/abstract,vectors-0001.png,101,0.005557025196850394
intent-vs-fact/arxiv:2608.01369v1/abstract,vectors-0001.png,102,0.005537018503937007
intent-vs-fact/arxiv:2608.01425v1/abstract,vectors-0001.png,103,0.005736287637795276
intent-vs-fact/arxiv:2608.01463v2/abstract,vectors-0001.png,104,0.005628918582677165
intent-vs-fact/arxiv:2608.01499v2/abstract,vectors-0001.png,105,0.005576122047244094
intent-vs-fact/arxiv:2608.01507v1/abstract,vectors-0001.png,106,0.005501176377952756
intent-vs-fact/arxiv:2608.01558v1/abstract,vectors-0001.png,107,0.005572387401574804
intent-vs-fact/arxiv:2608.01868v1/abstract,vectors-0001.png,108,0.005575845669291339
intent-vs-fact/arxiv:2608.02101v1/abstract,vectors-0001.png,109,0.005401748346456693
intent-vs-fact/arxiv:2608.02110v1/abstract,vectors-0001.png,110,0.005753841732283465
intent-vs-fact/arxiv:2608.02123v1/abstract,vectors-0001.png,111,0.005834761417322835
intent-vs-fact/arxiv:2608.02124v1/abstract,vectors-0001.png,112,0.005463443307086614
intent-vs-fact/arxiv:2608.02138v1/abstract,vectors-0001.png,113,0.0055444677165354325
intent-vs-fact/arxiv:2608.02139v2/abstract,vectors-0001.png,114,0.005418334881889764
intent-vs-fact/arxiv:2608.02148v3/abstract,vectors-0001.png,115,0.00549886031496063
intent-vs-fact/arxiv:2608.02178v1/abstract,vectors-0001.png,116,0.005549246850393701
intent-vs-fact/arxiv:2608.02189v1/abstract,vectors-0001.png,117,0.005520872677165355
intent-vs-fact/arxiv:2608.02235v1/abstract,vectors-0001.png,118,0.005469569527559055
intent-vs-fact/arxiv:2608.02310v1/abstract,vectors-0001.png,119,0.005524866929133858
intent-vs-fact/arxiv:2608.02345v3/abstract,vectors-0001.png,120,0.005712152440944882
intent-vs-fact/arxiv:2608.02352v1/abstract,vectors-0001.png,121,0.005533962755905513
intent-vs-fact/arxiv:2608.02353v1/abstract,vectors-0001.png,122,0.005566627007874016
intent-vs-fact/arxiv:2608.02358v1/abstract,vectors-0001.png,123,0.005800651181102363
intent-vs-fact/arxiv:2608.02359v1/abstract,vectors-0001.png,124,0.005711247244094488
intent-vs-fact/arxiv:2608.02372v1/abstract,vectors-0001.png,125,0.005501073228346457
intent-vs-fact/arxiv:2608.02376v2/abstract,vectors-0001.png,126,0.00579870031496063
intent-vs-fact/arxiv:2608.02397v1/abstract,vectors-0001.png,127,0.005586789763779528
intent-vs-fact/arxiv:2608.02402v1/abstract,vectors-0001.png,128,0.0054040593700787395
intent-vs-fact/arxiv:2608.02407v1/abstract,vectors-0001.png,129,0.00510871811023622
intent-vs-fact/arxiv:2608.02409v1/abstract,vectors-0001.png,130,0.005670809448818898
intent-vs-fact/arxiv:2608.02411v1/abstract,vectors-0001.png,131,0.004893112834645669
intent-vs-fact/arxiv:2608.02415v1/abstract,vectors-0001.png,132,0.005472242834645669
intent-vs-fact/arxiv:2608.02422v1/abstract,vectors-0001.png,133,0.005397272440944882
intent-vs-fact/arxiv:2608.02438v1/abstract,vectors-0001.png,134,0.00570686031496063
intent-vs-fact/arxiv:2608.02441v1/abstract,vectors-0001.png,135,0.0053989535433070866
intent-vs-fact/arxiv:2608.02442v1/abstract,vectors-0001.png,136,0.005459100000000001
intent-vs-fact/arxiv:2608.02444v1/abstract,vectors-0001.png,137,0.00560864220472441
intent-vs-fact/arxiv:2608.02454v1/abstract,vectors-0001.png,138,0.005381671968503937
intent-vs-fact/arxiv:2608.02457v1/abstract,vectors-0001.png,139,0.005716358267716536
intent-vs-fact/arxiv:2608.02464v1/abstract,vectors-0001.png,140,0.005796984251968504
intent-vs-fact/arxiv:2608.02470v1/abstract,vectors-0001.png,141,0.00553400031496063
intent-vs-fact/arxiv:2608.02471v2/abstract,vectors-0001.png,142,0.005678987874015749
intent-vs-fact/arxiv:2608.02472v1/abstract,vectors-0001.png,143,0.005185754724409448
intent-vs-fact/arxiv:2608.02486v1/abstract,vectors-0001.png,144,0.00593973188976378
intent-vs-fact/arxiv:2608.02491v2/abstract,vectors-0001.png,145,0.005597867401574802
intent-vs-fact/arxiv:2608.02495v1/abstract,vectors-0001.png,146,0.005566285354330709
intent-vs-fact/arxiv:2608.02499v1/abstract,vectors-0001.png,147,0.005572733070866142
intent-vs-fact/arxiv:2608.02502v1/abstract,vectors-0001.png,148,0.005886073622047245
intent-vs-fact/arxiv:2608.02505v1/abstract,vectors-0001.png,149,0.0061144047244094495
intent-vs-fact/arxiv:2608.02508v3/abstract,vectors-0001.png,150,0.0056444247244094485
intent-vs-fact/arxiv:2608.02509v1/abstract,vectors-0001.png,151,0.005671516535433071
intent-vs-fact/arxiv:2608.02515v2/abstract,vectors-0001.png,152,0.005735162992125984
intent-vs-fact/arxiv:2608.02518v1/abstract,vectors-0001.png,153,0.00549891811023622
intent-vs-fact/arxiv:2608.02519v1/abstract,vectors-0001.png,154,0.005827299212598425
intent-vs-fact/arxiv:2608.02520v1/abstract,vectors-0001.png,155,0.005299328818897638
intent-vs-fact/arxiv:2608.02551v2/abstract,vectors-0001.png,156,0.005852826456692914
intent-vs-fact/arxiv:2608.02553v1/abstract,vectors-0001.png,157,0.005194216535433071
intent-vs-fact/arxiv:2608.02555v1/abstract,vectors-0001.png,158,0.005179659842519685
intent-vs-fact/arxiv:2608.02560v1/abstract,vectors-0001.png,159,0.0056005472440944885
intent-vs-fact/arxiv:2608.02569v1/abstract,vectors-0001.png,160,0.005243385039370079
intent-vs-fact/arxiv:2608.02578v1/abstract,vectors-0001.png,161,0.005746264566929134
intent-vs-fact/arxiv:2608.02583v1/abstract,vectors-0001.png,162,0.005504215748031496
intent-vs-fact/arxiv:2608.02585v2/abstract,vectors-0001.png,163,0.005449931889763779
intent-vs-fact/arxiv:2608.02599v1/abstract,vectors-0001.png,164,0.0054819081889763786
intent-vs-fact/arxiv:2608.02602v1/abstract,vectors-0001.png,165,0.005707411338582677
intent-vs-fact/arxiv:2608.02677v1/abstract,vectors-0001.png,166,0.005786566929133858
intent-vs-fact/arxiv:2608.02758v1/abstract,vectors-0001.png,167,0.005607118897637795
intent-vs-fact/arxiv:2608.02764v2/abstract,vectors-0001.png,168,0.00554391157480315
intent-vs-fact/arxiv:2608.02827v1/abstract,vectors-0001.png,169,0.005560099999999999
intent-vs-fact/arxiv:2608.02959v1/abstract,vectors-0001.png,170,0.005758931496062992
intent-vs-fact/arxiv:2608.02986v1/abstract,vectors-0001.png,171,0.005683802677165355
intent-vs-fact/arxiv:2608.03272v1/abstract,vectors-0001.png,172,0.005451944409448819
intent-vs-fact/arxiv:2608.03421v3/abstract,vectors-0001.png,173,0.005596820787401574
intent-vs-fact/arxiv:2608.03502v2/abstract,vectors-0001.png,174,0.005209758503937008
intent-vs-fact/arxiv:2608.03569v1/abstract,vectors-0001.png,175,0.0055393314960629925
intent-vs-fact/arxiv:2608.03644v1/abstract,vectors-0001.png,176,0.005349278425196851
intent-vs-fact/arxiv:2608.03648v1/abstract,vectors-0001.png,177,0.005627411023622048
intent-vs-fact/arxiv:2608.03711v1/abstract,vectors-0001.png,178,0.005888159842519685
intent-vs-fact/arxiv:2608.03720v1/abstract,vectors-0001.png,179,0.005678912598425197
intent-vs-fact/arxiv:2608.03722v2/abstract,vectors-0001.png,180,0.005741191653543307
intent-vs-fact/arxiv:2608.03729v3/abstract,vectors-0001.png,181,0.0055450459055118115
intent-vs-fact/arxiv:2608.03735v1/abstract,vectors-0001.png,182,0.005698546456692913
intent-vs-fact/arxiv:2608.03745v1/abstract,vectors-0001.png,183,0.00561576094488189
intent-vs-fact/arxiv:2608.03769v1/abstract,vectors-0001.png,184,0.005605983937007873
intent-vs-fact/arxiv:2608.03794v1/abstract,vectors-0001.png,185,0.005639378503937008
intent-vs-fact/arxiv:2608.03796v1/abstract,vectors-0001.png,186,0.005626905118110237
intent-vs-fact/arxiv:2608.03803v1/abstract,vectors-0001.png,187,0.005655529133858268
intent-vs-fact/arxiv:2608.03810v1/abstract,vectors-0001.png,188,0.0055530188976377955
intent-vs-fact/arxiv:2608.03833v1/abstract,vectors-0001.png,189,0.0055137866141732285
intent-vs-fact/arxiv:2608.03838v1/abstract,vectors-0001.png,190,0.005669548267716535
intent-vs-fact/arxiv:2608.03839v1/abstract,vectors-0001.png,191,0.005747445905511811
intent-vs-fact/arxiv:2608.03842v1/abstract,vectors-0001.png,192,0.005988072677165355
intent-vs-fact/arxiv:2608.03844v1/abstract,vectors-0001.png,193,0.0055841
intent-vs-fact/arxiv:2608.03852v1/abstract,vectors-0001.png,194,0.005328229921259842
intent-vs-fact/arxiv:2608.03859v2/abstract,vectors-0001.png,195,0.005542007086614173
intent-vs-fact/arxiv:2608.03860v1/abstract,vectors-0001.png,196,0.0057433364566929134
intent-vs-fact/arxiv:2608.03866v1/abstract,vectors-0001.png,197,0.00541257062992126
intent-vs-fact/arxiv:2608.03868v1/abstract,vectors-0001.png,198,0.005503744094488189
intent-vs-fact/arxiv:2608.03874v1/abstract,vectors-0001.png,199,0.005716971968503937
intent-vs-fact/arxiv:2608.03875v1/abstract,vectors-0001.png,200,0.005593075984251968
intent-vs-fact/arxiv:2608.03882v1/abstract,vectors-0001.png,201,0.005712390551181103
intent-vs-fact/arxiv:2608.03883v1/abstract,vectors-0001.png,202,0.0052845338582677166
intent-vs-fact/arxiv:2608.03884v1/abstract,vectors-0001.png,203,0.005752160629921259
intent-vs-fact/arxiv:2608.03890v1/abstract,vectors-0001.png,204,0.005553341732283465
intent-vs-fact/arxiv:2608.03892v1/abstract,vectors-0001.png,205,0.005699910236220473
intent-vs-fact/arxiv:2608.03898v1/abstract,vectors-0001.png,206,0.005458224409448819
intent-vs-fact/arxiv:2608.03902v2/abstract,vectors-0001.png,207,0.005548575590551182
intent-vs-fact/arxiv:2608.03910v1/abstract,vectors-0001.png,208,0.005249049606299213
intent-vs-fact/arxiv:2608.03913v1/abstract,vectors-0001.png,209,0.005626256692913386
intent-vs-fact/arxiv:2608.03917v1/abstract,vectors-0001.png,210,0.005494542047244095
intent-vs-fact/arxiv:2608.03918v1/abstract,vectors-0001.png,211,0.0055696349606299215
intent-vs-fact/arxiv:2608.03920v1/abstract,vectors-0001.png,212,0.0053698440944881885
intent-vs-fact/arxiv:2608.03921v3/abstract,vectors-0001.png,213,0.005575885433070866
intent-vs-fact/arxiv:2608.03926v1/abstract,vectors-0001.png,214,0.0055928212598425195
intent-vs-fact/arxiv:2608.03930v1/abstract,vectors-0001.png,215,0.005664528818897638
intent-vs-fact/arxiv:2608.03952v2/abstract,vectors-0001.png,216,0.005362916535433071
intent-vs-fact/arxiv:2608.03958v1/abstract,vectors-0001.png,217,0.005519774803149606
intent-vs-fact/arxiv:2608.03961v1/abstract,vectors-0001.png,218,0.0054416656692913385
intent-vs-fact/arxiv:2608.03962v1/abstract,vectors-0001.png,219,0.0055491656692913385
intent-vs-fact/arxiv:2608.03966v2/abstract,vectors-0001.png,220,0.005538085826771654
intent-vs-fact/arxiv:2608.03970v1/abstract,vectors-0001.png,221,0.005595584251968504
intent-vs-fact/arxiv:2608.03972v1/abstract,vectors-0001.png,222,0.005562109763779528
intent-vs-fact/arxiv:2608.03979v1/abstract,vectors-0001.png,223,0.005626095590551181
intent-vs-fact/arxiv:2608.03983v1/abstract,vectors-0001.png,224,0.005643560157480315
intent-vs-fact/arxiv:2608.03984v1/abstract,vectors-0001.png,225,0.005469517007874016
intent-vs-fact/arxiv:2608.03994v1/abstract,vectors-0001.png,226,0.005616709921259843
intent-vs-fact/arxiv:2608.03999v1/abstract,vectors-0001.png,227,0.00567633779527559
intent-vs-fact/arxiv:2608.04001v2/abstract,vectors-0001.png,228,0.005541251181102362
intent-vs-fact/arxiv:2608.04003v1/abstract,vectors-0001.png,229,0.005692135433070867
intent-vs-fact/arxiv:2608.04007v1/abstract,vectors-0001.png,230,0.005762944881889764
intent-vs-fact/arxiv:2608.04008v1/abstract,vectors-0001.png,231,0.005734144094488188
intent-vs-fact/arxiv:2608.04009v2/abstract,vectors-0001.png,232,0.005812848818897638
intent-vs-fact/arxiv:2608.04010v1/abstract,vectors-0001.png,233,0.00556487031496063
intent-vs-fact/arxiv:2608.04038v1/abstract,vectors-0001.png,234,0.005698886614173229
intent-vs-fact/arxiv:2608.04265v1/abstract,vectors-0001.png,235,0.0058557451968503935
intent-vs-fact/arxiv:2608.04270v1/abstract,vectors-0001.png,236,0.005548779921259842
intent-vs-fact/arxiv:2608.04307v1/abstract,vectors-0001.png,237,0.005529767716535433
intent-vs-fact/arxiv:2608.04317v2/abstract,vectors-0001.png,238,0.005461625669291338
intent-vs-fact/arxiv:2608.04318v1/abstract,vectors-0001.png,239,0.005461309842519685
intent-vs-fact/arxiv:2608.04341v1/abstract,vectors-0001.png,240,0.005637829133858268
intent-vs-fact/arxiv:2608.04443v2/abstract,vectors-0001.png,241,0.005491899212598425
intent-vs-fact/arxiv:2608.04507v1/abstract,vectors-0001.png,242,0.005743820866141732
intent-vs-fact/arxiv:2608.04634v1/abstract,vectors-0001.png,243,0.005816646929133858
intent-vs-fact/arxiv:2608.04788v1/abstract,vectors-0001.png,244,0.0054946661417322835
intent-vs-fact/arxiv:2608.04808v1/abstract,vectors-0001.png,245,0.005591207637795276
intent-vs-fact/arxiv:2608.04828v1/abstract,vectors-0001.png,246,0.005686714173228346
intent-vs-fact/arxiv:2608.04847v1/abstract,vectors-0001.png,247,0.005285793700787402
intent-vs-fact/arxiv:2608.04869v2/abstract,vectors-0001.png,248,0.005853353543307086
intent-vs-fact/arxiv:2608.04872v2/abstract,vectors-0001.png,249,0.00564665779527559
intent-vs-fact/arxiv:2608.04885v1/abstract,vectors-0001.png,250,0.005627986929133859
intent-vs-fact/arxiv:2608.04899v1/abstract,vectors-0001.png,251,0.006003692913385827
intent-vs-fact/arxiv:2608.04904v2/abstract,vectors-0001.png,252,0.005448602755905512
intent-vs-fact/arxiv:2608.04926v1/abstract,vectors-0001.png,253,0.005433799685039369
intent-vs-fact/arxiv:2608.04928v1/abstract,vectors-0001.png,254,0.005625227559055118
intent-vs-fact/arxiv:2608.04934v1/abstract,vectors-0001.png,255,0.005420471653543307
intent-vs-fact/arxiv:2608.04939v1/abstract,vectors-0001.png,256,0.005516214173228347
intent-vs-fact/arxiv:2608.04945v1/abstract,vectors-0001.png,257,0.005355392362204724
intent-vs-fact/arxiv:2608.04949v1/abstract,vectors-0001.png,258,0.005547156692913386
intent-vs-fact/arxiv:2608.04962v1/abstract,vectors-0001.png,259,0.005638781889763779
intent-vs-fact/arxiv:2608.04964v1/abstract,vectors-0001.png,260,0.005575558818897638
intent-vs-fact/arxiv:2608.04975v1/abstract,vectors-0001.png,261,0.00543529968503937
intent-vs-fact/arxiv:2608.04980v1/abstract,vectors-0001.png,262,0.005514950708661417
intent-vs-fact/arxiv:2608.04999v1/abstract,vectors-0001.png,263,0.005466447559055118
intent-vs-fact/arxiv:2608.05004v1/abstract,vectors-0001.png,264,0.005503768031496064
intent-vs-fact/arxiv:2608.05013v1/abstract,vectors-0001.png,265,0.005526025196850394
intent-vs-fact/arxiv:2608.05015v1/abstract,vectors-0001.png,266,0.005991967716535433
intent-vs-fact/arxiv:2608.05018v3/abstract,vectors-0001.png,267,0.005587617322834646
intent-vs-fact/arxiv:2608.05026v1/abstract,vectors-0001.png,268,0.005413040393700788
intent-vs-fact/arxiv:2608.05028v1/abstract,vectors-0001.png,269,0.0056893168503937015
intent-vs-fact/arxiv:2608.05030v1/abstract,vectors-0001.png,270,0.0055326960629921255
intent-vs-fact/arxiv:2608.05045v1/abstract,vectors-0001.png,271,0.005771797952755906
intent-vs-fact/arxiv:2608.05050v1/abstract,vectors-0001.png,272,0.005319912598425197
intent-vs-fact/arxiv:2608.05054v1/abstract,vectors-0001.png,273,0.005440307874015748
intent-vs-fact/arxiv:2608.05060v1/abstract,vectors-0001.png,274,0.005625447244094488
intent-vs-fact/arxiv:2608.05063v1/abstract,vectors-0001.png,275,0.005066903937007874
intent-vs-fact/arxiv:2608.05064v1/abstract,vectors-0001.png,276,0.005743696456692914
intent-vs-fact/arxiv:2608.05069v1/abstract,vectors-0001.png,277,0.005378770078740157
intent-vs-fact/arxiv:2608.05075v1/abstract,vectors-0001.png,278,0.005355541732283465
intent-vs-fact/arxiv:2608.05076v1/abstract,vectors-0001.png,279,0.0055151511811023625
intent-vs-fact/arxiv:2608.05080v1/abstract,vectors-0001.png,280,0.0055439740157480315
intent-vs-fact/arxiv:2608.05085v1/abstract,vectors-0001.png,281,0.005841184251968504
intent-vs-fact/arxiv:2608.05086v1/abstract,vectors-0001.png,282,0.00547746062992126
intent-vs-fact/arxiv:2608.05095v1/abstract,vectors-0001.png,283,0.0055348028346456695
intent-vs-fact/arxiv:2608.05097v1/abstract,vectors-0001.png,284,0.0057308396850393704
intent-vs-fact/arxiv:2608.05102v1/abstract,vectors-0001.png,285,0.005472637795275591
intent-vs-fact/arxiv:2608.05107v1/abstract,vectors-0001.png,286,0.005108025196850394
intent-vs-fact/arxiv:2608.05110v1/abstract,vectors-0001.png,287,0.005671525984251969
intent-vs-fact/arxiv:2608.05115v1/abstract,vectors-0001.png,288,0.005378539606299212
intent-vs-fact/arxiv:2608.05124v1/abstract,vectors-0001.png,289,0.005669927559055118
intent-vs-fact/arxiv:2608.05126v1/abstract,vectors-0001.png,290,0.005200164960629921
intent-vs-fact/arxiv:2608.05127v2/abstract,vectors-0001.png,291,0.00574595062992126
intent-vs-fact/arxiv:2608.05131v2/abstract,vectors-0001.png,292,0.005620109448818898
intent-vs-fact/arxiv:2608.05138v1/abstract,vectors-0001.png,293,0.0054198277952755905
intent-vs-fact/arxiv:2608.05139v1/abstract,vectors-0001.png,294,0.005527164960629921
intent-vs-fact/arxiv:2608.05141v1/abstract,vectors-0001.png,295,0.005428094488188976
intent-vs-fact/arxiv:2608.05144v2/abstract,vectors-0001.png,296,0.005696940157480315
intent-vs-fact/arxiv:2608.05148v1/abstract,vectors-0001.png,297,0.005556268976377953
intent-vs-fact/arxiv:2608.05375v1/abstract,vectors-0001.png,298,0.0052742905511811026
intent-vs-fact/arxiv:2608.05391v1/abstract,vectors-0001.png,299,0.005602269685039371
intent-vs-fact/arxiv:2608.05422v1/abstract,vectors-0001.png,300,0.0055171894488188974
intent-vs-fact/arxiv:2608.05588v1/abstract,vectors-0001.png,301,0.005624175039370079
intent-vs-fact/arxiv:2608.05668v1/abstract,vectors-0001.png,302,0.005418965354330708
intent-vs-fact/arxiv:2608.05791v1/abstract,vectors-0001.png,303,0.00559993937007874
intent-vs-fact/arxiv:2608.05857v1/abstract,vectors-0001.png,304,0.00549945905511811
intent-vs-fact/arxiv:2608.05872v1/abstract,vectors-0001.png,305,0.005488212204724409
intent-vs-fact/arxiv:2608.05876v1/abstract,vectors-0001.png,306,0.005434166141732284
intent-vs-fact/arxiv:2608.05884v1/abstract,vectors-0001.png,307,0.005381262677165354
intent-vs-fact/arxiv:2608.05889v1/abstract,vectors-0001.png,308,0.005628979527559055
intent-vs-fact/arxiv:2608.05891v1/abstract,vectors-0001.png,309,0.005322470472440945
intent-vs-fact/arxiv:2608.05906v2/abstract,vectors-0001.png,310,0.005720374803149606
intent-vs-fact/arxiv:2608.05956v1/abstract,vectors-0001.png,311,0.005911351181102362
intent-vs-fact/arxiv:2608.05993v1/abstract,vectors-0001.png,312,0.0055806188976377956
intent-vs-fact/arxiv:2608.06022v1/abstract,vectors-0001.png,313,0.005439374015748032
intent-vs-fact/arxiv:2608.06025v1/abstract,vectors-0001.png,314,0.005573275590551182
intent-vs-fact/arxiv:2608.06027v1/abstract,vectors-0001.png,315,0.005696285433070866
intent-vs-fact/arxiv:2608.06033v1/abstract,vectors-0001.png,316,0.005244711023622047
intent-vs-fact/arxiv:2608.06041v1/abstract,vectors-0001.png,317,0.005516176614173228
intent-vs-fact/arxiv:2608.06069v1/abstract,vectors-0001.png,318,0.005397108110236221
intent-vs-fact/arxiv:2608.06105v1/abstract,vectors-0001.png,319,0.005516423937007874
intent-vs-fact/arxiv:2608.06110v2/abstract,vectors-0001.png,320,0.0057056555905511805
intent-vs-fact/arxiv:2608.06111v1/abstract,vectors-0001.png,321,0.00568386748031496
intent-vs-fact/arxiv:2608.06112v1/abstract,vectors-0001.png,322,0.005576940157480315
intent-vs-fact/arxiv:2608.06123v2/abstract,vectors-0001.png,323,0.00555243125984252
intent-vs-fact/arxiv:2608.06141v1/abstract,vectors-0001.png,324,0.0054374525196850395
intent-vs-fact/arxiv:2608.06167v1/abstract,vectors-0001.png,325,0.005639675590551181
intent-vs-fact/arxiv:2608.06171v1/abstract,vectors-0001.png,326,0.005700331968503937
intent-vs-fact/arxiv:2608.06183v2/abstract,vectors-0001.png,327,0.005342506062992126
intent-vs-fact/arxiv:2608.06196v1/abstract,vectors-0001.png,328,0.005820839921259842
intent-vs-fact/arxiv:2608.06197v1/abstract,vectors-0001.png,329,0.005226385826771654
intent-vs-fact/arxiv:2608.06202v1/abstract,vectors-0001.png,330,0.0054489015748031494
intent-vs-fact/arxiv:2608.06216v2/abstract,vectors-0001.png,331,0.005515920472440945
intent-vs-fact/arxiv:2608.06223v1/abstract,vectors-0001.png,332,0.005349814960629922
intent-vs-fact/arxiv:2608.06227v1/abstract,vectors-0001.png,333,0.005466114960629921
intent-vs-fact/arxiv:2608.06236v1/abstract,vectors-0001.png,334,0.005599855118110236
intent-vs-fact/arxiv:2608.06240v1/abstract,vectors-0001.png,335,0.005741797086614173
intent-vs-fact/arxiv:2608.06243v2/abstract,vectors-0001.png,336,0.00557283811023622
intent-vs-fact/arxiv:2608.06252v2/abstract,vectors-0001.png,337,0.005426434645669291
intent-vs-fact/arxiv:2608.06265v1/abstract,vectors-0001.png,338,0.005727422519685039
intent-vs-fact/arxiv:2608.06270v2/abstract,vectors-0001.png,339,0.005646764566929134
intent-vs-fact/arxiv:2608.06291v1/abstract,vectors-0001.png,340,0.005381203543307086
intent-vs-fact/arxiv:2608.06292v1/abstract,vectors-0001.png,341,0.005529397637795275
intent-vs-fact/arxiv:2608.06294v1/abstract,vectors-0001.png,342,0.005546355118110236
intent-vs-fact/arxiv:2608.06300v1/abstract,vectors-0001.png,343,0.0056517067716535425
intent-vs-fact/arxiv:2608.06301v1/abstract,vectors-0001.png,344,0.005595189763779527
intent-vs-fact/arxiv:2608.06305v2/abstract,vectors-0001.png,345,0.00582330157480315
intent-vs-fact/arxiv:2608.06310v1/abstract,vectors-0001.png,346,0.00517479031496063
intent-vs-fact/arxiv:2608.06311v1/abstract,vectors-0001.png,347,0.005511259448818898
intent-vs-fact/arxiv:2608.06312v1/abstract,vectors-0001.png,348,0.0055591060629921266
intent-vs-fact/arxiv:2608.06329v1/abstract,vectors-0001.png,349,0.005379324409448818
intent-vs-fact/arxiv:2608.06331v1/abstract,vectors-0001.png,350,0.0055092892125984255
intent-vs-fact/arxiv:2608.06346v1/abstract,vectors-0001.png,351,0.005707181338582678
intent-vs-fact/arxiv:2608.06347v1/abstract,vectors-0001.png,352,0.005490451181102363
intent-vs-fact/arxiv:2608.06351v1/abstract,vectors-0001.png,353,0.005217629606299213
intent-vs-fact/arxiv:2608.06352v1/abstract,vectors-0001.png,354,0.005658905511811024
intent-vs-fact/arxiv:2608.06353v1/abstract,vectors-0001.png,355,0.005785729133858267
intent-vs-fact/arxiv:2608.06361v1/abstract,vectors-0001.png,356,0.005584610236220472
intent-vs-fact/arxiv:2608.06362v1/abstract,vectors-0001.png,357,0.00558699842519685
intent-vs-fact/arxiv:2608.06363v1/abstract,vectors-0001.png,358,0.005434295826771654
intent-vs-fact/arxiv:2608.06364v1/abstract,vectors-0001.png,359,0.005112932283464567
intent-vs-fact/arxiv:2608.06366v1/abstract,vectors-0001.png,360,0.005596770866141732
intent-vs-fact/arxiv:2608.06370v1/abstract,vectors-0001.png,361,0.005511699212598425
intent-vs-fact/arxiv:2608.06377v1/abstract,vectors-0001.png,362,0.0057683892125984255
intent-vs-fact/arxiv:2608.06694v1/abstract,vectors-0001.png,363,0.005448405511811024
intent-vs-fact/arxiv:2608.06702v1/abstract,vectors-0001.png,364,0.005581354094488189
intent-vs-fact/arxiv:2608.06865v1/abstract,vectors-0001.png,365,0.0054090351181102355
intent-vs-fact/arxiv:2608.06975v1/abstract,vectors-0001.png,366,0.0058909311811023626
intent-vs-fact/arxiv:2608.06977v1/abstract,vectors-0001.png,367,0.005461368503937008
intent-vs-fact/arxiv:2608.06992v2/abstract,vectors-0001.png,368,0.005409044094488189
intent-vs-fact/arxiv:2608.07006v1/abstract,vectors-0001.png,369,0.0056179858267716536
intent-vs-fact/arxiv:2608.07023v1/abstract,vectors-0001.png,370,0.005523172440944882
intent-vs-fact/arxiv:2608.07067v1/abstract,vectors-0001.png,371,0.0054396354330708665
intent-vs-fact/arxiv:2608.07110v1/abstract,vectors-0001.png,372,0.005451211338582678
intent-vs-fact/arxiv:2608.07204v1/abstract,vectors-0001.png,373,0.005614101889763779
intent-vs-fact/arxiv:2608.07208v1/abstract,vectors-0001.png,374,0.0056963976377952755
intent-vs-fact/arxiv:2608.07213v1/abstract,vectors-0001.png,375,0.0058289020472440944
intent-vs-fact/arxiv:2608.07222v1/abstract,vectors-0001.png,376,0.005400062992125984
intent-vs-fact/arxiv:2608.07243v1/abstract,vectors-0001.png,377,0.0052746806299212605
intent-vs-fact/arxiv:2608.07249v1/abstract,vectors-0001.png,378,0.005888324409448819
intent-vs-fact/arxiv:2608.07250v1/abstract,vectors-0001.png,379,0.005455313385826771
intent-vs-fact/arxiv:2608.07261v3/abstract,vectors-0001.png,380,0.005759773779527559
intent-vs-fact/arxiv:2608.07280v1/abstract,vectors-0001.png,381,0.0054042488188976385
intent-vs-fact/arxiv:2608.07282v1/abstract,vectors-0001.png,382,0.0052671858267716535
intent-vs-fact/arxiv:2608.07283v1/abstract,vectors-0001.png,383,0.005687826299212598
intent-vs-fact/arxiv:2608.07295v1/abstract,vectors-0001.png,384,0.005627590866141732
intent-vs-fact/arxiv:2608.07316v1/abstract,vectors-0001.png,385,0.00550218031496063
intent-vs-fact/arxiv:2608.07341v1/abstract,vectors-0001.png,386,0.005536898425196851
intent-vs-fact/arxiv:2608.07346v4/abstract,vectors-0001.png,387,0.0053947748031496065
intent-vs-fact/arxiv:2608.07353v1/abstract,vectors-0001.png,388,0.0054268118110236225
intent-vs-fact/arxiv:2608.07359v1/abstract,vectors-0001.png,389,0.005372219212598425
intent-vs-fact/arxiv:2608.07363v1/abstract,vectors-0001.png,390,0.0056247118110236225
intent-vs-fact/arxiv:2608.07364v1/abstract,vectors-0001.png,391,0.005235645669291339
intent-vs-fact/arxiv:2608.07367v1/abstract,vectors-0001.png,392,0.005516895590551181
intent-vs-fact/arxiv:2608.07368v1/abstract,vectors-0001.png,393,0.0055712023622047245
intent-vs-fact/arxiv:2608.07370v2/abstract,vectors-0001.png,394,0.005380349606299213
intent-vs-fact/arxiv:2608.07371v1/abstract,vectors-0001.png,395,0.005748510236220472
intent-vs-fact/arxiv:2608.07378v1/abstract,vectors-0001.png,396,0.005222838188976378
intent-vs-fact/arxiv:2608.07383v1/abstract,vectors-0001.png,397,0.005580607874015747
intent-vs-fact/arxiv:2608.07385v1/abstract,vectors-0001.png,398,0.005669866929133858
intent-vs-fact/arxiv:2608.07395v1/abstract,vectors-0001.png,399,0.005649581102362205
intent-vs-fact/arxiv:2608.07400v1/abstract,vectors-0001.png,400,0.005643053779527559
intent-vs-fact/arxiv:2608.07403v1/abstract,vectors-0001.png,401,0.005423456692913386
intent-vs-fact/arxiv:2608.07405v1/abstract,vectors-0001.png,402,0.005680508661417323
intent-vs-fact/arxiv:2608.07411v1/abstract,vectors-0001.png,403,0.0052429496062992124
intent-vs-fact/arxiv:2608.07417v1/abstract,vectors-0001.png,404,0.005214779842519685
intent-vs-fact/arxiv:2608.07418v1/abstract,vectors-0001.png,405,0.005484231496062993
intent-vs-fact/arxiv:2608.07424v2/abstract,vectors-0001.png,406,0.005834571653543307
intent-vs-fact/arxiv:2608.07427v1/abstract,vectors-0001.png,407,0.0056931718897637795
intent-vs-fact/arxiv:2608.07429v2/abstract,vectors-0001.png,408,0.005737492913385827
intent-vs-fact/arxiv:2608.07430v1/abstract,vectors-0001.png,409,0.005736844881889764
intent-vs-fact/arxiv:2608.07435v1/abstract,vectors-0001.png,410,0.005542555905511811
intent-vs-fact/arxiv:2608.07436v1/abstract,vectors-0001.png,411,0.005951505511811023
intent-vs-fact/arxiv:2608.07437v1/abstract,vectors-0001.png,412,0.005551542834645669
intent-vs-fact/arxiv:2608.07438v2/abstract,vectors-0001.png,413,0.005502358267716535
intent-vs-fact/arxiv:2608.07439v1/abstract,vectors-0001.png,414,0.005558652755905512
intent-vs-fact/arxiv:2608.07440v3/abstract,vectors-0001.png,415,0.005572929921259842
intent-vs-fact/arxiv:2608.07446v1/abstract,vectors-0001.png,416,0.005465408976377952
intent-vs-fact/arxiv:2608.07449v1/abstract,vectors-0001.png,417,0.005618935039370079
intent-vs-fact/arxiv:2608.07454v1/abstract,vectors-0001.png,418,0.005473143307086614
intent-vs-fact/arxiv:2608.07457v1/abstract,vectors-0001.png,419,0.005344520472440945
intent-vs-fact/arxiv:2608.07458v1/abstract,vectors-0001.png,420,0.005611963779527559
intent-vs-fact/arxiv:2608.07460v1/abstract,vectors-0001.png,421,0.005494726456692914
intent-vs-fact/arxiv:2608.07688v1/abstract,vectors-0001.png,422,0.005204333070866141
intent-vs-fact/arxiv:2608.07734v2/abstract,vectors-0001.png,423,0.00552970031496063
intent-vs-fact/arxiv:2608.07743v1/abstract,vectors-0001.png,424,0.005662404173228347
intent-vs-fact/arxiv:2608.07810v1/abstract,vectors-0001.png,425,0.0056939941732283466
intent-vs-fact/arxiv:2608.07824v1/abstract,vectors-0001.png,426,0.005524135039370079
intent-vs-fact/arxiv:2608.07940v1/abstract,vectors-0001.png,427,0.005630307874015748
intent-vs-fact/arxiv:2608.07949v1/abstract,vectors-0001.png,428,0.00518699
intent-vs-fact/arxiv:2608.08035v1/abstract,vectors-0001.png,429,0.005212644409448818
intent-vs-fact/arxiv:2608.08077v1/abstract,vectors-0001.png,430,0.005492965354330709
intent-vs-fact/arxiv:2608.08131v1/abstract,vectors-0001.png,431,0.005922033070866142
intent-vs-fact/arxiv:2608.08175v1/abstract,vectors-0001.png,432,0.0055829262992125985
intent-vs-fact/arxiv:2608.08240v1/abstract,vectors-0001.png,433,0.00517935409448819
intent-vs-fact/arxiv:2608.08303v1/abstract,vectors-0001.png,434,0.005587805511811024
intent-vs-fact/arxiv:2608.08389v2/abstract,vectors-0001.png,435,0.005695423622047244
intent-vs-fact/arxiv:2608.08497v1/abstract,vectors-0001.png,436,0.005276355118110236
intent-vs-fact/arxiv:2608.08516v1/abstract,vectors-0001.png,437,0.005426907874015749
intent-vs-fact/arxiv:2608.08601v2/abstract,vectors-0001.png,438,0.005114071653543307
intent-vs-fact/arxiv:2608.08852v1/abstract,vectors-0001.png,439,0.00545343125984252
intent-vs-fact/arxiv:2608.08897v1/abstract,vectors-0001.png,440,0.005596603149606299
intent-vs-fact/arxiv:2608.08995v2/abstract,vectors-0001.png,441,0.005777802362204724
intent-vs-fact/arxiv:2608.09128v1/abstract,vectors-0001.png,442,0.005463363779527559
intent-vs-fact/arxiv:2608.09155v1/abstract,vectors-0001.png,443,0.005933973700787402
intent-vs-fact/arxiv:2608.09251v1/abstract,vectors-0001.png,444,0.005531902834645669
intent-vs-fact/arxiv:2608.09256v1/abstract,vectors-0001.png,445,0.005410987401574803
intent-vs-fact/arxiv:2608.09472v1/abstract,vectors-0001.png,446,0.005456824960629921
intent-vs-fact/arxiv:2608.09539v2/abstract,vectors-0001.png,447,0.005273208346456693
intent-vs-fact/arxiv:2608.09548v2/abstract,vectors-0001.png,448,0.005538823070866142
intent-vs-fact/arxiv:2608.09551v1/abstract,vectors-0001.png,449,0.00556685590551181
intent-vs-fact/arxiv:2608.09568v1/abstract,vectors-0001.png,450,0.0055528078740157485
intent-vs-fact/arxiv:2608.09586v1/abstract,vectors-0001.png,451,0.0052900201574803156
intent-vs-fact/arxiv:2608.09588v1/abstract,vectors-0001.png,452,0.005329083700787402
intent-vs-fact/arxiv:2608.09624v1/abstract,vectors-0001.png,453,0.005910609448818898
intent-vs-fact/arxiv:2608.09638v1/abstract,vectors-0001.png,454,0.005611545669291338
intent-vs-fact/arxiv:2608.09650v1/abstract,vectors-0001.png,455,0.005858876141732284
intent-vs-fact/arxiv:2608.09698v1/abstract,vectors-0001.png,456,0.005566378267716536
intent-vs-fact/arxiv:2608.09703v1/abstract,vectors-0001.png,457,0.0050166874015748035
intent-vs-fact/arxiv:2608.09717v1/abstract,vectors-0001.png,458,0.005255246456692913
intent-vs-fact/arxiv:2608.09745v1/abstract,vectors-0001.png,459,0.005620413385826772
intent-vs-fact/arxiv:2608.09748v2/abstract,vectors-0001.png,460,0.005610288976377953
intent-vs-fact/arxiv:2608.09763v1/abstract,vectors-0001.png,461,0.0055503125984251965
intent-vs-fact/arxiv:2608.09764v1/abstract,vectors-0001.png,462,0.005547844881889764
intent-vs-fact/arxiv:2608.09765v1/abstract,vectors-0001.png,463,0.005428843622047244
intent-vs-fact/arxiv:2608.09766v1/abstract,vectors-0001.png,464,0.005503404330708661
intent-vs-fact/arxiv:2608.09767v1/abstract,vectors-0001.png,465,0.005496046456692913
intent-vs-fact/arxiv:2608.09772v1/abstract,vectors-0001.png,466,0.005650003622047244
intent-vs-fact/arxiv:2608.09775v1/abstract,vectors-0001.png,467,0.005593447716535433
intent-vs-fact/arxiv:2608.09779v1/abstract,vectors-0001.png,468,0.0052680997637795275
intent-vs-fact/arxiv:2608.09790v2/abstract,vectors-0001.png,469,0.0053104288976377955
intent-vs-fact/arxiv:2608.09792v1/abstract,vectors-0001.png,470,0.005521058267716535
intent-vs-fact/arxiv:2608.09801v1/abstract,vectors-0001.png,471,0.0055384044881889765
intent-vs-fact/arxiv:2608.09802v1/abstract,vectors-0001.png,472,0.005324988188976378
intent-vs-fact/arxiv:2608.09805v1/abstract,vectors-0001.png,473,0.005567590551181102
intent-vs-fact/arxiv:2608.09818v1/abstract,vectors-0001.png,474,0.005644448818897637
intent-vs-fact/arxiv:2608.09819v2/abstract,vectors-0001.png,475,0.00540642125984252
intent-vs-fact/arxiv:2608.09826v1/abstract,vectors-0001.png,476,0.00564211811023622
intent-vs-fact/arxiv:2608.09828v1/abstract,vectors-0001.png,477,0.005851510472440945
intent-vs-fact/arxiv:2608.09834v1/abstract,vectors-0001.png,478,0.005414361102362204
intent-vs-fact/arxiv:2608.09836v1/abstract,vectors-0001.png,479,0.00563888377952756
intent-vs-fact/arxiv:2608.09848v1/abstract,vectors-0001.png,480,0.00508723905511811
intent-vs-fact/arxiv:2608.09855v2/abstract,vectors-0001.png,481,0.005642907874015749
intent-vs-fact/arxiv:2608.09857v1/abstract,vectors-0001.png,482,0.0056974043307086615
intent-vs-fact/arxiv:2608.09861v1/abstract,vectors-0001.png,483,0.005408093228346456
intent-vs-fact/arxiv:2608.09867v1/abstract,vectors-0001.png,484,0.005458211811023622
intent-vs-fact/arxiv:2608.09873v1/abstract,vectors-0001.png,485,0.005851242992125984
intent-vs-fact/arxiv:2608.09874v1/abstract,vectors-0001.png,486,0.0052466992125984255
intent-vs-fact/arxiv:2608.09876v1/abstract,vectors-0001.png,487,0.0054294626771653545
intent-vs-fact/arxiv:2608.09885v1/abstract,vectors-0001.png,488,0.0055054745669291345
intent-vs-fact/arxiv:2608.09888v1/abstract,vectors-0001.png,489,0.005307864015748031
intent-vs-fact/arxiv:2608.09893v1/abstract,vectors-0001.png,490,0.005330151496062992
intent-vs-fact/arxiv:2608.09894v1/abstract,vectors-0001.png,491,0.005068342992125985
intent-vs-fact/arxiv:2608.09898v1/abstract,vectors-0001.png,492,0.0056561231496062995
intent-vs-fact/arxiv:2608.09900v2/abstract,vectors-0001.png,493,0.005570144645669291
intent-vs-fact/arxiv:2608.09921v2/abstract,vectors-0001.png,494,0.005597777952755906
intent-vs-fact/arxiv:2608.09925v1/abstract,vectors-0001.png,495,0.005499968818897637
intent-vs-fact/arxiv:2608.09928v1/abstract,vectors-0001.png,496,0.005468887401574803
intent-vs-fact/arxiv:2608.09930v1/abstract,vectors-0001.png,497,0.005552367401574804
intent-vs-fact/arxiv:2608.10030v2/abstract,vectors-0001.png,498,0.005024844881889764
intent-vs-fact/arxiv:2608.10175v1/abstract,vectors-0001.png,499,0.005607955590551181
intent-vs-fact/arxiv:2608.10186v1/abstract,vectors-0001.png,500,0.005632181889763779
intent-vs-fact/arxiv:2608.10262v1/abstract,vectors-0001.png,501,0.005572933385826772
intent-vs-fact/arxiv:2608.10450v3/abstract,vectors-0001.png,502,0.005386789448818897
intent-vs-fact/arxiv:2608.10494v1/abstract,vectors-0001.png,503,0.005507755905511811
intent-vs-fact/arxiv:2608.10509v1/abstract,vectors-0001.png,504,0.005735167401574803
intent-vs-fact/arxiv:2608.10646v1/abstract,vectors-0001.png,505,0.005245744094488189
intent-vs-fact/arxiv:2608.10662v1/abstract,vectors-0001.png,506,0.005471707874015748
intent-vs-fact/arxiv:2608.10714v1/abstract,vectors-0001.png,507,0.0052404322834645675
intent-vs-fact/arxiv:2608.10812v2/abstract,vectors-0001.png,508,0.005378909448818898
intent-vs-fact/arxiv:2608.10875v2/abstract,vectors-0001.png,509,0.005640723070866142
intent-vs-fact/arxiv:2608.10878v3/abstract,vectors-0001.png,510,0.00540041968503937
intent-vs-fact/arxiv:2608.10893v1/abstract,vectors-0001.png,511,0.005926014960629921
intent-vs-fact/arxiv:2608.10908v1/abstract,vectors-0001.png,512,0.005730266141732284
intent-vs-fact/arxiv:2608.10916v1/abstract,vectors-0001.png,513,0.005564867952755906
intent-vs-fact/arxiv:2608.10932v1/abstract,vectors-0001.png,514,0.005438020472440945
intent-vs-fact/arxiv:2608.10939v1/abstract,vectors-0001.png,515,0.005621735984251968
intent-vs-fact/arxiv:2608.10949v1/abstract,vectors-0001.png,516,0.005232359448818898
intent-vs-fact/arxiv:2608.10954v2/abstract,vectors-0001.png,517,0.005777764566929134
intent-vs-fact/arxiv:2608.10963v2/abstract,vectors-0001.png,518,0.005230965118110237
intent-vs-fact/arxiv:2608.10964v1/abstract,vectors-0001.png,519,0.005747225196850394
intent-vs-fact/arxiv:2608.10970v1/abstract,vectors-0001.png,520,0.005492864173228347
intent-vs-fact/arxiv:2608.10974v1/abstract,vectors-0001.png,521,0.0053587837795275595
intent-vs-fact/arxiv:2608.10976v1/abstract,vectors-0001.png,522,0.005546904724409449
intent-vs-fact/arxiv:2608.10983v2/abstract,vectors-0001.png,523,0.005735606299212598
intent-vs-fact/arxiv:2608.10986v1/abstract,vectors-0001.png,524,0.00579665874015748
intent-vs-fact/arxiv:2608.10989v1/abstract,vectors-0001.png,525,0.005773252362204724
intent-vs-fact/arxiv:2608.10996v1/abstract,vectors-0001.png,526,0.005573445669291338
intent-vs-fact/arxiv:2608.11002v1/abstract,vectors-0001.png,527,0.0054096000000000005
intent-vs-fact/arxiv:2608.11006v2/abstract,vectors-0001.png,528,0.005335155433070866
intent-vs-fact/arxiv:2608.11008v2/abstract,vectors-0001.png,529,0.005508391338582677
intent-vs-fact/arxiv:2608.11017v1/abstract,vectors-0001.png,530,0.005455062992125984
intent-vs-fact/arxiv:2608.11022v1/abstract,vectors-0001.png,531,0.005441871181102362
intent-vs-fact/arxiv:2608.11025v2/abstract,vectors-0001.png,532,0.005747633070866141
intent-vs-fact/arxiv:2608.11027v1/abstract,vectors-0001.png,533,0.0056418218110236215
intent-vs-fact/arxiv:2608.11030v1/abstract,vectors-0001.png,534,0.005365651968503937
intent-vs-fact/arxiv:2608.11033v1/abstract,vectors-0001.png,535,0.005276396535433071
intent-vs-fact/arxiv:2608.11036v1/abstract,vectors-0001.png,536,0.005373728346456693
intent-vs-fact/arxiv:2608.11044v1/abstract,vectors-0001.png,537,0.005493625196850394
intent-vs-fact/arxiv:2608.11045v1/abstract,vectors-0001.png,538,0.005285472834645669
intent-vs-fact/arxiv:2608.11047v1/abstract,vectors-0001.png,539,0.005665202362204724
intent-vs-fact/arxiv:2608.11049v1/abstract,vectors-0001.png,540,0.005469676377952756
intent-vs-fact/arxiv:2608.11050v1/abstract,vectors-0001.png,541,0.005331279291338583
intent-vs-fact/arxiv:2608.11053v1/abstract,vectors-0001.png,542,0.005400497165354331
intent-vs-fact/arxiv:2608.11064v1/abstract,vectors-0001.png,543,0.0052645251968503936
intent-vs-fact/arxiv:2608.11066v1/abstract,vectors-0001.png,544,0.005665404724409449
intent-vs-fact/arxiv:2608.11071v1/abstract,vectors-0001.png,545,0.005597779527559055
intent-vs-fact/arxiv:2608.11079v2/abstract,vectors-0001.png,546,0.005495594488188976
intent-vs-fact/arxiv:2608.11080v1/abstract,vectors-0001.png,547,0.00498562157480315
intent-vs-fact/arxiv:2608.11095v1/abstract,vectors-0001.png,548,0.005952646850393701
intent-vs-fact/arxiv:2608.11110v2/abstract,vectors-0001.png,549,0.0057231236220472445
intent-vs-fact/arxiv:2608.11114v1/abstract,vectors-0001.png,550,0.0058738
intent-vs-fact/arxiv:2608.11136v1/abstract,vectors-0001.png,551,0.005392355905511811
intent-vs-fact/arxiv:2608.11138v1/abstract,vectors-0001.png,552,0.005582427874015748
intent-vs-fact/arxiv:2608.11146v1/abstract,vectors-0001.png,553,0.0056042807086614166
intent-vs-fact/arxiv:2608.11167v1/abstract,vectors-0001.png,554,0.005417761417322835
intent-vs-fact/arxiv:2608.11171v1/abstract,vectors-0001.png,555,0.005530927086614173
intent-vs-fact/arxiv:2608.11181v2/abstract,vectors-0001.png,556,0.005576222834645669
intent-vs-fact/arxiv:2608.11191v1/abstract,vectors-0001.png,557,0.005545121023622047
intent-vs-fact/arxiv:2608.11195v3/abstract,vectors-0001.png,558,0.0048799303937007875
intent-vs-fact/arxiv:2608.11197v1/abstract,vectors-0001.png,559,0.005760261889763779
intent-vs-fact/arxiv:2608.11200v1/abstract,vectors-0001.png,560,0.005374
intent-vs-fact/arxiv:2608.11204v1/abstract,vectors-0001.png,561,0.005511241732283465
intent-vs-fact/arxiv:2608.11357v2/abstract,vectors-0001.png,562,0.005740843307086614
intent-vs-fact/arxiv:2608.11407v1/abstract,vectors-0001.png,563,0.005318974409448819
intent-vs-fact/arxiv:2608.11632v1/abstract,vectors-0001.png,564,0.005930191338582677
intent-vs-fact/arxiv:2608.11658v1/abstract,vectors-0001.png,565,0.005784983700787402
intent-vs-fact/arxiv:2608.11679v1/abstract,vectors-0001.png,566,0.005650134645669292
intent-vs-fact/arxiv:2608.11847v2/abstract,vectors-0001.png,567,0.0054912759842519684
intent-vs-fact/arxiv:2608.11878v1/abstract,vectors-0001.png,568,0.005378183464566929
intent-vs-fact/arxiv:2608.11879v1/abstract,vectors-0001.png,569,0.005810413385826772
intent-vs-fact/arxiv:2608.11889v2/abstract,vectors-0001.png,570,0.005373294881889764
intent-vs-fact/arxiv:2608.11895v1/abstract,vectors-0001.png,571,0.005634651968503938
intent-vs-fact/arxiv:2608.11919v1/abstract,vectors-0001.png,572,0.0056010496062992125
intent-vs-fact/arxiv:2608.11922v2/abstract,vectors-0001.png,573,0.005822603937007874
intent-vs-fact/arxiv:2608.11924v1/abstract,vectors-0001.png,574,0.005874635433070866
intent-vs-fact/arxiv:2608.11947v1/abstract,vectors-0001.png,575,0.005713495275590551
intent-vs-fact/arxiv:2608.11981v1/abstract,vectors-0001.png,576,0.0054929303149606305
intent-vs-fact/arxiv:2608.11994v1/abstract,vectors-0001.png,577,0.0058153018110236225
intent-vs-fact/arxiv:2608.12008v1/abstract,vectors-0001.png,578,0.005573906299212598
intent-vs-fact/arxiv:2608.12018v2/abstract,vectors-0001.png,579,0.005672411811023622
intent-vs-fact/arxiv:2608.12036v3/abstract,vectors-0001.png,580,0.00518838188976378
intent-vs-fact/arxiv:2608.12062v2/abstract,vectors-0001.png,581,0.005245420472440945
intent-vs-fact/arxiv:2608.12099v2/abstract,vectors-0001.png,582,0.005349993228346457
intent-vs-fact/arxiv:2608.12113v1/abstract,vectors-0001.png,583,0.005718447244094488
intent-vs-fact/arxiv:2608.12121v1/abstract,vectors-0001.png,584,0.005435325196850394
intent-vs-fact/arxiv:2608.12125v1/abstract,vectors-0001.png,585,0.005550280787401575
intent-vs-fact/arxiv:2608.12129v2/abstract,vectors-0001.png,586,0.005502149606299213
intent-vs-fact/arxiv:2608.12138v1/abstract,vectors-0001.png,587,0.005603399212598425
intent-vs-fact/arxiv:2608.12149v2/abstract,vectors-0001.png,588,0.005829337795275591
intent-vs-fact/arxiv:2608.12150v1/abstract,vectors-0001.png,589,0.005404406614173228
intent-vs-fact/arxiv:2608.12166v1/abstract,vectors-0001.png,590,0.00537338220472441
intent-vs-fact/arxiv:2608.12172v1/abstract,vectors-0001.png,591,0.005082266929133858
intent-vs-fact/arxiv:2608.12187v1/abstract,vectors-0001.png,592,0.005380808346456693
intent-vs-fact/arxiv:2608.12190v1/abstract,vectors-0001.png,593,0.005314126771653544
intent-vs-fact/arxiv:2608.12192v1/abstract,vectors-0001.png,594,0.005492276062992125
intent-vs-fact/arxiv:2608.12194v1/abstract,vectors-0001.png,595,0.00547388031496063
intent-vs-fact/arxiv:2608.12196v2/abstract,vectors-0001.png,596,0.005430717322834645
intent-vs-fact/arxiv:2608.12197v1/abstract,vectors-0001.png,597,0.005519707086614174
intent-vs-fact/arxiv:2608.12198v1/abstract,vectors-0001.png,598,0.005539734645669291
intent-vs-fact/arxiv:2608.12218v2/abstract,vectors-0001.png,599,0.005527488976377953
intent-vs-fact/arxiv:2608.12220v1/abstract,vectors-0001.png,600,0.005429217637795275
intent-vs-fact/arxiv:2608.12227v1/abstract,vectors-0001.png,601,0.005540883464566929
intent-vs-fact/arxiv:2608.12230v1/abstract,vectors-0001.png,602,0.005298812598425197
intent-vs-fact/arxiv:2608.12236v1/abstract,vectors-0001.png,603,0.005074355511811023
intent-vs-fact/arxiv:2608.12239v1/abstract,vectors-0001.png,604,0.0055604338582677165
intent-vs-fact/arxiv:2608.12246v1/abstract,vectors-0001.png,605,0.005340753543307087
intent-vs-fact/arxiv:2608.12249v1/abstract,vectors-0001.png,606,0.005621890866141732
intent-vs-fact/arxiv:2608.12253v2/abstract,vectors-0001.png,607,0.005573016929133858
intent-vs-fact/arxiv:2608.12262v1/abstract,vectors-0001.png,608,0.005734803149606299
intent-vs-fact/arxiv:2608.12269v1/abstract,vectors-0001.png,609,0.0056075026771653545
intent-vs-fact/arxiv:2608.12273v1/abstract,vectors-0001.png,610,0.00577650905511811
intent-vs-fact/arxiv:2608.12274v1/abstract,vectors-0001.png,611,0.005410382125984252
intent-vs-fact/arxiv:2608.12278v1/abstract,vectors-0001.png,612,0.0053019068503937
intent-vs-fact/arxiv:2608.12282v1/abstract,vectors-0001.png,613,0.005714013385826772
intent-vs-fact/arxiv:2608.12283v1/abstract,vectors-0001.png,614,0.00587221062992126
intent-vs-fact/arxiv:2608.12290v1/abstract,vectors-0001.png,615,0.005678236220472441
intent-vs-fact/arxiv:2608.12299v2/abstract,vectors-0001.png,616,0.005457095275590552
intent-vs-fact/arxiv:2608.12304v1/abstract,vectors-0001.png,617,0.005378804724409449
intent-vs-fact/arxiv:2608.12306v1/abstract,vectors-0001.png,618,0.005431271653543307
intent-vs-fact/arxiv:2608.12307v1/abstract,vectors-0001.png,619,0.005742670866141732
intent-vs-fact/arxiv:2608.12308v1/abstract,vectors-0001.png,620,0.005521725984251968
intent-vs-fact/arxiv:2608.12313v2/abstract,vectors-0001.png,621,0.005247874015748031
intent-vs-fact/arxiv:2608.12436v1/abstract,vectors-0001.png,622,0.005702781102362205
intent-vs-fact/arxiv:2608.12534v1/abstract,vectors-0001.png,623,0.005620974015748031
intent-vs-fact/arxiv:2608.12547v1/abstract,vectors-0001.png,624,0.005575436220472441
intent-vs-fact/arxiv:2608.12626v1/abstract,vectors-0001.png,625,0.005614481102362205
intent-vs-fact/arxiv:2608.12895v1/abstract,vectors-0001.png,626,0.005988455669291338
intent-vs-fact/arxiv:2608.12921v2/abstract,vectors-0001.png,627,0.005519169291338583
intent-vs-fact/arxiv:2608.12984v1/abstract,vectors-0001.png,628,0.00570098716535433
intent-vs-fact/arxiv:2608.12995v1/abstract,vectors-0001.png,629,0.005512965354330708
intent-vs-fact/arxiv:2608.13030v2/abstract,vectors-0001.png,630,0.005434249606299213
intent-vs-fact/arxiv:2608.13101v1/abstract,vectors-0001.png,631,0.005585157952755906
intent-vs-fact/arxiv:2608.13136v1/abstract,vectors-0001.png,632,0.00541445779527559
intent-vs-fact/arxiv:2608.13160v1/abstract,vectors-0001.png,633,0.005594023070866141
intent-vs-fact/arxiv:2608.13167v1/abstract,vectors-0001.png,634,0.005902970078740158
intent-vs-fact/arxiv:2608.13168v1/abstract,vectors-0001.png,635,0.005525433858267717
intent-vs-fact/arxiv:2608.13200v2/abstract,vectors-0001.png,636,0.005375002755905512
intent-vs-fact/arxiv:2608.13237v1/abstract,vectors-0001.png,637,0.005615855118110236
intent-vs-fact/arxiv:2608.13244v1/abstract,vectors-0001.png,638,0.0052477165354330715
intent-vs-fact/arxiv:2608.13258v1/abstract,vectors-0001.png,639,0.005732385039370079
intent-vs-fact/arxiv:2608.13267v1/abstract,vectors-0001.png,640,0.005626146692913386
intent-vs-fact/arxiv:2608.13277v1/abstract,vectors-0001.png,641,0.005460079291338583
intent-vs-fact/arxiv:2608.13304v1/abstract,vectors-0001.png,642,0.005686441732283465
intent-vs-fact/arxiv:2608.13326v1/abstract,vectors-0001.png,643,0.005890128346456694
intent-vs-fact/arxiv:2608.13328v1/abstract,vectors-0001.png,644,0.005847776062992126
intent-vs-fact/arxiv:2608.13334v1/abstract,vectors-0001.png,645,0.005623559842519685
intent-vs-fact/arxiv:2608.13387v4/abstract,vectors-0001.png,646,0.005553216535433071
intent-vs-fact/arxiv:2608.13394v1/abstract,vectors-0001.png,647,0.004992486614173228
intent-vs-fact/arxiv:2608.13409v1/abstract,vectors-0001.png,648,0.005611856692913386
intent-vs-fact/arxiv:2608.13410v1/abstract,vectors-0001.png,649,0.005406292440944882
intent-vs-fact/arxiv:2608.13415v1/abstract,vectors-0001.png,650,0.005302583149606299
intent-vs-fact/arxiv:2608.13417v1/abstract,vectors-0001.png,651,0.005743115748031496
intent-vs-fact/arxiv:2608.13420v1/abstract,vectors-0001.png,652,0.005414185826771654
intent-vs-fact/arxiv:2608.13425v1/abstract,vectors-0001.png,653,0.005683072440944882
intent-vs-fact/arxiv:2608.13426v2/abstract,vectors-0001.png,654,0.0055890755905511815
intent-vs-fact/arxiv:2608.13428v1/abstract,vectors-0001.png,655,0.005734663307086614
intent-vs-fact/arxiv:2608.13430v2/abstract,vectors-0001.png,656,0.005560186614173229
intent-vs-fact/arxiv:2608.13433v1/abstract,vectors-0001.png,657,0.005759881889763779
intent-vs-fact/arxiv:2608.13438v1/abstract,vectors-0001.png,658,0.0056948703937007876
intent-vs-fact/arxiv:2608.13447v2/abstract,vectors-0001.png,659,0.005515022834645669
intent-vs-fact/arxiv:2608.13453v1/abstract,vectors-0001.png,660,0.005464342204724409
intent-vs-fact/arxiv:2608.13456v2/abstract,vectors-0001.png,661,0.005374129133858267
intent-vs-fact/arxiv:2608.13459v1/abstract,vectors-0001.png,662,0.005644340944881889
intent-vs-fact/arxiv:2608.13463v2/abstract,vectors-0001.png,663,0.005446313385826772
intent-vs-fact/arxiv:2608.13465v1/abstract,vectors-0001.png,664,0.0053873283464566935
intent-vs-fact/arxiv:2608.13472v1/abstract,vectors-0001.png,665,0.005668297637795276
intent-vs-fact/arxiv:2608.13476v1/abstract,vectors-0001.png,666,0.005246313070866141
intent-vs-fact/arxiv:2608.13482v1/abstract,vectors-0001.png,667,0.005441802677165354
intent-vs-fact/arxiv:2608.13484v1/abstract,vectors-0001.png,668,0.005847512283464567
intent-vs-fact/arxiv:2608.13492v1/abstract,vectors-0001.png,669,0.0055063681102362205
intent-vs-fact/arxiv:2608.13505v1/abstract,vectors-0001.png,670,0.005732420866141732
intent-vs-fact/arxiv:2608.13515v1/abstract,vectors-0001.png,671,0.005619379527559055
intent-vs-fact/arxiv:2608.13517v2/abstract,vectors-0001.png,672,0.005249493228346456
intent-vs-fact/arxiv:2608.13520v1/abstract,vectors-0001.png,673,0.00562473125984252
intent-vs-fact/arxiv:2608.13522v1/abstract,vectors-0001.png,674,0.005312015748031496
intent-vs-fact/arxiv:2608.13535v1/abstract,vectors-0001.png,675,0.005359802362204724
intent-vs-fact/arxiv:2608.13538v2/abstract,vectors-0001.png,676,0.005549093700787402
intent-vs-fact/arxiv:2608.13545v1/abstract,vectors-0001.png,677,0.00537892283464567
intent-vs-fact/arxiv:2608.13547v1/abstract,vectors-0001.png,678,0.005912834645669291
intent-vs-fact/arxiv:2608.13555v1/abstract,vectors-0001.png,679,0.00536605590551181
intent-vs-fact/arxiv:2608.13558v1/abstract,vectors-0001.png,680,0.0053413913385826775
intent-vs-fact/arxiv:2608.13560v1/abstract,vectors-0001.png,681,0.005668290944881889
intent-vs-fact/arxiv:2608.13787v1/abstract,vectors-0001.png,682,0.0057722606299212605
intent-vs-fact/arxiv:2608.13982v1/abstract,vectors-0001.png,683,0.005317765354330708
intent-vs-fact/arxiv:2608.14109v1/abstract,vectors-0001.png,684,0.005744618897637795
intent-vs-fact/arxiv:2608.14390v1/abstract,vectors-0001.png,685,0.005928749606299213
intent-vs-fact/arxiv:2608.14825v3/abstract,vectors-0001.png,686,0.005645238031496063
intent-vs-fact/arxiv:2608.14913v1/abstract,vectors-0001.png,687,0.005550014724409449
intent-vs-fact/arxiv:2608.15012v1/abstract,vectors-0001.png,688,0.005551859842519685
intent-vs-fact/arxiv:2608.15127v1/abstract,vectors-0001.png,689,0.005695114173228346
intent-vs-fact/arxiv:2608.15147v2/abstract,vectors-0001.png,690,0.005718394960629921
intent-vs-fact/arxiv:2608.15181v1/abstract,vectors-0001.png,691,0.005408521732283464
intent-vs-fact/arxiv:2608.15372v1/abstract,vectors-0001.png,692,0.005560529527559055
intent-vs-fact/arxiv:2608.15400v1/abstract,vectors-0001.png,693,0.005635351968503937
intent-vs-fact/arxiv:2608.15424v2/abstract,vectors-0001.png,694,0.00499817188976378
intent-vs-fact/arxiv:2608.16281v1/abstract,vectors-0001.png,695,0.0057818669291338585
intent-vs-fact/arxiv:2608.16326v1/abstract,vectors-0001.png,696,0.005538882677165354
intent-vs-fact/arxiv:2608.16344v4/abstract,vectors-0001.png,697,0.005587990551181103
intent-vs-fact/arxiv:2608.16347v1/abstract,vectors-0001.png,698,0.005786935433070866
intent-vs-fact/arxiv:2608.16353v2/abstract,vectors-0001.png,699,0.005782684015748031
intent-vs-fact/arxiv:2608.16357v1/abstract,vectors-0001.png,700,0.0058097094488188976
intent-vs-fact/arxiv:2608.16379v2/abstract,vectors-0001.png,701,0.005621084566929134
intent-vs-fact/arxiv:2608.16386v2/abstract,vectors-0001.png,702,0.005427461889763779
intent-vs-fact/arxiv:2608.16390v2/abstract,vectors-0001.png,703,0.0057523598425196845
intent-vs-fact/arxiv:2608.16417v1/abstract,vectors-0001.png,704,0.005277367716535433
intent-vs-fact/arxiv:2608.16467v1/abstract,vectors-0001.png,705,0.005532941496062992
intent-vs-fact/arxiv:2608.16514v1/abstract,vectors-0001.png,706,0.005664603464566929
intent-vs-fact/arxiv:2608.16515v1/abstract,vectors-0001.png,707,0.005736181889763779
intent-vs-fact/arxiv:2608.16536v1/abstract,vectors-0001.png,708,0.00554229842519685
intent-vs-fact/arxiv:2608.16539v1/abstract,vectors-0001.png,709,0.0052837677165354325
intent-vs-fact/arxiv:2608.16544v1/abstract,vectors-0001.png,710,0.005410688976377953
intent-vs-fact/arxiv:2608.16553v1/abstract,vectors-0001.png,711,0.005522767716535433
intent-vs-fact/arxiv:2608.16554v2/abstract,vectors-0001.png,712,0.005715091338582678
intent-vs-fact/arxiv:2608.16557v1/abstract,vectors-0001.png,713,0.005807222047244094
intent-vs-fact/arxiv:2608.16577v1/abstract,vectors-0001.png,714,0.005499930708661417
intent-vs-fact/arxiv:2608.16578v2/abstract,vectors-0001.png,715,0.005555846456692913
intent-vs-fact/arxiv:2608.16601v1/abstract,vectors-0001.png,716,0.005544448818897638
intent-vs-fact/arxiv:2608.16620v3/abstract,vectors-0001.png,717,0.005089930708661417
intent-vs-fact/arxiv:2608.16627v1/abstract,vectors-0001.png,718,0.005578879527559056
intent-vs-fact/arxiv:2608.16643v1/abstract,vectors-0001.png,719,0.005616415748031497
intent-vs-fact/arxiv:2608.16645v3/abstract,vectors-0001.png,720,0.005829461417322835
intent-vs-fact/arxiv:2608.16647v2/abstract,vectors-0001.png,721,0.005474493700787402
intent-vs-fact/arxiv:2608.16650v1/abstract,vectors-0001.png,722,0.005721031496062992
intent-vs-fact/arxiv:2608.16671v1/abstract,vectors-0001.png,723,0.005876364173228347
intent-vs-fact/arxiv:2608.16686v1/abstract,vectors-0001.png,724,0.005363218897637795
intent-vs-fact/arxiv:2608.16707v1/abstract,vectors-0001.png,725,0.005536070078740157
intent-vs-fact/arxiv:2608.16709v1/abstract,vectors-0001.png,726,0.005786599999999999
intent-vs-fact/arxiv:2608.16725v2/abstract,vectors-0001.png,727,0.005553258661417323
intent-vs-fact/arxiv:2608.16733v1/abstract,vectors-0001.png,728,0.00546167874015748
intent-vs-fact/arxiv:2608.16742v1/abstract,vectors-0001.png,729,0.005471983464566929
intent-vs-fact/arxiv:2608.16747v1/abstract,vectors-0001.png,730,0.005495528346456694
intent-vs-fact/arxiv:2608.16763v1/abstract,vectors-0001.png,731,0.005560330708661417
intent-vs-fact/arxiv:2608.16765v1/abstract,vectors-0001.png,732,0.005885470551181102
intent-vs-fact/arxiv:2608.16775v1/abstract,vectors-0001.png,733,0.005766558267716535
intent-vs-fact/arxiv:2608.16776v2/abstract,vectors-0001.png,734,0.005695342992125984
intent-vs-fact/arxiv:2608.16791v1/abstract,vectors-0001.png,735,0.0058738152755905505
intent-vs-fact/arxiv:2608.16794v2/abstract,vectors-0001.png,736,0.005737263779527559
intent-vs-fact/arxiv:2608.16795v1/abstract,vectors-0001.png,737,0.005883646771653543
intent-vs-fact/arxiv:2608.16797v1/abstract,vectors-0001.png,738,0.005814023385826772
intent-vs-fact/arxiv:2608.16798v1/abstract,vectors-0001.png,739,0.0054581390551181105
intent-vs-fact/arxiv:2608.16801v1/abstract,vectors-0001.png,740,0.00555044409448819
intent-vs-fact/arxiv:2608.16804v1/abstract,vectors-0001.png,741,0.00525651062992126
intent-vs-fact/arxiv:2608.16805v1/abstract,vectors-0001.png,742,0.00573455905511811
intent-vs-fact/arxiv:2608.16806v3/abstract,vectors-0001.png,743,0.005626928582677166
intent-vs-fact/arxiv:2608.16829v2/abstract,vectors-0001.png,744,0.005877240157480315
intent-vs-fact/arxiv:2608.16831v1/abstract,vectors-0001.png,745,0.005613222362204725
intent-vs-fact/arxiv:2608.16834v1/abstract,vectors-0001.png,746,0.00542674094488189
intent-vs-fact/arxiv:2608.16837v1/abstract,vectors-0001.png,747,0.005676403149606299
intent-vs-fact/arxiv:2608.16844v1/abstract,vectors-0001.png,748,0.005645648818897638
intent-vs-fact/arxiv:2608.16852v1/abstract,vectors-0001.png,749,0.005695196062992127
intent-vs-fact/arxiv:2608.16868v1/abstract,vectors-0001.png,750,0.005846114645669292
intent-vs-fact/arxiv:2608.16876v1/abstract,vectors-0001.png,751,0.005512711023622047
intent-vs-fact/arxiv:2608.16884v1/abstract,vectors-0001.png,752,0.005417066141732284
intent-vs-fact/arxiv:2608.16889v1/abstract,vectors-0001.png,753,0.0056749740157480315
intent-vs-fact/arxiv:2608.16951v1/abstract,vectors-0001.png,754,0.005581772440944883
intent-vs-fact/arxiv:2608.16955v1/abstract,vectors-0001.png,755,0.005533155511811024
intent-vs-fact/arxiv:2608.17053v1/abstract,vectors-0001.png,756,0.005648862992125984
intent-vs-fact/arxiv:2608.17071v2/abstract,vectors-0001.png,757,0.005628038582677165
intent-vs-fact/arxiv:2608.17433v1/abstract,vectors-0001.png,758,0.005447381102362205
intent-vs-fact/arxiv:2608.17583v1/abstract,vectors-0001.png,759,0.005712557007874016
intent-vs-fact/arxiv:2608.17587v1/abstract,vectors-0001.png,760,0.0056554661417322835
intent-vs-fact/arxiv:2608.17592v1/abstract,vectors-0001.png,761,0.005288434645669291
intent-vs-fact/arxiv:2608.17605v2/abstract,vectors-0001.png,762,0.005488324409448819
intent-vs-fact/arxiv:2608.17614v1/abstract,vectors-0001.png,763,0.0058747886614173225
intent-vs-fact/arxiv:2608.17616v1/abstract,vectors-0001.png,764,0.005214343307086614
intent-vs-fact/arxiv:2608.17644v1/abstract,vectors-0001.png,765,0.005534352755905512
intent-vs-fact/arxiv:2608.17719v1/abstract,vectors-0001.png,766,0.005813474015748031
intent-vs-fact/arxiv:2608.17733v1/abstract,vectors-0001.png,767,0.0054624881889763785
intent-vs-fact/arxiv:2608.17739v1/abstract,vectors-0001.png,768,0.005504743307086614
intent-vs-fact/arxiv:2608.17744v1/abstract,vectors-0001.png,769,0.005756455905511811
intent-vs-fact/arxiv:2608.17781v1/abstract,vectors-0001.png,770,0.006003588188976378
intent-vs-fact/arxiv:2608.17795v2/abstract,vectors-0001.png,771,0.005643689763779527
intent-vs-fact/arxiv:2608.17804v1/abstract,vectors-0001.png,772,0.005789761023622047
intent-vs-fact/arxiv:2608.17809v2/abstract,vectors-0001.png,773,0.005771716535433071
intent-vs-fact/arxiv:2608.17810v1/abstract,vectors-0001.png,774,0.0054431755905511815
intent-vs-fact/arxiv:2608.17827v1/abstract,vectors-0001.png,775,0.005427326299212599
intent-vs-fact/arxiv:2608.17834v1/abstract,vectors-0001.png,776,0.0054173047244094495
intent-vs-fact/arxiv:2608.17843v1/abstract,vectors-0001.png,777,0.00583363937007874
intent-vs-fact/arxiv:2608.17856v1/abstract,vectors-0001.png,778,0.005534098818897638
intent-vs-fact/arxiv:2608.17866v1/abstract,vectors-0001.png,779,0.00551948031496063
intent-vs-fact/arxiv:2608.17895v1/abstract,vectors-0001.png,780,0.005704375196850394
intent-vs-fact/arxiv:2608.17906v4/abstract,vectors-0001.png,781,0.005335368976377953
intent-vs-fact/arxiv:2608.17911v1/abstract,vectors-0001.png,782,0.0055061393700787395
intent-vs-fact/arxiv:2608.17917v1/abstract,vectors-0001.png,783,0.005322891338582677
intent-vs-fact/arxiv:2608.17919v2/abstract,vectors-0001.png,784,0.005096167716535433
intent-vs-fact/arxiv:2608.17928v1/abstract,vectors-0001.png,785,0.005595807086614174
intent-vs-fact/arxiv:2608.17929v1/abstract,vectors-0001.png,786,0.005569491811023622
intent-vs-fact/arxiv:2608.17931v1/abstract,vectors-0001.png,787,0.0054064015748031494
intent-vs-fact/arxiv:2608.17932v1/abstract,vectors-0001.png,788,0.0058322886614173225
intent-vs-fact/arxiv:2608.17933v1/abstract,vectors-0001.png,789,0.005625056692913385
intent-vs-fact/arxiv:2608.17938v1/abstract,vectors-0001.png,790,0.005721391338582677
intent-vs-fact/arxiv:2608.17941v1/abstract,vectors-0001.png,791,0.005695664015748032
intent-vs-fact/arxiv:2608.17947v1/abstract,vectors-0001.png,792,0.005637164173228347
intent-vs-fact/arxiv:2608.17948v1/abstract,vectors-0001.png,793,0.005800281417322834
intent-vs-fact/arxiv:2608.17950v2/abstract,vectors-0001.png,794,0.005895800787401575
intent-vs-fact/arxiv:2608.17956v1/abstract,vectors-0001.png,795,0.005724849212598425
intent-vs-fact/arxiv:2608.17959v2/abstract,vectors-0001.png,796,0.004893785039370079
intent-vs-fact/arxiv:2608.17965v4/abstract,vectors-0001.png,797,0.00551051968503937
intent-vs-fact/arxiv:2608.17979v1/abstract,vectors-0001.png,798,0.005460977165354331
intent-vs-fact/arxiv:2608.17983v1/abstract,vectors-0001.png,799,0.005330448031496063
intent-vs-fact/arxiv:2608.17987v1/abstract,vectors-0001.png,800,0.005132713385826771
intent-vs-fact/arxiv:2608.17994v1/abstract,vectors-0001.png,801,0.005653919212598425
intent-vs-fact/arxiv:2608.17997v1/abstract,vectors-0001.png,802,0.005049135748031496
intent-vs-fact/arxiv:2608.18008v1/abstract,vectors-0001.png,803,0.005677562992125984
intent-vs-fact/arxiv:2608.18011v1/abstract,vectors-0001.png,804,0.0056299669291338585
intent-vs-fact/arxiv:2608.18017v1/abstract,vectors-0001.png,805,0.005248627559055118
intent-vs-fact/arxiv:2608.18025v2/abstract,vectors-0001.png,806,0.00568866377952756
intent-vs-fact/arxiv:2608.18027v1/abstract,vectors-0001.png,807,0.0056520551181102364
intent-vs-fact/arxiv:2608.18036v1/abstract,vectors-0001.png,808,0.005418144330708662
intent-vs-fact/arxiv:2608.18041v2/abstract,vectors-0001.png,809,0.005512987401574803
intent-vs-fact/arxiv:2608.18050v1/abstract,vectors-0001.png,810,0.005542185354330709
intent-vs-fact/arxiv:2608.18056v1/abstract,vectors-0001.png,811,0.005073471338582677
intent-vs-fact/arxiv:2608.18058v1/abstract,vectors-0001.png,812,0.005739897637795276
intent-vs-fact/arxiv:2608.18062v3/abstract,vectors-0001.png,813,0.005397367165354331
intent-vs-fact/arxiv:2608.18066v2/abstract,vectors-0001.png,814,0.0054690322834645665
intent-vs-fact/arxiv:2608.18072v1/abstract,vectors-0001.png,815,0.005308169291338582
intent-vs-fact/arxiv:2608.18076v2/abstract,vectors-0001.png,816,0.005554045669291338
intent-vs-fact/arxiv:2608.18177v1/abstract,vectors-0001.png,817,0.0055630039370078745
intent-vs-fact/arxiv:2608.18232v1/abstract,vectors-0001.png,818,0.0057246375590551185
intent-vs-fact/arxiv:2608.18353v1/abstract,vectors-0001.png,819,0.005339769291338583
intent-vs-fact/arxiv:2608.18473v1/abstract,vectors-0001.png,820,0.0054058774803149605
intent-vs-fact/arxiv:2608.18490v1/abstract,vectors-0001.png,821,0.005674707874015748
intent-vs-fact/arxiv:2608.18524v1/abstract,vectors-0001.png,822,0.005838070866141732
intent-vs-fact/arxiv:2608.18554v1/abstract,vectors-0001.png,823,0.005539319212598425
intent-vs-fact/arxiv:2608.18752v3/abstract,vectors-0001.png,824,0.005620223622047244
intent-vs-fact/arxiv:2608.18765v1/abstract,vectors-0001.png,825,0.005343662992125984
intent-vs-fact/arxiv:2608.18767v1/abstract,vectors-0001.png,826,0.0056038622047244096
intent-vs-fact/arxiv:2608.18768v2/abstract,vectors-0001.png,827,0.005952324409448819
intent-vs-fact/arxiv:2608.18795v2/abstract,vectors-0001.png,828,0.005771714960629921
intent-vs-fact/arxiv:2608.18816v1/abstract,vectors-0001.png,829,0.005598594488188976
intent-vs-fact/arxiv:2608.18821v1/abstract,vectors-0001.png,830,0.005338386614173228
intent-vs-fact/arxiv:2608.18825v1/abstract,vectors-0001.png,831,0.005609388188976378
intent-vs-fact/arxiv:2608.18827v1/abstract,vectors-0001.png,832,0.005457837244094489
intent-vs-fact/arxiv:2608.18878v1/abstract,vectors-0001.png,833,0.005393011338582677
intent-vs-fact/arxiv:2608.18888v1/abstract,vectors-0001.png,834,0.0054772291338582675
intent-vs-fact/arxiv:2608.18921v1/abstract,vectors-0001.png,835,0.0057051370078740156
intent-vs-fact/arxiv:2608.18931v1/abstract,vectors-0001.png,836,0.005731499606299213
intent-vs-fact/arxiv:2608.18937v1/abstract,vectors-0001.png,837,0.005424898425196851
intent-vs-fact/arxiv:2608.18940v1/abstract,vectors-0001.png,838,0.00541443937007874
intent-vs-fact/arxiv:2608.18952v1/abstract,vectors-0001.png,839,0.005830673700787402
intent-vs-fact/arxiv:2608.18972v1/abstract,vectors-0001.png,840,0.005525692125984252
intent-vs-fact/arxiv:2608.18988v2/abstract,vectors-0001.png,841,0.005550787401574803
intent-vs-fact/arxiv:2608.18996v1/abstract,vectors-0001.png,842,0.005537092913385827
intent-vs-fact/arxiv:2608.19002v1/abstract,vectors-0001.png,843,0.005399976692913385
intent-vs-fact/arxiv:2608.19003v1/abstract,vectors-0001.png,844,0.0056692216535433075
intent-vs-fact/arxiv:2608.19006v1/abstract,vectors-0001.png,845,0.0049967448818897635
intent-vs-fact/arxiv:2608.19009v2/abstract,vectors-0001.png,846,0.0057247582677165355
intent-vs-fact/arxiv:2608.19011v1/abstract,vectors-0001.png,847,0.0051229275590551175
intent-vs-fact/arxiv:2608.19013v1/abstract,vectors-0001.png,848,0.005620327559055119
intent-vs-fact/arxiv:2608.19014v1/abstract,vectors-0001.png,849,0.005414676377952756
intent-vs-fact/arxiv:2608.19025v1/abstract,vectors-0001.png,850,0.005684554566929134
intent-vs-fact/arxiv:2608.19026v1/abstract,vectors-0001.png,851,0.005530188188976377
intent-vs-fact/arxiv:2608.19029v1/abstract,vectors-0001.png,852,0.0053814692913385824
intent-vs-fact/arxiv:2608.19032v2/abstract,vectors-0001.png,853,0.00557426062992126
intent-vs-fact/arxiv:2608.19043v1/abstract,vectors-0001.png,854,0.005150468503937008
intent-vs-fact/arxiv:2608.19047v1/abstract,vectors-0001.png,855,0.005876960236220472
intent-vs-fact/arxiv:2608.19066v1/abstract,vectors-0001.png,856,0.005511344094488189
intent-vs-fact/arxiv:2608.19072v1/abstract,vectors-0001.png,857,0.005744647244094488
intent-vs-fact/arxiv:2608.19073v1/abstract,vectors-0001.png,858,0.005869102755905511
intent-vs-fact/arxiv:2608.19075v1/abstract,vectors-0001.png,859,0.005811927795275591
intent-vs-fact/arxiv:2608.19083v1/abstract,vectors-0001.png,860,0.005738886614173228
intent-vs-fact/arxiv:2608.19085v2/abstract,vectors-0001.png,861,0.005623426771653543
intent-vs-fact/arxiv:2608.19088v1/abstract,vectors-0001.png,862,0.005716293700787402
intent-vs-fact/arxiv:2608.19098v1/abstract,vectors-0001.png,863,0.005757231889763779
intent-vs-fact/arxiv:2608.19119v1/abstract,vectors-0001.png,864,0.005702753228346457
intent-vs-fact/arxiv:2608.19121v1/abstract,vectors-0001.png,865,0.005329801574803149
intent-vs-fact/arxiv:2608.19125v1/abstract,vectors-0001.png,866,0.005918597637795275
intent-vs-fact/arxiv:2608.19127v1/abstract,vectors-0001.png,867,0.005936514645669291
intent-vs-fact/arxiv:2608.19133v1/abstract,vectors-0001.png,868,0.00573828031496063
intent-vs-fact/arxiv:2608.19135v1/abstract,vectors-0001.png,869,0.00594998031496063
intent-vs-fact/arxiv:2608.19140v1/abstract,vectors-0001.png,870,0.005716374803149606
intent-vs-fact/arxiv:2608.19147v1/abstract,vectors-0001.png,871,0.005585002598425197
intent-vs-fact/arxiv:2608.19161v1/abstract,vectors-0001.png,872,0.0059651196850393695
intent-vs-fact/arxiv:2608.19163v2/abstract,vectors-0001.png,873,0.005598614566929134
intent-vs-fact/arxiv:2608.19165v1/abstract,vectors-0001.png,874,0.00554861968503937
intent-vs-fact/arxiv:2608.19174v1/abstract,vectors-0001.png,875,0.005592377637795276
intent-vs-fact/arxiv:2608.19181v1/abstract,vectors-0001.png,876,0.005454498031496063
intent-vs-fact/arxiv:2608.19182v1/abstract,vectors-0001.png,877,0.005627675354330709
intent-vs-fact/arxiv:2608.19197v3/abstract,vectors-0001.png,878,0.005517142992125985
intent-vs-fact/arxiv:2608.19263v1/abstract,vectors-0001.png,879,0.005477168897637796
intent-vs-fact/arxiv:2608.19557v1/abstract,vectors-0001.png,880,0.005647502362204724
intent-vs-fact/arxiv:2608.19699v1/abstract,vectors-0001.png,881,0.0055045464566929134
intent-vs-fact/arxiv:2608.19778v1/abstract,vectors-0001.png,882,0.005541256692913386
intent-vs-fact/arxiv:2608.19825v1/abstract,vectors-0001.png,883,0.005430249606299213
intent-vs-fact/arxiv:2608.19861v1/abstract,vectors-0001.png,884,0.005696668503937008
intent-vs-fact/arxiv:2608.19875v1/abstract,vectors-0001.png,885,0.005550180866141733
intent-vs-fact/arxiv:2608.19880v1/abstract,vectors-0001.png,886,0.005583064566929134
intent-vs-fact/arxiv:2608.19893v1/abstract,vectors-0001.png,887,0.005784847244094488
intent-vs-fact/arxiv:2608.19920v1/abstract,vectors-0001.png,888,0.005434334251968504
intent-vs-fact/arxiv:2608.19942v1/abstract,vectors-0001.png,889,0.0056107448818897634
intent-vs-fact/arxiv:2608.19957v1/abstract,vectors-0001.png,890,0.0057255193700787394
intent-vs-fact/arxiv:2608.19971v1/abstract,vectors-0001.png,891,0.0056207611811023616
intent-vs-fact/arxiv:2608.19981v1/abstract,vectors-0001.png,892,0.005314272440944881
intent-vs-fact/arxiv:2608.20047v1/abstract,vectors-0001.png,893,0.005707429921259843
intent-vs-fact/arxiv:2608.20054v3/abstract,vectors-0001.png,894,0.005825306299212599
intent-vs-fact/arxiv:2608.20061v1/abstract,vectors-0001.png,895,0.0055533850393700785
intent-vs-fact/arxiv:2608.20083v1/abstract,vectors-0001.png,896,0.005386777952755905
intent-vs-fact/arxiv:2608.20084v1/abstract,vectors-0001.png,897,0.005663023228346457
intent-vs-fact/arxiv:2608.20087v1/abstract,vectors-0001.png,898,0.00542274283464567
intent-vs-fact/arxiv:2608.20099v1/abstract,vectors-0001.png,899,0.005214646456692913
intent-vs-fact/arxiv:2608.20104v1/abstract,vectors-0001.png,900,0.005464641732283464
intent-vs-fact/arxiv:2608.20106v1/abstract,vectors-0001.png,901,0.005788525748031495
intent-vs-fact/arxiv:2608.20114v2/abstract,vectors-0001.png,902,0.005586322047244094
intent-vs-fact/arxiv:2608.20116v1/abstract,vectors-0001.png,903,0.005682263307086615
intent-vs-fact/arxiv:2608.20129v2/abstract,vectors-0001.png,904,0.0055468023622047245
intent-vs-fact/arxiv:2608.20153v3/abstract,vectors-0001.png,905,0.005651044566929134
intent-vs-fact/arxiv:2608.20161v1/abstract,vectors-0001.png,906,0.0054313005511811025
intent-vs-fact/arxiv:2608.20169v2/abstract,vectors-0001.png,907,0.005605009448818898
intent-vs-fact/arxiv:2608.20181v1/abstract,vectors-0001.png,908,0.0054988462204724415
intent-vs-fact/arxiv:2608.20187v1/abstract,vectors-0001.png,909,0.005225669291338583
intent-vs-fact/arxiv:2608.20195v1/abstract,vectors-0001.png,910,0.005790534881889763
intent-vs-fact/arxiv:2608.20201v1/abstract,vectors-0001.png,911,0.005874225196850394
intent-vs-fact/arxiv:2608.20202v1/abstract,vectors-0001.png,912,0.005399644881889763
intent-vs-fact/arxiv:2608.20204v1/abstract,vectors-0001.png,913,0.0056533236220472445
intent-vs-fact/arxiv:2608.20210v1/abstract,vectors-0001.png,914,0.005713466141732283
intent-vs-fact/arxiv:2608.20218v2/abstract,vectors-0001.png,915,0.005593964566929135
intent-vs-fact/arxiv:2608.20220v1/abstract,vectors-0001.png,916,0.005541311023622048
intent-vs-fact/arxiv:2608.20229v1/abstract,vectors-0001.png,917,0.00547179653543307
intent-vs-fact/arxiv:2608.20231v1/abstract,vectors-0001.png,918,0.005817895275590551
intent-vs-fact/arxiv:2608.20237v1/abstract,vectors-0001.png,919,0.0057170047244094494
intent-vs-fact/arxiv:2608.20240v1/abstract,vectors-0001.png,920,0.005590576377952756
intent-vs-fact/arxiv:2608.20256v2/abstract,vectors-0001.png,921,0.005626329921259843
intent-vs-fact/arxiv:2608.20271v1/abstract,vectors-0001.png,922,0.005701124409448819
intent-vs-fact/arxiv:2608.20274v1/abstract,vectors-0001.png,923,0.005725969291338583
intent-vs-fact/arxiv:2608.20281v1/abstract,vectors-0001.png,924,0.005662361417322835
intent-vs-fact/arxiv:2608.20290v1/abstract,vectors-0001.png,925,0.0058979185826771655
intent-vs-fact/arxiv:2608.20314v1/abstract,vectors-0001.png,926,0.005428292913385827
intent-vs-fact/arxiv:2608.20316v2/abstract,vectors-0001.png,927,0.005608510236220473
intent-vs-fact/arxiv:2608.20318v1/abstract,vectors-0001.png,928,0.005589548818897638
intent-vs-fact/arxiv:2608.20319v1/abstract,vectors-0001.png,929,0.005605521653543308
intent-vs-fact/arxiv:2608.20320v1/abstract,vectors-0001.png,930,0.005335414960629921
intent-vs-fact/arxiv:2608.20331v1/abstract,vectors-0001.png,931,0.005290029527559055
intent-vs-fact/arxiv:2608.20338v1/abstract,vectors-0001.png,932,0.0053342322834645664
intent-vs-fact/arxiv:2608.20438v1/abstract,vectors-0001.png,933,0.005624091023622047
intent-vs-fact/arxiv:2608.20494v1/abstract,vectors-0001.png,934,0.005929009212598425
intent-vs-fact/arxiv:2608.20856v1/abstract,vectors-0001.png,935,0.005365927559055118
intent-vs-fact/arxiv:2608.20868v1/abstract,vectors-0001.png,936,0.005682796850393701
intent-vs-fact/arxiv:2608.20887v2/abstract,vectors-0001.png,937,0.005496476377952756
intent-vs-fact/arxiv:2608.20906v1/abstract,vectors-0001.png,938,0.005660985039370079
intent-vs-fact/arxiv:2608.20920v2/abstract,vectors-0001.png,939,0.005380672755905511
intent-vs-fact/arxiv:2608.20925v1/abstract,vectors-0001.png,940,0.005505492125984252
intent-vs-fact/arxiv:2608.20927v1/abstract,vectors-0001.png,941,0.005685706299212599
intent-vs-fact/arxiv:2608.20940v1/abstract,vectors-0001.png,942,0.00577258188976378
intent-vs-fact/arxiv:2608.20953v1/abstract,vectors-0001.png,943,0.005694397637795275
intent-vs-fact/arxiv:2608.20961v1/abstract,vectors-0001.png,944,0.005765207874015748
intent-vs-fact/arxiv:2608.20964v1/abstract,vectors-0001.png,945,0.00537478220472441
intent-vs-fact/arxiv:2608.20984v1/abstract,vectors-0001.png,946,0.005439815748031497
intent-vs-fact/arxiv:2608.21019v1/abstract,vectors-0001.png,947,0.005729193307086614
intent-vs-fact/arxiv:2608.21021v1/abstract,vectors-0001.png,948,0.0053801976377952756
intent-vs-fact/arxiv:2608.21023v1/abstract,vectors-0001.png,949,0.005548859842519686
intent-vs-fact/arxiv:2608.21030v1/abstract,vectors-0001.png,950,0.005761445669291339
intent-vs-fact/arxiv:2608.21043v1/abstract,vectors-0001.png,951,0.005733090157480315
intent-vs-fact/arxiv:2608.21074v1/abstract,vectors-0001.png,952,0.005583622047244094
intent-vs-fact/arxiv:2608.21087v1/abstract,vectors-0001.png,953,0.005544918897637795
intent-vs-fact/arxiv:2608.21088v1/abstract,vectors-0001.png,954,0.00546368346456693
intent-vs-fact/arxiv:2608.21095v1/abstract,vectors-0001.png,955,0.00570787125984252
intent-vs-fact/arxiv:2608.21156v2/abstract,vectors-0001.png,956,0.00552236220472441
intent-vs-fact/arxiv:2608.21157v1/abstract,vectors-0001.png,957,0.005620174488188977
intent-vs-fact/arxiv:2608.21159v1/abstract,vectors-0001.png,958,0.005748666141732283
intent-vs-fact/arxiv:2608.21170v2/abstract,vectors-0001.png,959,0.005618346456692913
intent-vs-fact/arxiv:2608.21174v1/abstract,vectors-0001.png,960,0.005685136220472441
intent-vs-fact/arxiv:2608.21175v1/abstract,vectors-0001.png,961,0.005498714960629921
intent-vs-fact/arxiv:2608.21176v1/abstract,vectors-0001.png,962,0.005416774015748031
intent-vs-fact/arxiv:2608.21187v2/abstract,vectors-0001.png,963,0.005738115748031496
intent-vs-fact/arxiv:2608.21189v1/abstract,vectors-0001.png,964,0.005214944094488189
intent-vs-fact/arxiv:2608.21203v1/abstract,vectors-0001.png,965,0.005334856692913385
intent-vs-fact/arxiv:2608.21206v1/abstract,vectors-0001.png,966,0.005420412125984252
intent-vs-fact/arxiv:2608.21207v1/abstract,vectors-0001.png,967,0.005592295039370079
intent-vs-fact/arxiv:2608.21208v1/abstract,vectors-0001.png,968,0.0056855035433070866
intent-vs-fact/arxiv:2608.21209v1/abstract,vectors-0001.png,969,0.0057804590551181105
intent-vs-fact/arxiv:2608.21218v1/abstract,vectors-0001.png,970,0.005567771653543307
intent-vs-fact/arxiv:2608.21224v1/abstract,vectors-0001.png,971,0.005198869291338583
intent-vs-fact/arxiv:2608.21230v1/abstract,vectors-0001.png,972,0.0058988886614173225
intent-vs-fact/arxiv:2608.21233v1/abstract,vectors-0001.png,973,0.005429777952755906
intent-vs-fact/arxiv:2608.21236v1/abstract,vectors-0001.png,974,0.005744902598425197
intent-vs-fact/arxiv:2608.21242v1/abstract,vectors-0001.png,975,0.005615856692913386
intent-vs-fact/arxiv:2608.21243v1/abstract,vectors-0001.png,976,0.005795631496062992
intent-vs-fact/arxiv:2608.21249v1/abstract,vectors-0001.png,977,0.005514148818897638
intent-vs-fact/arxiv:2608.21252v1/abstract,vectors-0001.png,978,0.005643775118110236
intent-vs-fact/arxiv:2608.21265v2/abstract,vectors-0001.png,979,0.005696459527559055
intent-vs-fact/arxiv:2608.21278v1/abstract,vectors-0001.png,980,0.005593886614173229
intent-vs-fact/arxiv:2608.21292v1/abstract,vectors-0001.png,981,0.005444314173228346
intent-vs-fact/arxiv:2608.21296v2/abstract,vectors-0001.png,982,0.005430383464566929
intent-vs-fact/arxiv:2608.21305v1/abstract,vectors-0001.png,983,0.005254194960629921
intent-vs-fact/arxiv:2608.21315v1/abstract,vectors-0001.png,984,0.0060277803149606304
intent-vs-fact/arxiv:2608.21317v1/abstract,vectors-0001.png,985,0.005567694724409449
intent-vs-fact/arxiv:2608.21319v1/abstract,vectors-0001.png,986,0.005860574015748032
intent-vs-fact/arxiv:2608.21325v1/abstract,vectors-0001.png,987,0.005705043543307086
intent-vs-fact/arxiv:2608.21332v1/abstract,vectors-0001.png,988,0.005625220708661418
intent-vs-fact/arxiv:2608.21343v1/abstract,vectors-0001.png,989,0.005381365354330709
intent-vs-fact/arxiv:2608.21356v2/abstract,vectors-0001.png,990,0.0059070220472440945
intent-vs-fact/arxiv:2608.21357v2/abstract,vectors-0001.png,991,0.005454066929133858
intent-vs-fact/arxiv:2608.21359v1/abstract,vectors-0001.png,992,0.005301766535433071
intent-vs-fact/arxiv:2608.21554v1/abstract,vectors-0001.png,993,0.005571375590551182
intent-vs-fact/arxiv:2608.21712v2/abstract,vectors-0001.png,994,0.0052549768503937005
intent-vs-fact/arxiv:2608.21790v1/abstract,vectors-0001.png,995,0.005602127952755906
intent-vs-fact/arxiv:2608.21918v1/abstract,vectors-0001.png,996,0.005531229133858268
intent-vs-fact/arxiv:2608.21942v1/abstract,vectors-0001.png,997,0.005281859527559055
intent-vs-fact/arxiv:2608.22077v1/abstract,vectors-0001.png,998,0.0057076201574803144
intent-vs-fact/arxiv:2608.22104v1/abstract,vectors-0001.png,999,0.0055028889763779525
intent-vs-fact/arxiv:2608.22130v3/abstract,vectors-0001.png,1000,0.005151328582677165
intent-vs-fact/arxiv:2608.22400v2/abstract,vectors-0001.png,1001,0.005901224015748031
intent-vs-fact/arxiv:2608.22657v1/abstract,vectors-0001.png,1002,0.005727605118110236
intent-vs-fact/arxiv:2608.22808v4/abstract,vectors-0001.png,1003,0.006044395275590551
intent-vs-fact/arxiv:2608.22833v1/abstract,vectors-0001.png,1004,0.0054629257480314965
intent-vs-fact/arxiv:2608.22884v1/abstract,vectors-0001.png,1005,0.005602736220472441
intent-vs-fact/arxiv:2608.23041v1/abstract,vectors-0001.png,1006,0.005519805905511811
intent-vs-fact/arxiv:2608.23244v1/abstract,vectors-0001.png,1007,0.0057212240944881886
intent-vs-fact/arxiv:2608.23248v1/abstract,vectors-0001.png,1008,0.005649311338582677
intent-vs-fact/arxiv:2608.23252v1/abstract,vectors-0001.png,1009,0.005998447637795275
intent-vs-fact/arxiv:2608.23261v1/abstract,vectors-0001.png,1010,0.0051628559055118105
intent-vs-fact/arxiv:2608.23263v1/abstract,vectors-0001.png,1011,0.005458225196850393
intent-vs-fact/arxiv:2608.23264v1/abstract,vectors-0001.png,1012,0.0058200650393700785
intent-vs-fact/arxiv:2608.23265v1/abstract,vectors-0001.png,1013,0.0055865440944881896
intent-vs-fact/arxiv:2608.23271v2/abstract,vectors-0001.png,1014,0.005381389763779528
intent-vs-fact/arxiv:2608.23283v2/abstract,vectors-0001.png,1015,0.005694000787401575
intent-vs-fact/arxiv:2608.23284v1/abstract,vectors-0001.png,1016,0.0056555952755905515
intent-vs-fact/arxiv:2608.23311v2/abstract,vectors-0001.png,1017,0.005434632755905512
intent-vs-fact/arxiv:2608.23318v1/abstract,vectors-0001.png,1018,0.005598948031496063
intent-vs-fact/arxiv:2608.23327v1/abstract,vectors-0001.png,1019,0.005838317637795276
intent-vs-fact/arxiv:2608.23338v1/abstract,vectors-0001.png,1020,0.005573981417322835
intent-vs-fact/arxiv:2608.23353v1/abstract,vectors-0001.png,1021,0.00551889874015748
intent-vs-fact/arxiv:2608.23358v1/abstract,vectors-0001.png,1022,0.0055495748031496065
intent-vs-fact/arxiv:2608.23390v2/abstract,vectors-0001.png,1023,0.005490173228346456
intent-vs-fact/arxiv:2608.23391v2/abstract,vectors-0001.png,1024,0.0056157330708661414
intent-vs-fact/arxiv:2608.23395v1/abstract,vectors-0001.png,1025,0.006059991338582677
intent-vs-fact/arxiv:2608.23397v2/abstract,vectors-0001.png,1026,0.0054782051968503935
intent-vs-fact/arxiv:2608.23400v1/abstract,vectors-0001.png,1027,0.005573891732283465
intent-vs-fact/arxiv:2608.23411v1/abstract,vectors-0001.png,1028,0.005838824094488189
intent-vs-fact/arxiv:2608.23417v1/abstract,vectors-0001.png,1029,0.005619219685039371
intent-vs-fact/arxiv:2608.23419v2/abstract,vectors-0001.png,1030,0.0055477
intent-vs-fact/arxiv:2608.23421v2/abstract,vectors-0001.png,1031,0.005610537007874016
intent-vs-fact/arxiv:2608.23429v1/abstract,vectors-0001.png,1032,0.005845970866141732
intent-vs-fact/arxiv:2608.23435v1/abstract,vectors-0001.png,1033,0.0055712496062992126
intent-vs-fact/arxiv:2608.23446v2/abstract,vectors-0001.png,1034,0.0053731949606299215
intent-vs-fact/arxiv:2608.23448v1/abstract,vectors-0001.png,1035,0.0057554724409448815
intent-vs-fact/arxiv:2608.23452v1/abstract,vectors-0001.png,1036,0.005541432598425197
intent-vs-fact/arxiv:2608.23469v1/abstract,vectors-0001.png,1037,0.005646536692913386
intent-vs-fact/arxiv:2608.23471v1/abstract,vectors-0001.png,1038,0.005443784645669292
intent-vs-fact/arxiv:2608.23473v2/abstract,vectors-0001.png,1039,0.005525966929133859
intent-vs-fact/arxiv:2608.23474v3/abstract,vectors-0001.png,1040,0.0053991748031496055
intent-vs-fact/arxiv:2608.23475v1/abstract,vectors-0001.png,1041,0.0055794105511811016
intent-vs-fact/arxiv:2608.23476v1/abstract,vectors-0001.png,1042,0.0055063634645669286
intent-vs-fact/arxiv:2608.23478v1/abstract,vectors-0001.png,1043,0.005531090551181102
intent-vs-fact/arxiv:2608.23484v1/abstract,vectors-0001.png,1044,0.005746576377952756
intent-vs-fact/arxiv:2608.23493v1/abstract,vectors-0001.png,1045,0.0055213362204724415
intent-vs-fact/arxiv:2608.23497v1/abstract,vectors-0001.png,1046,0.0056624666141732284
intent-vs-fact/arxiv:2608.23507v1/abstract,vectors-0001.png,1047,0.00579108031496063
intent-vs-fact/arxiv:2608.23524v1/abstract,vectors-0001.png,1048,0.005528701574803149
intent-vs-fact/arxiv:2608.23525v1/abstract,vectors-0001.png,1049,0.005567792913385826
intent-vs-fact/arxiv:2608.23526v1/abstract,vectors-0001.png,1050,0.005472853858267716
intent-vs-fact/arxiv:2608.23536v1/abstract,vectors-0001.png,1051,0.005543098425196851
intent-vs-fact/arxiv:2608.23541v1/abstract,vectors-0001.png,1052,0.005777734645669292
intent-vs-fact/arxiv:2608.23543v1/abstract,vectors-0001.png,1053,0.005531997165354331
intent-vs-fact/arxiv:2608.23551v1/abstract,vectors-0001.png,1054,0.005481499212598425
intent-vs-fact/arxiv:2608.23552v1/abstract,vectors-0001.png,1055,0.00547462125984252
intent-vs-fact/arxiv:2608.23562v1/abstract,vectors-0001.png,1056,0.00556481968503937
intent-vs-fact/arxiv:2608.23563v1/abstract,vectors-0001.png,1057,0.005372742519685039
intent-vs-fact/arxiv:2608.23564v1/abstract,vectors-0001.png,1058,0.005649254094488189
intent-vs-fact/arxiv:2608.23565v1/abstract,vectors-0001.png,1059,0.005921529921259843
intent-vs-fact/arxiv:2608.23566v2/abstract,vectors-0001.png,1060,0.00554175590551181
intent-vs-fact/arxiv:2608.23622v1/abstract,vectors-0001.png,1061,0.005380004724409449
intent-vs-fact/arxiv:2608.23691v2/abstract,vectors-0001.png,1062,0.00562796062992126
intent-vs-fact/arxiv:2608.23867v1/abstract,vectors-0001.png,1063,0.005604166929133858
intent-vs-fact/arxiv:2608.23918v1/abstract,vectors-0001.png,1064,0.005670111496062992
intent-vs-fact/arxiv:2608.23979v1/abstract,vectors-0001.png,1065,0.005965833622047245
intent-vs-fact/arxiv:2608.24069v1/abstract,vectors-0001.png,1066,0.0056915543307086616
intent-vs-fact/arxiv:2608.24215v1/abstract,vectors-0001.png,1067,0.005623953070866142
intent-vs-fact/arxiv:2608.24354v1/abstract,vectors-0001.png,1068,0.005451435196850394
intent-vs-fact/arxiv:2608.24360v1/abstract,vectors-0001.png,1069,0.005227528661417322
intent-vs-fact/arxiv:2608.24400v1/abstract,vectors-0001.png,1070,0.005728824409448818
intent-vs-fact/arxiv:2608.24460v1/abstract,vectors-0001.png,1071,0.0060123409448818894
intent-vs-fact/arxiv:2608.24473v1/abstract,vectors-0001.png,1072,0.005365048818897638
intent-vs-fact/arxiv:2608.24477v1/abstract,vectors-0001.png,1073,0.005482313700787402
intent-vs-fact/arxiv:2608.24482v1/abstract,vectors-0001.png,1074,0.005561462992125984
intent-vs-fact/arxiv:2608.24492v2/abstract,vectors-0001.png,1075,0.005834065354330709
intent-vs-fact/arxiv:2608.24521v3/abstract,vectors-0001.png,1076,0.005651073700787402
intent-vs-fact/arxiv:2608.24554v1/abstract,vectors-0001.png,1077,0.0058483464566929134
intent-vs-fact/arxiv:2608.24555v1/abstract,vectors-0001.png,1078,0.0053518301574803145
intent-vs-fact/arxiv:2608.24569v1/abstract,vectors-0001.png,1079,0.005786686614173229
intent-vs-fact/arxiv:2608.24590v1/abstract,vectors-0001.png,1080,0.0054736996062992125
intent-vs-fact/arxiv:2608.24615v1/abstract,vectors-0001.png,1081,0.005592396850393701
intent-vs-fact/arxiv:2608.24621v2/abstract,vectors-0001.png,1082,0.005560890866141733
intent-vs-fact/arxiv:2608.24654v1/abstract,vectors-0001.png,1083,0.00482943937007874
intent-vs-fact/arxiv:2608.24660v1/abstract,vectors-0001.png,1084,0.006059475275590551
intent-vs-fact/arxiv:2608.24662v2/abstract,vectors-0001.png,1085,0.0057686084251968505
intent-vs-fact/arxiv:2608.24664v1/abstract,vectors-0001.png,1086,0.005178724409448819
intent-vs-fact/arxiv:2608.24683v1/abstract,vectors-0001.png,1087,0.005466721653543307
intent-vs-fact/arxiv:2608.24691v1/abstract,vectors-0001.png,1088,0.005843668976377953
intent-vs-fact/arxiv:2608.24696v3/abstract,vectors-0001.png,1089,0.005403225984251968
intent-vs-fact/arxiv:2608.24698v1/abstract,vectors-0001.png,1090,0.005545690551181102
intent-vs-fact/arxiv:2608.24707v2/abstract,vectors-0001.png,1091,0.005843451653543307
intent-vs-fact/arxiv:2608.24712v1/abstract,vectors-0001.png,1092,0.005329488188976378
intent-vs-fact/arxiv:2608.24713v1/abstract,vectors-0001.png,1093,0.0057128748031496064
intent-vs-fact/arxiv:2608.24715v1/abstract,vectors-0001.png,1094,0.005394845669291339
intent-vs-fact/arxiv:2608.24721v2/abstract,vectors-0001.png,1095,0.00540924094488189
intent-vs-fact/arxiv:2608.24726v1/abstract,vectors-0001.png,1096,0.005789224094488189
intent-vs-fact/arxiv:2608.24727v1/abstract,vectors-0001.png,1097,0.005581443307086614
intent-vs-fact/arxiv:2608.24735v1/abstract,vectors-0001.png,1098,0.0058878283464566935
intent-vs-fact/arxiv:2608.24742v1/abstract,vectors-0001.png,1099,0.005640990551181102
intent-vs-fact/arxiv:2608.24747v1/abstract,vectors-0001.png,1100,0.005327245354330708
intent-vs-fact/arxiv:2608.24748v1/abstract,vectors-0001.png,1101,0.005374627559055118
intent-vs-fact/arxiv:2608.24753v1/abstract,vectors-0001.png,1102,0.005722525984251968
intent-vs-fact/arxiv:2608.24758v2/abstract,vectors-0001.png,1103,0.0053448090551181104
intent-vs-fact/arxiv:2608.24760v1/abstract,vectors-0001.png,1104,0.005490993700787402
intent-vs-fact/arxiv:2608.24762v1/abstract,vectors-0001.png,1105,0.00534114125984252
intent-vs-fact/arxiv:2608.24764v1/abstract,vectors-0001.png,1106,0.005608736535433071
intent-vs-fact/arxiv:2608.24768v1/abstract,vectors-0001.png,1107,0.0055217
intent-vs-fact/arxiv:2608.24771v1/abstract,vectors-0001.png,1108,0.005655151181102362
intent-vs-fact/arxiv:2608.24777v1/abstract,vectors-0001.png,1109,0.005540231496062992
intent-vs-fact/arxiv:2608.24780v1/abstract,vectors-0001.png,1110,0.005470293700787402
intent-vs-fact/arxiv:2608.24787v1/abstract,vectors-0001.png,1111,0.005491798425196851
intent-vs-fact/arxiv:2608.24790v1/abstract,vectors-0001.png,1112,0.0057279669291338585
intent-vs-fact/arxiv:2608.24794v2/abstract,vectors-0001.png,1113,0.005418414960629921
intent-vs-fact/arxiv:2608.24804v1/abstract,vectors-0001.png,1114,0.005625084251968504
intent-vs-fact/arxiv:2608.24807v1/abstract,vectors-0001.png,1115,0.005496265826771654
intent-vs-fact/arxiv:2608.24809v1/abstract,vectors-0001.png,1116,0.0053633311023622045
intent-vs-fact/arxiv:2608.24810v1/abstract,vectors-0001.png,1117,0.005709070078740157
intent-vs-fact/arxiv:2608.24824v1/abstract,vectors-0001.png,1118,0.00568386748031496
intent-vs-fact/arxiv:2608.24825v1/abstract,vectors-0001.png,1119,0.005714723937007874
intent-vs-fact/arxiv:2608.24842v1/abstract,vectors-0001.png,1120,0.00569800125984252
intent-vs-fact/arxiv:2608.24845v1/abstract,vectors-0001.png,1121,0.005151282677165354
intent-vs-fact/arxiv:2608.24846v1/abstract,vectors-0001.png,1122,0.005731636614173228
intent-vs-fact/arxiv:2608.24848v1/abstract,vectors-0001.png,1123,0.005441081102362204
intent-vs-fact/arxiv:2608.24870v1/abstract,vectors-0001.png,1124,0.005485572677165354
intent-vs-fact/arxiv:2608.24876v1/abstract,vectors-0001.png,1125,0.005577814173228346
intent-vs-fact/arxiv:2608.25215v1/abstract,vectors-0001.png,1126,0.005825400314960629
intent-vs-fact/arxiv:2608.25419v1/abstract,vectors-0001.png,1127,0.005565647559055118
intent-vs-fact/arxiv:2608.25457v3/abstract,vectors-0001.png,1128,0.005494312992125984
intent-vs-fact/arxiv:2608.25570v1/abstract,vectors-0001.png,1129,0.005517249606299212
intent-vs-fact/arxiv:2608.25690v1/abstract,vectors-0001.png,1130,0.005643125196850393
intent-vs-fact/arxiv:2608.25761v1/abstract,vectors-0001.png,1131,0.005671400236220473
intent-vs-fact/arxiv:2608.25768v1/abstract,vectors-0001.png,1132,0.005498326771653543
intent-vs-fact/arxiv:2608.25770v1/abstract,vectors-0001.png,1133,0.005115692125984252
intent-vs-fact/arxiv:2608.25779v3/abstract,vectors-0001.png,1134,0.005778124960629921
intent-vs-fact/arxiv:2608.25824v1/abstract,vectors-0001.png,1135,0.005744968503937008
intent-vs-fact/arxiv:2608.25826v2/abstract,vectors-0001.png,1136,0.005701208188976378
intent-vs-fact/arxiv:2608.25832v1/abstract,vectors-0001.png,1137,0.00557043779527559
intent-vs-fact/arxiv:2608.25854v1/abstract,vectors-0001.png,1138,0.00558313937007874
intent-vs-fact/arxiv:2608.25869v1/abstract,vectors-0001.png,1139,0.005742877952755905
intent-vs-fact/arxiv:2608.25881v1/abstract,vectors-0001.png,1140,0.005464607086614174
intent-vs-fact/arxiv:2608.25894v1/abstract,vectors-0001.png,1141,0.005566759842519684
intent-vs-fact/arxiv:2608.25904v3/abstract,vectors-0001.png,1142,0.005727461417322835
intent-vs-fact/arxiv:2608.25910v1/abstract,vectors-0001.png,1143,0.00553583779527559
intent-vs-fact/arxiv:2608.25922v2/abstract,vectors-0001.png,1144,0.005926525196850394
intent-vs-fact/arxiv:2608.25926v1/abstract,vectors-0001.png,1145,0.0056562742519685036
intent-vs-fact/arxiv:2608.25927v1/abstract,vectors-0001.png,1146,0.005480920236220472
intent-vs-fact/arxiv:2608.25928v1/abstract,vectors-0001.png,1147,0.005071389763779527
intent-vs-fact/arxiv:2608.25934v1/abstract,vectors-0001.png,1148,0.005448536614173228
intent-vs-fact/arxiv:2608.25935v1/abstract,vectors-0001.png,1149,0.004989128346456693
intent-vs-fact/arxiv:2608.25936v1/abstract,vectors-0001.png,1150,0.005580123622047245
intent-vs-fact/arxiv:2608.25937v2/abstract,vectors-0001.png,1151,0.0056854744881889765
intent-vs-fact/arxiv:2608.25940v2/abstract,vectors-0001.png,1152,0.005095494488188977
intent-vs-fact/arxiv:2608.25944v2/abstract,vectors-0001.png,1153,0.005904954330708661
intent-vs-fact/arxiv:2608.25952v2/abstract,vectors-0001.png,1154,0.005531067716535433
intent-vs-fact/arxiv:2608.25955v1/abstract,vectors-0001.png,1155,0.005959000787401574
intent-vs-fact/arxiv:2608.25960v1/abstract,vectors-0001.png,1156,0.005249223622047244
intent-vs-fact/arxiv:2608.25968v1/abstract,vectors-0001.png,1157,0.005707421653543307
intent-vs-fact/arxiv:2608.25970v1/abstract,vectors-0001.png,1158,0.0056969523622047245
intent-vs-fact/arxiv:2608.25973v1/abstract,vectors-0001.png,1159,0.0054986012598425196
intent-vs-fact/arxiv:2608.25976v1/abstract,vectors-0001.png,1160,0.00568583346456693
intent-vs-fact/arxiv:2608.25977v2/abstract,vectors-0001.png,1161,0.005433064251968504
intent-vs-fact/arxiv:2608.25981v1/abstract,vectors-0001.png,1162,0.005683424881889764
intent-vs-fact/arxiv:2608.25986v1/abstract,vectors-0001.png,1163,0.005221595275590551
intent-vs-fact/arxiv:2608.25992v2/abstract,vectors-0001.png,1164,0.005587163385826772
intent-vs-fact/arxiv:2608.25999v1/abstract,vectors-0001.png,1165,0.005598369291338583
intent-vs-fact/arxiv:2608.26004v1/abstract,vectors-0001.png,1166,0.005723128346456693
intent-vs-fact/arxiv:2608.26005v1/abstract,vectors-0001.png,1167,0.005430220157480315
intent-vs-fact/arxiv:2608.26008v1/abstract,vectors-0001.png,1168,0.005700347244094488
intent-vs-fact/arxiv:2608.26009v1/abstract,vectors-0001.png,1169,0.005403688188976378
intent-vs-fact/arxiv:2608.26019v1/abstract,vectors-0001.png,1170,0.005416752283464567
intent-vs-fact/arxiv:2608.26035v1/abstract,vectors-0001.png,1171,0.005756613385826771
intent-vs-fact/arxiv:2608.26036v1/abstract,vectors-0001.png,1172,0.005726757007874016
intent-vs-fact/arxiv:2608.26051v1/abstract,vectors-0001.png,1173,0.0054248976377952755
intent-vs-fact/arxiv:2608.26052v1/abstract,vectors-0001.png,1174,0.005782414960629922
intent-vs-fact/arxiv:2608.26053v1/abstract,vectors-0001.png,1175,0.005353163779527559
intent-vs-fact/arxiv:2608.26060v1/abstract,vectors-0001.png,1176,0.005408727244094488
intent-vs-fact/arxiv:2608.26070v1/abstract,vectors-0001.png,1177,0.005573051968503937
intent-vs-fact/arxiv:2608.26074v1/abstract,vectors-0001.png,1178,0.006013228661417323
intent-vs-fact/arxiv:2608.26081v1/abstract,vectors-0001.png,1179,0.005577605511811024
intent-vs-fact/arxiv:2608.26083v3/abstract,vectors-0001.png,1180,0.005448142834645669
intent-vs-fact/arxiv:2608.26086v2/abstract,vectors-0001.png,1181,0.005714110472440945
intent-vs-fact/arxiv:2608.26088v3/abstract,vectors-0001.png,1182,0.005380714173228347
intent-vs-fact/arxiv:2608.26090v1/abstract,vectors-0001.png,1183,0.005678496062992125
intent-vs-fact/arxiv:2608.26091v1/abstract,vectors-0001.png,1184,0.005612144881889764
intent-vs-fact/arxiv:2608.26094v1/abstract,vectors-0001.png,1185,0.005408266377952756
intent-vs-fact/arxiv:2608.26095v1/abstract,vectors-0001.png,1186,0.005604393700787401
intent-vs-fact/arxiv:2608.26105v2/abstract,vectors-0001.png,1187,0.005315728346456693
intent-vs-fact/arxiv:2608.26221v1/abstract,vectors-0001.png,1188,0.005205155905511812
intent-vs-fact/arxiv:2608.26225v1/abstract,vectors-0001.png,1189,0.005842078740157481
intent-vs-fact/arxiv:2608.26263v3/abstract,vectors-0001.png,1190,0.0055388551181102365
intent-vs-fact/arxiv:2608.26295v1/abstract,vectors-0001.png,1191,0.0056382399212598425
intent-vs-fact/arxiv:2608.26480v2/abstract,vectors-0001.png,1192,0.005482529921259843
intent-vs-fact/arxiv:2608.26626v1/abstract,vectors-0001.png,1193,0.005582225590551181
intent-vs-fact/arxiv:2608.26683v1/abstract,vectors-0001.png,1194,0.005510100787401575
intent-vs-fact/arxiv:2608.26759v1/abstract,vectors-0001.png,1195,0.005720294803149607
intent-vs-fact/arxiv:2608.26788v1/abstract,vectors-0001.png,1196,0.005539754724409449
intent-vs-fact/arxiv:2608.26849v2/abstract,vectors-0001.png,1197,0.005302071102362205
intent-vs-fact/arxiv:2608.26896v1/abstract,vectors-0001.png,1198,0.0055545960629921265
intent-vs-fact/arxiv:2608.26939v1/abstract,vectors-0001.png,1199,0.005731368503937007
intent-vs-fact/arxiv:2608.26990v1/abstract,vectors-0001.png,1200,0.005692403937007874
intent-vs-fact/arxiv:2608.27086v2/abstract,vectors-0001.png,1201,0.0058478039370078744
intent-vs-fact/arxiv:2608.27161v1/abstract,vectors-0001.png,1202,0.005672516771653544
intent-vs-fact/arxiv:2608.27165v1/abstract,vectors-0001.png,1203,0.00604541811023622
intent-vs-fact/arxiv:2608.27167v2/abstract,vectors-0001.png,1204,0.005849353937007875
intent-vs-fact/arxiv:2608.27176v2/abstract,vectors-0001.png,1205,0.005713124409448819
intent-vs-fact/arxiv:2608.27219v1/abstract,vectors-0001.png,1206,0.00564455094488189
intent-vs-fact/arxiv:2608.27225v1/abstract,vectors-0001.png,1207,0.00560328062992126
intent-vs-fact/arxiv:2608.27244v1/abstract,vectors-0001.png,1208,0.005502767716535433
intent-vs-fact/arxiv:2608.27260v1/abstract,vectors-0001.png,1209,0.005500003543307087
intent-vs-fact/arxiv:2608.27265v1/abstract,vectors-0001.png,1210,0.005539545354330708
intent-vs-fact/arxiv:2608.27266v1/abstract,vectors-0001.png,1211,0.005169444094488189
intent-vs-fact/arxiv:2608.27268v1/abstract,vectors-0001.png,1212,0.005641591338582677
intent-vs-fact/arxiv:2608.27282v1/abstract,vectors-0001.png,1213,0.005291915354330708
intent-vs-fact/arxiv:2608.27296v2/abstract,vectors-0001.png,1214,0.005670506299212599
intent-vs-fact/arxiv:2608.27309v2/abstract,vectors-0001.png,1215,0.005843741732283464
intent-vs-fact/arxiv:2608.27311v1/abstract,vectors-0001.png,1216,0.005610699212598425
intent-vs-fact/arxiv:2608.27334v1/abstract,vectors-0001.png,1217,0.00554339842519685
intent-vs-fact/arxiv:2608.27338v1/abstract,vectors-0001.png,1218,0.0057549800787401574
intent-vs-fact/arxiv:2608.27339v3/abstract,vectors-0001.png,1219,0.005860467716535434
intent-vs-fact/arxiv:2608.27340v1/abstract,vectors-0001.png,1220,0.005756405511811023
intent-vs-fact/arxiv:2608.27343v1/abstract,vectors-0001.png,1221,0.005751347244094489
intent-vs-fact/arxiv:2608.27345v3/abstract,vectors-0001.png,1222,0.005666084251968503
intent-vs-fact/arxiv:2608.27348v1/abstract,vectors-0001.png,1223,0.0056710351181102365
intent-vs-fact/arxiv:2608.27358v1/abstract,vectors-0001.png,1224,0.0055383700787401575
intent-vs-fact/arxiv:2608.27360v1/abstract,vectors-0001.png,1225,0.005159837007874016
intent-vs-fact/arxiv:2608.27364v1/abstract,vectors-0001.png,1226,0.00538412125984252
intent-vs-fact/arxiv:2608.27365v1/abstract,vectors-0001.png,1227,0.005659301574803149
intent-vs-fact/arxiv:2608.27366v1/abstract,vectors-0001.png,1228,0.005324785039370079
intent-vs-fact/arxiv:2608.27367v4/abstract,vectors-0001.png,1229,0.005482946456692913
intent-vs-fact/arxiv:2608.27370v2/abstract,vectors-0001.png,1230,0.005397786614173229
intent-vs-fact/arxiv:2608.27380v2/abstract,vectors-0001.png,1231,0.00576971811023622
intent-vs-fact/arxiv:2608.27391v1/abstract,vectors-0001.png,1232,0.005186904724409448
intent-vs-fact/arxiv:2608.27392v1/abstract,vectors-0001.png,1233,0.005601897952755905
intent-vs-fact/arxiv:2608.27394v3/abstract,vectors-0001.png,1234,0.005382857952755906
intent-vs-fact/arxiv:2608.27395v1/abstract,vectors-0001.png,1235,0.005509942519685039
intent-vs-fact/arxiv:2608.27397v1/abstract,vectors-0001.png,1236,0.00581972283464567
intent-vs-fact/arxiv:2608.27402v1/abstract,vectors-0001.png,1237,0.005746460629921259
intent-vs-fact/arxiv:2608.27406v2/abstract,vectors-0001.png,1238,0.005364850393700788
intent-vs-fact/arxiv:2608.27409v2/abstract,vectors-0001.png,1239,0.005479261417322834
intent-vs-fact/arxiv:2608.27420v1/abstract,vectors-0001.png,1240,0.005634159842519685
intent-vs-fact/arxiv:2608.27421v1/abstract,vectors-0001.png,1241,0.005705355669291338
intent-vs-fact/arxiv:2608.27424v1/abstract,vectors-0001.png,1242,0.005635529527559056
intent-vs-fact/arxiv:2608.27427v2/abstract,vectors-0001.png,1243,0.005662504724409449
intent-vs-fact/arxiv:2608.27428v1/abstract,vectors-0001.png,1244,0.005701124409448819
intent-vs-fact/arxiv:2608.27429v2/abstract,vectors-0001.png,1245,0.005593033858267716
intent-vs-fact/arxiv:2608.27439v2/abstract,vectors-0001.png,1246,0.005425722047244095
intent-vs-fact/arxiv:2608.27442v1/abstract,vectors-0001.png,1247,0.005761911811023622
intent-vs-fact/arxiv:2608.27448v1/abstract,vectors-0001.png,1248,0.005639175275590551
intent-vs-fact/arxiv:2608.27449v1/abstract,vectors-0001.png,1249,0.005527667716535433
intent-vs-fact/arxiv:2608.27454v1/abstract,vectors-0001.png,1250,0.005325170078740157
intent-vs-fact/arxiv:2608.27455v1/abstract,vectors-0001.png,1251,0.005424418110236221
intent-vs-fact/arxiv:2608.27843v1/abstract,vectors-0001.png,1252,0.005531366929133858
intent-vs-fact/arxiv:2608.27856v1/abstract,vectors-0001.png,1253,0.005199313385826772
intent-vs-fact/arxiv:2608.27992v1/abstract,vectors-0001.png,1254,0.005945912992125984
intent-vs-fact/arxiv:2608.28001v1/abstract,vectors-0001.png,1255,0.005290405039370079
intent-vs-fact/arxiv:2608.28021v2/abstract,vectors-0001.png,1256,0.00565686094488189
intent-vs-fact/arxiv:2608.28046v1/abstract,vectors-0001.png,1257,0.005616825984251969
intent-vs-fact/arxiv:2608.28155v1/abstract,vectors-0001.png,1258,0.005791872440944882
intent-vs-fact/arxiv:2608.28170v1/abstract,vectors-0001.png,1259,0.005604026377952756
intent-vs-fact/arxiv:2608.28182v1/abstract,vectors-0001.png,1260,0.005845334645669291
intent-vs-fact/arxiv:2608.28229v1/abstract,vectors-0001.png,1261,0.005697361417322834
intent-vs-fact/arxiv:2608.28248v1/abstract,vectors-0001.png,1262,0.005369545669291339
intent-vs-fact/arxiv:2608.28283v1/abstract,vectors-0001.png,1263,0.005707548031496063
intent-vs-fact/arxiv:2608.28293v1/abstract,vectors-0001.png,1264,0.005590442519685039
intent-vs-fact/arxiv:2608.28306v1/abstract,vectors-0001.png,1265,0.005604844409448819
intent-vs-fact/arxiv:2608.28312v1/abstract,vectors-0001.png,1266,0.005397345118110236
intent-vs-fact/arxiv:2608.28327v1/abstract,vectors-0001.png,1267,0.0057224917322834645
intent-vs-fact/arxiv:2608.28329v1/abstract,vectors-0001.png,1268,0.005335705039370079
intent-vs-fact/arxiv:2608.28378v1/abstract,vectors-0001.png,1269,0.005484402362204724
intent-vs-fact/arxiv:2608.28382v2/abstract,vectors-0001.png,1270,0.005742433070866142
intent-vs-fact/arxiv:2608.28383v1/abstract,vectors-0001.png,1271,0.0054941571653543304
intent-vs-fact/arxiv:2608.28384v1/abstract,vectors-0001.png,1272,0.005240122047244095
intent-vs-fact/arxiv:2608.28389v1/abstract,vectors-0001.png,1273,0.005663818897637795
intent-vs-fact/arxiv:2608.28393v2/abstract,vectors-0001.png,1274,0.0057099803149606295
intent-vs-fact/arxiv:2608.28394v1/abstract,vectors-0001.png,1275,0.005367024409448819
intent-vs-fact/arxiv:2608.28399v1/abstract,vectors-0001.png,1276,0.005762589291338582
intent-vs-fact/arxiv:2608.28402v1/abstract,vectors-0001.png,1277,0.005725051968503937
intent-vs-fact/arxiv:2608.28405v1/abstract,vectors-0001.png,1278,0.005316514960629921
intent-vs-fact/arxiv:2608.28407v1/abstract,vectors-0001.png,1279,0.005345399212598426
intent-vs-fact/arxiv:2608.28411v1/abstract,vectors-0001.png,1280,0.005364361417322835
intent-vs-fact/arxiv:2608.28421v1/abstract,vectors-0001.png,1281,0.005673007086614174
intent-vs-fact/arxiv:2608.28432v1/abstract,vectors-0001.png,1282,0.005741125511811024
intent-vs-fact/arxiv:2608.28433v2/abstract,vectors-0001.png,1283,0.0054726131496063
intent-vs-fact/arxiv:2608.28439v1/abstract,vectors-0001.png,1284,0.005815940157480315
intent-vs-fact/arxiv:2608.28444v1/abstract,vectors-0001.png,1285,0.005631367952755905
intent-vs-fact/arxiv:2608.28447v1/abstract,vectors-0001.png,1286,0.005442006299212599
intent-vs-fact/arxiv:2608.28455v1/abstract,vectors-0001.png,1287,0.005409261811023622
intent-vs-fact/arxiv:2608.28458v1/abstract,vectors-0001.png,1288,0.005996649212598426
intent-vs-fact/arxiv:2608.28461v1/abstract,vectors-0001.png,1289,0.005669414960629921
intent-vs-fact/arxiv:2608.28467v1/abstract,vectors-0001.png,1290,0.005551138267716536
intent-vs-fact/arxiv:2608.28468v1/abstract,vectors-0001.png,1291,0.005340651181102362
intent-vs-fact/arxiv:2608.28475v1/abstract,vectors-0001.png,1292,0.0058954611811023626
intent-vs-fact/arxiv:2608.28476v1/abstract,vectors-0001.png,1293,0.005440407086614174
intent-vs-fact/arxiv:2608.28478v1/abstract,vectors-0001.png,1294,0.005740966141732283
intent-vs-fact/arxiv:2608.28481v1/abstract,vectors-0001.png,1295,0.00563829842519685
intent-vs-fact/arxiv:2608.28482v2/abstract,vectors-0001.png,1296,0.005508897637795275
intent-vs-fact/arxiv:2608.28490v1/abstract,vectors-0001.png,1297,0.005351047244094489
intent-vs-fact/arxiv:2608.28491v1/abstract,vectors-0001.png,1298,0.005574322834645669
intent-vs-fact/arxiv:2608.28496v2/abstract,vectors-0001.png,1299,0.005700769291338582
intent-vs-fact/arxiv:2608.28497v1/abstract,vectors-0001.png,1300,0.005419002362204725
intent-vs-fact/arxiv:2608.28508v1/abstract,vectors-0001.png,1301,0.0055839729133858275
intent-vs-fact/arxiv:2608.28511v1/abstract,vectors-0001.png,1302,0.005140988976377952
intent-vs-fact/arxiv:2608.28515v1/abstract,vectors-0001.png,1303,0.0058972
intent-vs-fact/arxiv:2608.28518v1/abstract,vectors-0001.png,1304,0.005083890551181102
intent-vs-fact/arxiv:2608.28524v1/abstract,vectors-0001.png,1305,0.005207546456692914
intent-vs-fact/arxiv:2608.28534v1/abstract,vectors-0001.png,1306,0.005452855118110236
intent-vs-fact/arxiv:2608.28541v1/abstract,vectors-0001.png,1307,0.005990287952755906
intent-vs-fact/arxiv:2608.28542v1/abstract,vectors-0001.png,1308,0.0056454653543307086
intent-vs-fact/arxiv:2608.28549v1/abstract,vectors-0001.png,1309,0.0053685078740157485
intent-vs-fact/arxiv:2608.28553v3/abstract,vectors-0001.png,1310,0.005866157480314961
intent-vs-fact/arxiv:2608.28557v1/abstract,vectors-0001.png,1311,0.005597802598425197
intent-vs-fact/arxiv:2608.28560v1/abstract,vectors-0001.png,1312,0.005434646850393701
intent-vs-fact/arxiv:2608.28576v1/abstract,vectors-0001.png,1313,0.005188322834645669
intent-vs-fact/arxiv:2608.28578v2/abstract,vectors-0001.png,1314,0.005646426377952756
intent-vs-fact/arxiv:2608.28754v1/abstract,vectors-0001.png,1315,0.005692259842519685
intent-vs-fact/arxiv:2608.28790v1/abstract,vectors-0001.png,1316,0.005552035118110236
intent-vs-fact/arxiv:2608.28877v2/abstract,vectors-0001.png,1317,0.0056034246456692915
intent-vs-fact/arxiv:2608.29174v1/abstract,vectors-0001.png,1318,0.005815917559055118
intent-vs-fact/arxiv:2608.29228v2/abstract,vectors-0001.png,1319,0.005573477952755905
intent-vs-fact/arxiv:2608.29251v1/abstract,vectors-0001.png,1320,0.005582765354330708
intent-vs-fact/arxiv:2608.29388v1/abstract,vectors-0001.png,1321,0.005215662204724409
intent-vs-fact/arxiv:2608.29490v1/abstract,vectors-0001.png,1322,0.005291818661417323
intent-vs-fact/arxiv:2608.29528v1/abstract,vectors-0001.png,1323,0.005544638582677165
intent-vs-fact/arxiv:2608.29562v1/abstract,vectors-0001.png,1324,0.005629629921259842
intent-vs-fact/arxiv:2608.29596v1/abstract,vectors-0001.png,1325,0.005618940157480315
intent-vs-fact/arxiv:2608.29615v1/abstract,vectors-0001.png,1326,0.005702568503937008
intent-vs-fact/arxiv:2608.29622v1/abstract,vectors-0001.png,1327,0.005562190551181102
intent-vs-fact/arxiv:2608.29641v1/abstract,vectors-0001.png,1328,0.005546284251968504
intent-vs-fact/arxiv:2608.29646v1/abstract,vectors-0001.png,1329,0.005624282677165354
intent-vs-fact/arxiv:2608.30083v1/abstract,vectors-0001.png,1330,0.005656160236220472
intent-vs-fact/arxiv:2608.30277v2/abstract,vectors-0001.png,1331,0.005622459842519685
intent-vs-fact/arxiv:2608.30659v1/abstract,vectors-0001.png,1332,0.005555604724409449
intent-vs-fact/arxiv:2608.30672v1/abstract,vectors-0001.png,1333,0.0054195466929133854
intent-vs-fact/arxiv:2608.30874v1/abstract,vectors-0001.png,1334,0.0054697999999999995
intent-vs-fact/arxiv:2608.30923v1/abstract,vectors-0001.png,1335,0.005372248031496063
intent-vs-fact/arxiv:2608.30927v1/abstract,vectors-0001.png,1336,0.005676048818897638
intent-vs-fact/arxiv:2608.30935v2/abstract,vectors-0001.png,1337,0.005629453543307087
intent-vs-fact/arxiv:2608.30938v1/abstract,vectors-0001.png,1338,0.005442476377952757
intent-vs-fact/arxiv:2608.30940v1/abstract,vectors-0001.png,1339,0.0050634496062992125
intent-vs-fact/arxiv:2608.30948v1/abstract,vectors-0001.png,1340,0.005156702913385827
intent-vs-fact/arxiv:2608.30952v1/abstract,vectors-0001.png,1341,0.00558435748031496
intent-vs-fact/arxiv:2608.30955v1/abstract,vectors-0001.png,1342,0.0053015177952755906
intent-vs-fact/arxiv:2608.30956v1/abstract,vectors-0001.png,1343,0.00547731157480315
intent-vs-fact/arxiv:2608.30959v1/abstract,vectors-0001.png,1344,0.005362587637795276
intent-vs-fact/arxiv:2608.30963v1/abstract,vectors-0001.png,1345,0.0055376929133858265
intent-vs-fact/arxiv:2608.30968v2/abstract,vectors-0001.png,1346,0.005629840157480315
intent-vs-fact/arxiv:2608.30971v1/abstract,vectors-0001.png,1347,0.005566366929133858
intent-vs-fact/arxiv:2608.30974v2/abstract,vectors-0001.png,1348,0.005632711811023622
intent-vs-fact/arxiv:2608.30975v1/abstract,vectors-0001.png,1349,0.005540557716535432
intent-vs-fact/arxiv:2608.30980v1/abstract,vectors-0001.png,1350,0.005354774251968504
intent-vs-fact/arxiv:2608.30986v1/abstract,vectors-0001.png,1351,0.005371655511811024
intent-vs-fact/arxiv:2608.30987v1/abstract,vectors-0001.png,1352,0.005595703149606299
intent-vs-fact/arxiv:2608.30996v1/abstract,vectors-0001.png,1353,0.005573403622047245
intent-vs-fact/arxiv:2608.31007v1/abstract,vectors-0001.png,1354,0.00548967716535433
intent-vs-fact/arxiv:2608.31014v1/abstract,vectors-0001.png,1355,0.005800835748031496
intent-vs-fact/arxiv:2608.31016v1/abstract,vectors-0001.png,1356,0.005819529921259843
intent-vs-fact/arxiv:2608.31017v1/abstract,vectors-0001.png,1357,0.005596411023622048
intent-vs-fact/arxiv:2608.31022v1/abstract,vectors-0001.png,1358,0.005784855590551181
intent-vs-fact/arxiv:2608.31035v1/abstract,vectors-0001.png,1359,0.0057513251968503935
intent-vs-fact/arxiv:2608.31037v1/abstract,vectors-0001.png,1360,0.005544094094488189
intent-vs-fact/arxiv:2608.31038v1/abstract,vectors-0001.png,1361,0.005577747716535433
intent-vs-fact/arxiv:2608.31046v2/abstract,vectors-0001.png,1362,0.005476036220472441
intent-vs-fact/arxiv:2608.31057v1/abstract,vectors-0001.png,1363,0.0055468396850393694
intent-vs-fact/arxiv:2608.31058v1/abstract,vectors-0001.png,1364,0.0055458322834645675
intent-vs-fact/arxiv:2608.31059v1/abstract,vectors-0001.png,1365,0.005501688188976377
intent-vs-fact/arxiv:2608.31066v1/abstract,vectors-0001.png,1366,0.005784407874015749
intent-vs-fact/arxiv:2608.31068v1/abstract,vectors-0001.png,1367,0.0058857448818897635
intent-vs-fact/arxiv:2608.31069v1/abstract,vectors-0001.png,1368,0.005563021653543307
intent-vs-fact/arxiv:2608.31074v1/abstract,vectors-0001.png,1369,0.005542661417322835
intent-vs-fact/arxiv:2608.31075v2/abstract,vectors-0001.png,1370,0.005350887401574803
intent-vs-fact/arxiv:2608.31076v1/abstract,vectors-0001.png,1371,0.0053407625196850396
intent-vs-fact/arxiv:2608.31077v2/abstract,vectors-0001.png,1372,0.005616893700787402
intent-vs-fact/arxiv:2608.31082v2/abstract,vectors-0001.png,1373,0.005611096299212599
intent-vs-fact/arxiv:2608.31084v1/abstract,vectors-0001.png,1374,0.005612380866141732
intent-vs-fact/arxiv:2608.31097v1/abstract,vectors-0001.png,1375,0.005574374803149606
intent-vs-fact/arxiv:2608.31100v1/abstract,vectors-0001.png,1376,0.0053644598425196845
intent-vs-fact/arxiv:2608.31102v1/abstract,vectors-0001.png,1377,0.00554361968503937
intent-vs-fact/arxiv:2608.31105v1/abstract,vectors-0001.png,1378,0.0056358133858267715
intent-vs-fact/arxiv:2608.31111v1/abstract,vectors-0001.png,1379,0.005807114173228346
intent-vs-fact/arxiv:2608.31118v1/abstract,vectors-0001.png,1380,0.005496931811023622
intent-vs-fact/arxiv:2608.31119v1/abstract,vectors-0001.png,1381,0.005554203149606299
intent-vs-fact/arxiv:2608.31128v1/abstract,vectors-0001.png,1382,0.005121993700787401
intent-vs-fact/arxiv:2608.31137v1/abstract,vectors-0001.png,1383,0.0057228425196850395
intent-vs-fact/arxiv:2608.31139v1/abstract,vectors-0001.png,1384,0.005672672440944882
intent-vs-fact/arxiv:2608.31142v1/abstract,vectors-0001.png,1385,0.00554826031496063
intent-vs-fact/arxiv:2608.31167v2/abstract,vectors-0001.png,1386,0.005784443307086614
intent-vs-fact/arxiv:2608.31170v1/abstract,vectors-0001.png,1387,0.005483820472440944
intent-vs-fact/arxiv:2609.00032v1/abstract,vectors-0001.png,1388,0.005859691338582677
intent-vs-fact/arxiv:2609.00046v2/abstract,vectors-0001.png,1389,0.0050944728346456695
intent-vs-fact/arxiv:2609.00058v1/abstract,vectors-0001.png,1390,0.005483537007874015
intent-vs-fact/arxiv:2609.00621v1/abstract,vectors-0001.png,1391,0.005729228031496063
intent-vs-fact/arxiv:2609.00714v1/abstract,vectors-0001.png,1392,0.005241712598425197
intent-vs-fact/arxiv:2609.01082v1/abstract,vectors-0001.png,1393,0.0056596144881889765
intent-vs-fact/arxiv:2609.01167v1/abstract,vectors-0001.png,1394,0.005351258582677165
intent-vs-fact/arxiv:2609.01356v1/abstract,vectors-0001.png,1395,0.005691
intent-vs-fact/arxiv:2609.01361v1/abstract,vectors-0001.png,1396,0.005767844881889764
intent-vs-fact/arxiv:2609.01369v1/abstract,vectors-0001.png,1397,0.0057924122047244096
intent-vs-fact/arxiv:2609.01374v1/abstract,vectors-0001.png,1398,0.005865074803149606
intent-vs-fact/arxiv:2609.01375v1/abstract,vectors-0001.png,1399,0.0055217094488188975
intent-vs-fact/arxiv:2609.01379v1/abstract,vectors-0001.png,1400,0.005536485826771654
intent-vs-fact/arxiv:2609.01383v1/abstract,vectors-0001.png,1401,0.005420488976377953
intent-vs-fact/arxiv:2609.01386v1/abstract,vectors-0001.png,1402,0.00551055874015748
intent-vs-fact/arxiv:2609.01409v2/abstract,vectors-0001.png,1403,0.005473044881889763
intent-vs-fact/arxiv:2609.01422v1/abstract,vectors-0001.png,1404,0.005254085039370079
intent-vs-fact/arxiv:2609.01426v1/abstract,vectors-0001.png,1405,0.005530443307086614
intent-vs-fact/arxiv:2609.01430v1/abstract,vectors-0001.png,1406,0.005138755118110236
intent-vs-fact/arxiv:2609.01431v2/abstract,vectors-0001.png,1407,0.005498355905511811
intent-vs-fact/arxiv:2609.01432v1/abstract,vectors-0001.png,1408,0.0054174425196850395
intent-vs-fact/arxiv:2609.01437v1/abstract,vectors-0001.png,1409,0.005659750393700788
intent-vs-fact/arxiv:2609.01455v1/abstract,vectors-0001.png,1410,0.00562718031496063
intent-vs-fact/arxiv:2609.01456v1/abstract,vectors-0001.png,1411,0.005168615748031496
intent-vs-fact/arxiv:2609.01466v1/abstract,vectors-0001.png,1412,0.005822229606299212
intent-vs-fact/arxiv:2609.01481v1/abstract,vectors-0001.png,1413,0.005364075905511811
intent-vs-fact/arxiv:2609.01487v1/abstract,vectors-0001.png,1414,0.005666240472440944
intent-vs-fact/arxiv:2609.01491v1/abstract,vectors-0001.png,1415,0.005423496062992125
intent-vs-fact/arxiv:2609.01493v2/abstract,vectors-0001.png,1416,0.0056563228346456695
intent-vs-fact/arxiv:2609.01495v1/abstract,vectors-0001.png,1417,0.005567408897637796
intent-vs-fact/arxiv:2609.01507v2/abstract,vectors-0001.png,1418,0.005642276141732284
intent-vs-fact/arxiv:2609.01515v1/abstract,vectors-0001.png,1419,0.005454886141732284
intent-vs-fact/arxiv:2609.01519v1/abstract,vectors-0001.png,1420,0.0057711299212598426
intent-vs-fact/arxiv:2609.01525v1/abstract,vectors-0001.png,1421,0.005706104724409449
intent-vs-fact/arxiv:2609.01526v1/abstract,vectors-0001.png,1422,0.005422380314960631
intent-vs-fact/arxiv:2609.01532v2/abstract,vectors-0001.png,1423,0.005848590551181102
intent-vs-fact/arxiv:2609.01535v1/abstract,vectors-0001.png,1424,0.005575743307086614
intent-vs-fact/arxiv:2609.01548v1/abstract,vectors-0001.png,1425,0.00557982779527559
intent-vs-fact/arxiv:2609.01550v2/abstract,vectors-0001.png,1426,0.005091321732283464
intent-vs-fact/arxiv:2609.01552v1/abstract,vectors-0001.png,1427,0.005439169763779528
intent-vs-fact/arxiv:2609.01554v1/abstract,vectors-0001.png,1428,0.005473935669291339
intent-vs-fact/arxiv:2609.01556v1/abstract,vectors-0001.png,1429,0.005792247244094488
intent-vs-fact/arxiv:2609.01560v1/abstract,vectors-0001.png,1430,0.0053758740157480315
intent-vs-fact/arxiv:2609.01563v1/abstract,vectors-0001.png,1431,0.005634856692913386
intent-vs-fact/arxiv:2609.01564v1/abstract,vectors-0001.png,1432,0.005648549606299213
intent-vs-fact/arxiv:2609.01567v2/abstract,vectors-0001.png,1433,0.005195622362204724
intent-vs-fact/arxiv:2609.01572v1/abstract,vectors-0001.png,1434,0.005830288188976377
intent-vs-fact/arxiv:2609.01573v1/abstract,vectors-0001.png,1435,0.005535010236220473
intent-vs-fact/arxiv:2609.01575v1/abstract,vectors-0001.png,1436,0.0057061887401574805
intent-vs-fact/arxiv:2609.01587v1/abstract,vectors-0001.png,1437,0.0056180692913385824
intent-vs-fact/arxiv:2609.01588v1/abstract,vectors-0001.png,1438,0.0054133074803149606
intent-vs-fact/arxiv:2609.01591v1/abstract,vectors-0001.png,1439,0.005220900393700788
intent-vs-fact/arxiv:2609.01595v1/abstract,vectors-0001.png,1440,0.005195479212598425
intent-vs-fact/arxiv:2609.01597v1/abstract,vectors-0001.png,1441,0.0055014795275590556
intent-vs-fact/arxiv:2609.01600v1/abstract,vectors-0001.png,1442,0.005931614960629921
intent-vs-fact/arxiv:2609.01601v1/abstract,vectors-0001.png,1443,0.005494779921259842
intent-vs-fact/arxiv:2609.01603v1/abstract,vectors-0001.png,1444,0.005506680708661418
intent-vs-fact/arxiv:2609.01604v1/abstract,vectors-0001.png,1445,0.005897707874015748
intent-vs-fact/arxiv:2609.01736v1/abstract,vectors-0001.png,1446,0.005633233070866142
intent-vs-fact/arxiv:2609.01779v1/abstract,vectors-0001.png,1447,0.005695222834645669
intent-vs-fact/arxiv:2609.01838v1/abstract,vectors-0001.png,1448,0.005631248031496063
intent-vs-fact/arxiv:2609.01870v1/abstract,vectors-0001.png,1449,0.005613357086614173
intent-vs-fact/arxiv:2609.01873v1/abstract,vectors-0001.png,1450,0.005696614409448819
intent-vs-fact/arxiv:2609.01931v1/abstract,vectors-0001.png,1451,0.005941548031496063
intent-vs-fact/arxiv:2609.01939v1/abstract,vectors-0001.png,1452,0.005738472440944882
intent-vs-fact/arxiv:2609.01985v1/abstract,vectors-0001.png,1453,0.0057416299212598425
intent-vs-fact/arxiv:2609.01992v1/abstract,vectors-0001.png,1454,0.005819026771653544
intent-vs-fact/arxiv:2609.02242v1/abstract,vectors-0001.png,1455,0.005642707401574803
intent-vs-fact/arxiv:2609.02250v2/abstract,vectors-0001.png,1456,0.0052464862204724405
intent-vs-fact/arxiv:2609.02264v1/abstract,vectors-0001.png,1457,0.005729616141732284
intent-vs-fact/arxiv:2609.02473v1/abstract,vectors-0001.png,1458,0.005637417637795275
intent-vs-fact/arxiv:2609.02480v1/abstract,vectors-0001.png,1459,0.0054627131496063
intent-vs-fact/arxiv:2609.02482v1/abstract,vectors-0001.png,1460,0.005495389763779527
intent-vs-fact/arxiv:2609.02486v2/abstract,vectors-0001.png,1461,0.005543151181102362
intent-vs-fact/arxiv:2609.02496v1/abstract,vectors-0001.png,1462,0.0054008866141732285
intent-vs-fact/arxiv:2609.02497v1/abstract,vectors-0001.png,1463,0.005574200787401575
intent-vs-fact/arxiv:2609.02502v1/abstract,vectors-0001.png,1464,0.005619462992125984
intent-vs-fact/arxiv:2609.02519v1/abstract,vectors-0001.png,1465,0.005743718897637796
intent-vs-fact/arxiv:2609.02526v1/abstract,vectors-0001.png,1466,0.0051943988188976374
intent-vs-fact/arxiv:2609.02529v1/abstract,vectors-0001.png,1467,0.005407946771653543
intent-vs-fact/arxiv:2609.02548v1/abstract,vectors-0001.png,1468,0.00567258188976378
intent-vs-fact/arxiv:2609.02549v1/abstract,vectors-0001.png,1469,0.005384717874015748
intent-vs-fact/arxiv:2609.02580v1/abstract,vectors-0001.png,1470,0.005552952755905512
intent-vs-fact/arxiv:2609.02606v1/abstract,vectors-0001.png,1471,0.005556105196850393
intent-vs-fact/arxiv:2609.02620v1/abstract,vectors-0001.png,1472,0.005359808267716535
intent-vs-fact/arxiv:2609.02623v1/abstract,vectors-0001.png,1473,0.00545366968503937
intent-vs-fact/arxiv:2609.02624v1/abstract,vectors-0001.png,1474,0.005480014409448819
intent-vs-fact/arxiv:2609.02639v1/abstract,vectors-0001.png,1475,0.0055246771653543305
intent-vs-fact/arxiv:2609.02649v1/abstract,vectors-0001.png,1476,0.005644743858267717
intent-vs-fact/arxiv:2609.02651v1/abstract,vectors-0001.png,1477,0.005531474330708662
intent-vs-fact/arxiv:2609.02672v1/abstract,vectors-0001.png,1478,0.005386760393700787
intent-vs-fact/arxiv:2609.02679v3/abstract,vectors-0001.png,1479,0.00581356062992126
intent-vs-fact/arxiv:2609.02685v1/abstract,vectors-0001.png,1480,0.005438612598425196
intent-vs-fact/arxiv:2609.02702v1/abstract,vectors-0001.png,1481,0.005691650787401574
intent-vs-fact/arxiv:2609.02707v1/abstract,vectors-0001.png,1482,0.005623018897637795
intent-vs-fact/arxiv:2609.02730v1/abstract,vectors-0001.png,1483,0.005835876692913386
intent-vs-fact/arxiv:2609.02731v1/abstract,vectors-0001.png,1484,0.005283411811023622
intent-vs-fact/arxiv:2609.02735v1/abstract,vectors-0001.png,1485,0.005566058661417323
intent-vs-fact/arxiv:2609.02737v1/abstract,vectors-0001.png,1486,0.0057615815748031495
intent-vs-fact/arxiv:2609.02745v1/abstract,vectors-0001.png,1487,0.005444725669291339
intent-vs-fact/arxiv:2609.02746v1/abstract,vectors-0001.png,1488,0.005344008661417324
intent-vs-fact/arxiv:2609.02749v1/abstract,vectors-0001.png,1489,0.005557446062992126
intent-vs-fact/arxiv:2609.02750v1/abstract,vectors-0001.png,1490,0.005707235433070866
intent-vs-fact/arxiv:2609.02754v2/abstract,vectors-0001.png,1491,0.005637638582677166
intent-vs-fact/arxiv:2609.02760v1/abstract,vectors-0001.png,1492,0.005920853543307086
intent-vs-fact/arxiv:2609.02771v1/abstract,vectors-0001.png,1493,0.0053486055118110234
intent-vs-fact/arxiv:2609.02772v1/abstract,vectors-0001.png,1494,0.005567173228346456
intent-vs-fact/arxiv:2609.02780v1/abstract,vectors-0001.png,1495,0.005416494173228347
intent-vs-fact/arxiv:2609.02783v1/abstract,vectors-0001.png,1496,0.005656879527559055
intent-vs-fact/arxiv:2609.02786v1/abstract,vectors-0001.png,1497,0.005403090551181103
intent-vs-fact/arxiv:2609.02796v1/abstract,vectors-0001.png,1498,0.005612486929133858
intent-vs-fact/arxiv:2609.02797v1/abstract,vectors-0001.png,1499,0.005472130708661417
intent-vs-fact/arxiv:2609.02804v1/abstract,vectors-0001.png,1500,0.005907567716535433
intent-vs-fact/arxiv:2609.02805v1/abstract,vectors-0001.png,1501,0.005283162204724409
intent-vs-fact/arxiv:2609.02821v1/abstract,vectors-0001.png,1502,0.005158241338582677
intent-vs-fact/arxiv:2609.02849v2/abstract,vectors-0001.png,1503,0.0053856464566929135
intent-vs-fact/arxiv:2609.02859v1/abstract,vectors-0001.png,1504,0.005589702362204724
intent-vs-fact/arxiv:2609.02861v1/abstract,vectors-0001.png,1505,0.005550732755905512
intent-vs-fact/arxiv:2609.02885v1/abstract,vectors-0001.png,1506,0.005414686614173228
intent-vs-fact/arxiv:2609.02967v1/abstract,vectors-0001.png,1507,0.005627737795275591
intent-vs-fact/arxiv:2609.02984v1/abstract,vectors-0001.png,1508,0.005375139842519685
intent-vs-fact/arxiv:2609.02992v1/abstract,vectors-0001.png,1509,0.005590316535433071
intent-vs-fact/arxiv:2609.03035v1/abstract,vectors-0001.png,1510,0.005348770866141732
intent-vs-fact/arxiv:2609.03192v1/abstract,vectors-0001.png,1511,0.005775507480314961
intent-vs-fact/arxiv:2609.03236v1/abstract,vectors-0001.png,1512,0.005572375590551181
intent-vs-fact/arxiv:2609.03308v1/abstract,vectors-0001.png,1513,0.005528957480314961
intent-vs-fact/arxiv:2609.03422v1/abstract,vectors-0001.png,1514,0.00578580031496063
intent-vs-fact/arxiv:2609.03425v1/abstract,vectors-0001.png,1515,0.005883873228346457
intent-vs-fact/arxiv:2609.03753v3/abstract,vectors-0001.png,1516,0.00552047559055118
intent-vs-fact/arxiv:2609.03844v1/abstract,vectors-0001.png,1517,0.005689007559055118
intent-vs-fact/arxiv:2609.03871v2/abstract,vectors-0001.png,1518,0.005279434645669291
intent-vs-fact/arxiv:2609.03887v1/abstract,vectors-0001.png,1519,0.005728856692913386
intent-vs-fact/arxiv:2609.03894v1/abstract,vectors-0001.png,1520,0.005317690787401575
intent-vs-fact/arxiv:2609.03915v1/abstract,vectors-0001.png,1521,0.00553088157480315
intent-vs-fact/arxiv:2609.03923v1/abstract,vectors-0001.png,1522,0.00561001968503937
intent-vs-fact/arxiv:2609.03930v2/abstract,vectors-0001.png,1523,0.005493963307086614
intent-vs-fact/arxiv:2609.03941v1/abstract,vectors-0001.png,1524,0.005745786614173229
intent-vs-fact/arxiv:2609.03943v1/abstract,vectors-0001.png,1525,0.00559074251968504
intent-vs-fact/arxiv:2609.03949v2/abstract,vectors-0001.png,1526,0.005884184645669291
intent-vs-fact/arxiv:2609.03953v1/abstract,vectors-0001.png,1527,0.005826255905511811
intent-vs-fact/arxiv:2609.03955v1/abstract,vectors-0001.png,1528,0.005334573228346456
intent-vs-fact/arxiv:2609.03960v1/abstract,vectors-0001.png,1529,0.0056006011811023625
intent-vs-fact/arxiv:2609.03967v1/abstract,vectors-0001.png,1530,0.005452585826771654
intent-vs-fact/arxiv:2609.03985v1/abstract,vectors-0001.png,1531,0.005413282677165354
intent-vs-fact/arxiv:2609.03992v1/abstract,vectors-0001.png,1532,0.0055404911023622045
intent-vs-fact/arxiv:2609.04022v1/abstract,vectors-0001.png,1533,0.005541094488188976
intent-vs-fact/arxiv:2609.04024v1/abstract,vectors-0001.png,1534,0.005786786614173228
intent-vs-fact/arxiv:2609.04034v2/abstract,vectors-0001.png,1535,0.005451760866141732
intent-vs-fact/arxiv:2609.04047v1/abstract,vectors-0001.png,1536,0.005767729921259843
intent-vs-fact/arxiv:2609.04048v1/abstract,vectors-0001.png,1537,0.0056994299212598425
intent-vs-fact/arxiv:2609.04061v1/abstract,vectors-0001.png,1538,0.0057069884251968505
intent-vs-fact/arxiv:2609.04063v1/abstract,vectors-0001.png,1539,0.005463058267716535
intent-vs-fact/arxiv:2609.04066v1/abstract,vectors-0001.png,1540,0.005544315748031496
intent-vs-fact/arxiv:2609.04071v1/abstract,vectors-0001.png,1541,0.005554832283464567
intent-vs-fact/arxiv:2609.04075v1/abstract,vectors-0001.png,1542,0.0052947185826771655
intent-vs-fact/arxiv:2609.04083v1/abstract,vectors-0001.png,1543,0.005666462440944882
intent-vs-fact/arxiv:2609.04086v1/abstract,vectors-0001.png,1544,0.0057646968503937005
intent-vs-fact/arxiv:2609.04094v1/abstract,vectors-0001.png,1545,0.005656035433070867
intent-vs-fact/arxiv:2609.04096v1/abstract,vectors-0001.png,1546,0.005426583779527559
intent-vs-fact/arxiv:2609.04098v1/abstract,vectors-0001.png,1547,0.00568249842519685
intent-vs-fact/arxiv:2609.04108v2/abstract,vectors-0001.png,1548,0.00537288937007874
intent-vs-fact/arxiv:2609.04127v1/abstract,vectors-0001.png,1549,0.005759790157480315
intent-vs-fact/arxiv:2609.04128v1/abstract,vectors-0001.png,1550,0.005599072440944882
intent-vs-fact/arxiv:2609.04135v1/abstract,vectors-0001.png,1551,0.00514886220472441
intent-vs-fact/arxiv:2609.04141v1/abstract,vectors-0001.png,1552,0.005451252755905512
intent-vs-fact/arxiv:2609.04147v1/abstract,vectors-0001.png,1553,0.005585837007874015
intent-vs-fact/arxiv:2609.04148v1/abstract,vectors-0001.png,1554,0.005498671181102362
intent-vs-fact/arxiv:2609.04159v1/abstract,vectors-0001.png,1555,0.00585064220472441
intent-vs-fact/arxiv:2609.04166v1/abstract,vectors-0001.png,1556,0.0055169409448818894
intent-vs-fact/arxiv:2609.04167v1/abstract,vectors-0001.png,1557,0.005416104173228346
intent-vs-fact/arxiv:2609.04170v1/abstract,vectors-0001.png,1558,0.005594783464566929
intent-vs-fact/arxiv:2609.04172v1/abstract,vectors-0001.png,1559,0.005345910551181102
intent-vs-fact/arxiv:2609.04173v1/abstract,vectors-0001.png,1560,0.005542192125984252
intent-vs-fact/arxiv:2609.04177v1/abstract,vectors-0001.png,1561,0.005488438582677165
intent-vs-fact/arxiv:2609.04180v1/abstract,vectors-0001.png,1562,0.005632049921259843
intent-vs-fact/arxiv:2609.04183v1/abstract,vectors-0001.png,1563,0.005451769291338583
intent-vs-fact/arxiv:2609.04189v1/abstract,vectors-0001.png,1564,0.005640418503937008
intent-vs-fact/arxiv:2609.04190v1/abstract,vectors-0001.png,1565,0.0052671771653543305
intent-vs-fact/arxiv:2609.04194v1/abstract,vectors-0001.png,1566,0.005673855905511812
intent-vs-fact/arxiv:2609.04197v1/abstract,vectors-0001.png,1567,0.005620328346456692
intent-vs-fact/arxiv:2609.04198v1/abstract,vectors-0001.png,1568,0.005729502362204725
intent-vs-fact/arxiv:2609.04199v1/abstract,vectors-0001.png,1569,0.005815014566929134
intent-vs-fact/arxiv:2609.04270v1/abstract,vectors-0001.png,1570,0.0058557278740157485
intent-vs-fact/arxiv:2609.04280v2/abstract,vectors-0001.png,1571,0.005690594488188976
intent-vs-fact/arxiv:2609.04303v1/abstract,vectors-0001.png,1572,0.005656896062992126
intent-vs-fact/arxiv:2609.04394v1/abstract,vectors-0001.png,1573,0.005537276692913385
intent-vs-fact/arxiv:2609.04564v1/abstract,vectors-0001.png,1574,0.0054552700787401575
intent-vs-fact/arxiv:2609.04894v1/abstract,vectors-0001.png,1575,0.005782153543307087
intent-vs-fact/arxiv:2609.04962v1/abstract,vectors-0001.png,1576,0.005514870866141733
intent-vs-fact/arxiv:2609.04971v1/abstract,vectors-0001.png,1577,0.005645420472440945
intent-vs-fact/arxiv:2609.04983v1/abstract,vectors-0001.png,1578,0.005617828346456693
intent-vs-fact/arxiv:2609.04999v1/abstract,vectors-0001.png,1579,0.00571383031496063
intent-vs-fact/arxiv:2609.05018v3/abstract,vectors-0001.png,1580,0.005693975590551181
intent-vs-fact/arxiv:2609.05022v1/abstract,vectors-0001.png,1581,0.005419995275590552
intent-vs-fact/arxiv:2609.05025v1/abstract,vectors-0001.png,1582,0.005647878503937008
intent-vs-fact/arxiv:2609.05036v1/abstract,vectors-0001.png,1583,0.00578545905511811
intent-vs-fact/arxiv:2609.05037v1/abstract,vectors-0001.png,1584,0.00533874905511811
intent-vs-fact/arxiv:2609.05043v1/abstract,vectors-0001.png,1585,0.005555586062992126
intent-vs-fact/arxiv:2609.05059v2/abstract,vectors-0001.png,1586,0.005625546456692913
intent-vs-fact/arxiv:2609.05069v1/abstract,vectors-0001.png,1587,0.005586412913385827
intent-vs-fact/arxiv:2609.05074v1/abstract,vectors-0001.png,1588,0.005526575984251969
intent-vs-fact/arxiv:2609.05079v2/abstract,vectors-0001.png,1589,0.005625596850393701
intent-vs-fact/arxiv:2609.05088v1/abstract,vectors-0001.png,1590,0.005609753543307086
intent-vs-fact/arxiv:2609.05099v1/abstract,vectors-0001.png,1591,0.005026399606299213
intent-vs-fact/arxiv:2609.05139v1/abstract,vectors-0001.png,1592,0.005648354330708661
intent-vs-fact/arxiv:2609.05143v1/abstract,vectors-0001.png,1593,0.0053289
intent-vs-fact/arxiv:2609.05149v1/abstract,vectors-0001.png,1594,0.005599126771653543
intent-vs-fact/arxiv:2609.05151v1/abstract,vectors-0001.png,1595,0.005660982677165354
intent-vs-fact/arxiv:2609.05152v1/abstract,vectors-0001.png,1596,0.00545928937007874
intent-vs-fact/arxiv:2609.05175v1/abstract,vectors-0001.png,1597,0.005562173228346457
intent-vs-fact/arxiv:2609.05189v2/abstract,vectors-0001.png,1598,0.005664629921259843
intent-vs-fact/arxiv:2609.05221v1/abstract,vectors-0001.png,1599,0.005689007086614173
intent-vs-fact/arxiv:2609.05257v1/abstract,vectors-0001.png,1600,0.005350262598425197
intent-vs-fact/arxiv:2609.05258v2/abstract,vectors-0001.png,1601,0.005624952283464567
intent-vs-fact/arxiv:2609.05261v1/abstract,vectors-0001.png,1602,0.005537076692913386
intent-vs-fact/arxiv:2609.05262v1/abstract,vectors-0001.png,1603,0.005701377952755906
intent-vs-fact/arxiv:2609.05269v1/abstract,vectors-0001.png,1604,0.005751706299212599
intent-vs-fact/arxiv:2609.05270v1/abstract,vectors-0001.png,1605,0.005235396850393701
intent-vs-fact/arxiv:2609.05275v1/abstract,vectors-0001.png,1606,0.005453688976377953
intent-vs-fact/arxiv:2609.05279v1/abstract,vectors-0001.png,1607,0.005617077165354331
intent-vs-fact/arxiv:2609.05284v1/abstract,vectors-0001.png,1608,0.005243926535433071
intent-vs-fact/arxiv:2609.05289v1/abstract,vectors-0001.png,1609,0.005769616535433071
intent-vs-fact/arxiv:2609.05295v1/abstract,vectors-0001.png,1610,0.005517474015748031
intent-vs-fact/arxiv:2609.05296v1/abstract,vectors-0001.png,1611,0.005754562992125984
intent-vs-fact/arxiv:2609.05298v1/abstract,vectors-0001.png,1612,0.005509394803149607
intent-vs-fact/arxiv:2609.05309v1/abstract,vectors-0001.png,1613,0.005649480787401575
intent-vs-fact/arxiv:2609.05314v1/abstract,vectors-0001.png,1614,0.005525075590551181
intent-vs-fact/arxiv:2609.05324v1/abstract,vectors-0001.png,1615,0.005496403149606299
intent-vs-fact/arxiv:2609.05327v1/abstract,vectors-0001.png,1616,0.005771713937007874
intent-vs-fact/arxiv:2609.05333v1/abstract,vectors-0001.png,1617,0.0056458185826771656
intent-vs-fact/arxiv:2609.05334v1/abstract,vectors-0001.png,1618,0.005731842204724409
intent-vs-fact/arxiv:2609.05335v1/abstract,vectors-0001.png,1619,0.005587329921259843
intent-vs-fact/arxiv:2609.05339v1/abstract,vectors-0001.png,1620,0.005619344094488189
intent-vs-fact/arxiv:2609.05340v1/abstract,vectors-0001.png,1621,0.005587239921259843
intent-vs-fact/arxiv:2609.05342v1/abstract,vectors-0001.png,1622,0.005280199212598426
intent-vs-fact/arxiv:2609.05346v1/abstract,vectors-0001.png,1623,0.005222808188976378
intent-vs-fact/arxiv:2609.05364v1/abstract,vectors-0001.png,1624,0.005729614960629921
intent-vs-fact/arxiv:2609.05370v1/abstract,vectors-0001.png,1625,0.005787112598425197
intent-vs-fact/arxiv:2609.05374v1/abstract,vectors-0001.png,1626,0.005379594488188976
intent-vs-fact/arxiv:2609.05376v1/abstract,vectors-0001.png,1627,0.005677231496062992
intent-vs-fact/arxiv:2609.05381v1/abstract,vectors-0001.png,1628,0.005575990078740158
intent-vs-fact/arxiv:2609.05382v1/abstract,vectors-0001.png,1629,0.005280787401574803
intent-vs-fact/arxiv:2609.05385v2/abstract,vectors-0001.png,1630,0.005779879763779528
intent-vs-fact/arxiv:2609.05395v1/abstract,vectors-0001.png,1631,0.005252562677165354
intent-vs-fact/arxiv:2609.05396v1/abstract,vectors-0001.png,1632,0.005259177952755906
intent-vs-fact/arxiv:2609.05401v1/abstract,vectors-0001.png,1633,0.0054404280314960625
intent-vs-fact/arxiv:2609.05403v1/abstract,vectors-0001.png,1634,0.00555315905511811
intent-vs-fact/arxiv:2609.05404v1/abstract,vectors-0001.png,1635,0.005309063779527559
intent-vs-fact/arxiv:2609.05405v1/abstract,vectors-0001.png,1636,0.005496702362204724
intent-vs-fact/arxiv:2609.05663v1/abstract,vectors-0001.png,1637,0.005804489448818898
intent-vs-fact/arxiv:2609.05708v1/abstract,vectors-0001.png,1638,0.005628662204724409
intent-vs-fact/arxiv:2609.05739v1/abstract,vectors-0001.png,1639,0.005671533070866141
intent-vs-fact/arxiv:2609.05740v1/abstract,vectors-0001.png,1640,0.005527687401574804
intent-vs-fact/arxiv:2609.05741v1/abstract,vectors-0001.png,1641,0.005786477165354331
intent-vs-fact/arxiv:2609.06140v1/abstract,vectors-0001.png,1642,0.005889504409448819
intent-vs-fact/arxiv:2609.06273v1/abstract,vectors-0001.png,1643,0.005775628582677166
intent-vs-fact/arxiv:2609.06355v1/abstract,vectors-0001.png,1644,0.0055078283464566925
intent-vs-fact/arxiv:2609.06500v1/abstract,vectors-0001.png,1645,0.00556338188976378
intent-vs-fact/arxiv:2609.06586v2/abstract,vectors-0001.png,1646,0.005557125511811024
intent-vs-fact/arxiv:2609.06983v2/abstract,vectors-0001.png,1647,0.005623266929133858
intent-vs-fact/arxiv:2609.07328v1/abstract,vectors-0001.png,1648,0.005541200787401575
intent-vs-fact/arxiv:2609.07350v1/abstract,vectors-0001.png,1649,0.0052363
intent-vs-fact/arxiv:2609.07397v1/abstract,vectors-0001.png,1650,0.005433463779527559
intent-vs-fact/arxiv:2609.07479v1/abstract,vectors-0001.png,1651,0.005691896062992126
intent-vs-fact/arxiv:2609.07618v1/abstract,vectors-0001.png,1652,0.0054146
intent-vs-fact/arxiv:2609.07680v1/abstract,vectors-0001.png,1653,0.005887825196850394
intent-vs-fact/arxiv:2609.07689v1/abstract,vectors-0001.png,1654,0.0056755968503937005
intent-vs-fact/arxiv:2609.07720v1/abstract,vectors-0001.png,1655,0.0056256188976377955
intent-vs-fact/arxiv:2609.08033v1/abstract,vectors-0001.png,1656,0.005307088976377953
intent-vs-fact/arxiv:2609.08358v1/abstract,vectors-0001.png,1657,0.0056882768503937016
intent-vs-fact/arxiv:2609.08366v1/abstract,vectors-0001.png,1658,0.005587349291338582
intent-vs-fact/arxiv:2609.08472v2/abstract,vectors-0001.png,1659,0.00584644125984252
intent-vs-fact/arxiv:2609.08677v1/abstract,vectors-0001.png,1660,0.00537612283464567
intent-vs-fact/arxiv:2609.08696v1/abstract,vectors-0001.png,1661,0.005423014566929134
intent-vs-fact/arxiv:2609.08779v1/abstract,vectors-0001.png,1662,0.00546746062992126
intent-vs-fact/arxiv:2609.08797v2/abstract,vectors-0001.png,1663,0.00570252094488189
intent-vs-fact/arxiv:2609.08798v1/abstract,vectors-0001.png,1664,0.005614146929133858
intent-vs-fact/arxiv:2609.08826v1/abstract,vectors-0001.png,1665,0.005714096456692914
intent-vs-fact/arxiv:2609.08887v1/abstract,vectors-0001.png,1666,0.005460010708661417
intent-vs-fact/arxiv:2609.08896v1/abstract,vectors-0001.png,1667,0.005657288976377953
intent-vs-fact/arxiv:2609.08899v4/abstract,vectors-0001.png,1668,0.005651286614173228
intent-vs-fact/arxiv:2609.08919v1/abstract,vectors-0001.png,1669,0.005669601574803149
intent-vs-fact/arxiv:2609.08934v1/abstract,vectors-0001.png,1670,0.00588937716535433
intent-vs-fact/arxiv:2609.08936v1/abstract,vectors-0001.png,1671,0.005564239055118111
intent-vs-fact/arxiv:2609.08943v1/abstract,vectors-0001.png,1672,0.005518494173228346
intent-vs-fact/arxiv:2609.08950v1/abstract,vectors-0001.png,1673,0.005399058661417323
intent-vs-fact/arxiv:2609.08965v1/abstract,vectors-0001.png,1674,0.005488881102362205
intent-vs-fact/arxiv:2609.08966v1/abstract,vectors-0001.png,1675,0.005706214960629921
intent-vs-fact/arxiv:2609.08970v1/abstract,vectors-0001.png,1676,0.005315522519685039
intent-vs-fact/arxiv:2609.08977v3/abstract,vectors-0001.png,1677,0.005452908661417323
intent-vs-fact/arxiv:2609.08981v2/abstract,vectors-0001.png,1678,0.005908251968503937
intent-vs-fact/arxiv:2609.09001v1/abstract,vectors-0001.png,1679,0.005929388976377953
intent-vs-fact/arxiv:2609.09004v1/abstract,vectors-0001.png,1680,0.0055618834645669284
intent-vs-fact/arxiv:2609.09009v1/abstract,vectors-0001.png,1681,0.005664073543307087
intent-vs-fact/arxiv:2609.09022v1/abstract,vectors-0001.png,1682,0.005457024881889764
intent-vs-fact/arxiv:2609.09030v1/abstract,vectors-0001.png,1683,0.005596358267716536
intent-vs-fact/arxiv:2609.09048v1/abstract,vectors-0001.png,1684,0.005812873228346457
intent-vs-fact/arxiv:2609.09054v1/abstract,vectors-0001.png,1685,0.00551643937007874
intent-vs-fact/arxiv:2609.09056v1/abstract,vectors-0001.png,1686,0.005804356692913386
intent-vs-fact/arxiv:2609.09070v1/abstract,vectors-0001.png,1687,0.005573518661417322
intent-vs-fact/arxiv:2609.09072v1/abstract,vectors-0001.png,1688,0.005584820472440945
intent-vs-fact/arxiv:2609.09075v2/abstract,vectors-0001.png,1689,0.005798992125984252
intent-vs-fact/arxiv:2609.09076v1/abstract,vectors-0001.png,1690,0.005533142519685039
intent-vs-fact/arxiv:2609.09081v1/abstract,vectors-0001.png,1691,0.005824279133858268
intent-vs-fact/arxiv:2609.09082v1/abstract,vectors-0001.png,1692,0.005601288976377953
intent-vs-fact/arxiv:2609.09085v1/abstract,vectors-0001.png,1693,0.005305062992125984
intent-vs-fact/arxiv:2609.09090v1/abstract,vectors-0001.png,1694,0.005867747244094488
intent-vs-fact/arxiv:2609.09094v1/abstract,vectors-0001.png,1695,0.005501262204724409
intent-vs-fact/arxiv:2609.09113v2/abstract,vectors-0001.png,1696,0.005697510236220472
intent-vs-fact/arxiv:2609.09115v1/abstract,vectors-0001.png,1697,0.0056346059055118105
intent-vs-fact/arxiv:2609.09119v1/abstract,vectors-0001.png,1698,0.005233588661417323
intent-vs-fact/arxiv:2609.09124v1/abstract,vectors-0001.png,1699,0.005160428897637796
intent-vs-fact/arxiv:2609.09126v1/abstract,vectors-0001.png,1700,0.0054380842519685035
intent-vs-fact/arxiv:2609.09133v1/abstract,vectors-0001.png,1701,0.005593850393700787
intent-vs-fact/arxiv:2609.09134v1/abstract,vectors-0001.png,1702,0.005681541496062993
intent-vs-fact/arxiv:2609.09135v1/abstract,vectors-0001.png,1703,0.005444708661417323
intent-vs-fact/arxiv:2609.09137v1/abstract,vectors-0001.png,1704,0.005444474803149606
intent-vs-fact/arxiv:2609.09140v1/abstract,vectors-0001.png,1705,0.00542515937007874
intent-vs-fact/arxiv:2609.09143v1/abstract,vectors-0001.png,1706,0.005511075590551182
intent-vs-fact/arxiv:2609.09150v2/abstract,vectors-0001.png,1707,0.0057739263779527554
intent-vs-fact/arxiv:2609.09153v1/abstract,vectors-0001.png,1708,0.005727276062992126
intent-vs-fact/arxiv:2609.09156v1/abstract,vectors-0001.png,1709,0.005651298976377952
intent-vs-fact/arxiv:2609.09157v1/abstract,vectors-0001.png,1710,0.005552625590551181
intent-vs-fact/arxiv:2609.09158v1/abstract,vectors-0001.png,1711,0.0054138907874015756
intent-vs-fact/arxiv:2609.09219v1/abstract,vectors-0001.png,1712,0.005625325984251968
intent-vs-fact/arxiv:2609.09348v1/abstract,vectors-0001.png,1713,0.005396588582677166
intent-vs-fact/arxiv:2609.09384v1/abstract,vectors-0001.png,1714,0.005701940157480314
intent-vs-fact/arxiv:2609.09503v1/abstract,vectors-0001.png,1715,0.005940960157480316
intent-vs-fact/arxiv:2609.09628v1/abstract,vectors-0001.png,1716,0.005526724409448819
intent-vs-fact/arxiv:2609.09815v1/abstract,vectors-0001.png,1717,0.00588526874015748
intent-vs-fact/arxiv:2609.10092v1/abstract,vectors-0001.png,1718,0.005772300787401575
intent-vs-fact/arxiv:2609.10113v1/abstract,vectors-0001.png,1719,0.005651722834645669
intent-vs-fact/arxiv:2609.10122v1/abstract,vectors-0001.png,1720,0.005550679291338583
intent-vs-fact/arxiv:2609.10123v1/abstract,vectors-0001.png,1721,0.005389028346456693
intent-vs-fact/arxiv:2609.10142v1/abstract,vectors-0001.png,1722,0.0057558853543307085
intent-vs-fact/arxiv:2609.10144v1/abstract,vectors-0001.png,1723,0.005446596377952756
intent-vs-fact/arxiv:2609.10153v1/abstract,vectors-0001.png,1724,0.005164429133858268
intent-vs-fact/arxiv:2609.10155v1/abstract,vectors-0001.png,1725,0.00574478031496063
intent-vs-fact/arxiv:2609.10177v1/abstract,vectors-0001.png,1726,0.0054975302362204725
intent-vs-fact/arxiv:2609.10181v2/abstract,vectors-0001.png,1727,0.005788211811023622
intent-vs-fact/arxiv:2609.10192v1/abstract,vectors-0001.png,1728,0.00566662283464567
intent-vs-fact/arxiv:2609.10198v1/abstract,vectors-0001.png,1729,0.0055135354330708665
intent-vs-fact/arxiv:2609.10210v1/abstract,vectors-0001.png,1730,0.005795038582677165
intent-vs-fact/arxiv:2609.10221v2/abstract,vectors-0001.png,1731,0.005503261653543307
intent-vs-fact/arxiv:2609.10225v1/abstract,vectors-0001.png,1732,0.005673184251968504
intent-vs-fact/arxiv:2609.10226v1/abstract,vectors-0001.png,1733,0.005348025196850394
intent-vs-fact/arxiv:2609.10237v1/abstract,vectors-0001.png,1734,0.005939974803149606
intent-vs-fact/arxiv:2609.10239v1/abstract,vectors-0001.png,1735,0.005098327874015748
intent-vs-fact/arxiv:2609.10244v1/abstract,vectors-0001.png,1736,0.005286665905511812
intent-vs-fact/arxiv:2609.10248v1/abstract,vectors-0001.png,1737,0.005112178188976378
intent-vs-fact/arxiv:2609.10253v1/abstract,vectors-0001.png,1738,0.005764970866141732
intent-vs-fact/arxiv:2609.10263v1/abstract,vectors-0001.png,1739,0.005627114960629922
intent-vs-fact/arxiv:2609.10266v1/abstract,vectors-0001.png,1740,0.005703150787401575
intent-vs-fact/arxiv:2609.10277v1/abstract,vectors-0001.png,1741,0.005269379133858268
intent-vs-fact/arxiv:2609.10293v1/abstract,vectors-0001.png,1742,0.0058506637795275596
intent-vs-fact/arxiv:2609.10296v1/abstract,vectors-0001.png,1743,0.0056883858267716535
intent-vs-fact/arxiv:2609.10298v1/abstract,vectors-0001.png,1744,0.005258231496062992
intent-vs-fact/arxiv:2609.10305v1/abstract,vectors-0001.png,1745,0.005755527559055119
intent-vs-fact/arxiv:2609.10311v1/abstract,vectors-0001.png,1746,0.005441488976377953
intent-vs-fact/arxiv:2609.10315v1/abstract,vectors-0001.png,1747,0.005804833464566929
intent-vs-fact/arxiv:2609.10321v1/abstract,vectors-0001.png,1748,0.005371029448818897
intent-vs-fact/arxiv:2609.10335v1/abstract,vectors-0001.png,1749,0.005111285826771654
intent-vs-fact/arxiv:2609.10346v1/abstract,vectors-0001.png,1750,0.0052154039370078745
intent-vs-fact/arxiv:2609.10350v1/abstract,vectors-0001.png,1751,0.0054898070866141735
intent-vs-fact/arxiv:2609.10355v1/abstract,vectors-0001.png,1752,0.005546055905511811
intent-vs-fact/arxiv:2609.10364v1/abstract,vectors-0001.png,1753,0.0056349775590551175
intent-vs-fact/arxiv:2609.10372v2/abstract,vectors-0001.png,1754,0.005349527559055119
intent-vs-fact/arxiv:2609.10385v1/abstract,vectors-0001.png,1755,0.005480369291338582
intent-vs-fact/arxiv:2609.10395v1/abstract,vectors-0001.png,1756,0.0056003220472440945
intent-vs-fact/arxiv:2609.10397v1/abstract,vectors-0001.png,1757,0.0054127716535433065
intent-vs-fact/arxiv:2609.10400v1/abstract,vectors-0001.png,1758,0.0053276973228346455
intent-vs-fact/arxiv:2609.10410v2/abstract,vectors-0001.png,1759,0.005438862204724409
intent-vs-fact/arxiv:2609.10413v1/abstract,vectors-0001.png,1760,0.005616800551181102
intent-vs-fact/arxiv:2609.10421v1/abstract,vectors-0001.png,1761,0.005459534645669291
intent-vs-fact/arxiv:2609.10430v1/abstract,vectors-0001.png,1762,0.005697883464566929
intent-vs-fact/arxiv:2609.10434v1/abstract,vectors-0001.png,1763,0.005252379133858267
intent-vs-fact/arxiv:2609.10439v1/abstract,vectors-0001.png,1764,0.005415894488188976
intent-vs-fact/arxiv:2609.10441v1/abstract,vectors-0001.png,1765,0.0056860023622047244
intent-vs-fact/arxiv:2609.10445v1/abstract,vectors-0001.png,1766,0.0055752992125984255
intent-vs-fact/arxiv:2609.10451v1/abstract,vectors-0001.png,1767,0.005286016771653543
intent-vs-fact/arxiv:2609.10464v1/abstract,vectors-0001.png,1768,0.005496264566929134
intent-vs-fact/arxiv:2609.10494v1/abstract,vectors-0001.png,1769,0.005877369291338582
intent-vs-fact/arxiv:2609.10509v1/abstract,vectors-0001.png,1770,0.005323613700787402
intent-vs-fact/arxiv:2609.10522v1/abstract,vectors-0001.png,1771,0.005539203149606299
intent-vs-fact/arxiv:2609.10539v1/abstract,vectors-0001.png,1772,0.005818148818897638
intent-vs-fact/arxiv:2609.10724v1/abstract,vectors-0001.png,1773,0.005473557874015747
intent-vs-fact/arxiv:2609.10817v1/abstract,vectors-0001.png,1774,0.0055877582677165355
intent-vs-fact/arxiv:2609.10939v1/abstract,vectors-0001.png,1775,0.005495248031496063
intent-vs-fact/arxiv:2609.11018v1/abstract,vectors-0001.png,1776,0.00534615748031496
intent-vs-fact/arxiv:2609.11108v1/abstract,vectors-0001.png,1777,0.005911892913385826
intent-vs-fact/arxiv:2609.11460v1/abstract,vectors-0001.png,1778,0.0055477482677165355
intent-vs-fact/arxiv:2609.11493v2/abstract,vectors-0001.png,1779,0.0054702118110236215
intent-vs-fact/arxiv:2609.11505v1/abstract,vectors-0001.png,1780,0.005380003464566929
intent-vs-fact/arxiv:2609.11545v1/abstract,vectors-0001.png,1781,0.005511011023622048
intent-vs-fact/arxiv:2609.11620v2/abstract,vectors-0001.png,1782,0.0059334582677165355
intent-vs-fact/arxiv:2609.11677v2/abstract,vectors-0001.png,1783,0.005472270078740158
intent-vs-fact/arxiv:2609.11682v1/abstract,vectors-0001.png,1784,0.0054344459842519685
intent-vs-fact/arxiv:2609.11687v1/abstract,vectors-0001.png,1785,0.00569502125984252
intent-vs-fact/arxiv:2609.11697v2/abstract,vectors-0001.png,1786,0.005624221496062992
intent-vs-fact/arxiv:2609.11699v1/abstract,vectors-0001.png,1787,0.005602562992125985
intent-vs-fact/arxiv:2609.11708v1/abstract,vectors-0001.png,1788,0.005420456692913385
intent-vs-fact/arxiv:2609.11709v1/abstract,vectors-0001.png,1789,0.005766495275590551
intent-vs-fact/arxiv:2609.11713v1/abstract,vectors-0001.png,1790,0.005262454645669291
intent-vs-fact/arxiv:2609.11716v1/abstract,vectors-0001.png,1791,0.005580628031496063
intent-vs-fact/arxiv:2609.11724v1/abstract,vectors-0001.png,1792,0.0053154530708661414
intent-vs-fact/arxiv:2609.11725v1/abstract,vectors-0001.png,1793,0.00557754220472441
intent-vs-fact/arxiv:2609.11737v2/abstract,vectors-0001.png,1794,0.005557974803149606
intent-vs-fact/arxiv:2609.11739v1/abstract,vectors-0001.png,1795,0.005694646456692914
intent-vs-fact/arxiv:2609.11752v1/abstract,vectors-0001.png,1796,0.005509101968503937
intent-vs-fact/arxiv:2609.11758v1/abstract,vectors-0001.png,1797,0.005688251496062992
intent-vs-fact/arxiv:2609.11762v1/abstract,vectors-0001.png,1798,0.005793682677165355
intent-vs-fact/arxiv:2609.11768v1/abstract,vectors-0001.png,1799,0.006023915275590551
intent-vs-fact/arxiv:2609.11769v1/abstract,vectors-0001.png,1800,0.00579490811023622
intent-vs-fact/arxiv:2609.11770v1/abstract,vectors-0001.png,1801,0.005487170078740157
intent-vs-fact/arxiv:2609.11772v1/abstract,vectors-0001.png,1802,0.0056122299212598425
intent-vs-fact/arxiv:2609.11786v1/abstract,vectors-0001.png,1803,0.005544729133858268
intent-vs-fact/arxiv:2609.11799v1/abstract,vectors-0001.png,1804,0.005696258661417323
intent-vs-fact/arxiv:2609.11801v1/abstract,vectors-0001.png,1805,0.005632908346456693
intent-vs-fact/arxiv:2609.11804v1/abstract,vectors-0001.png,1806,0.005851876062992126
intent-vs-fact/arxiv:2609.11805v1/abstract,vectors-0001.png,1807,0.005129740157480315
intent-vs-fact/arxiv:2609.11838v1/abstract,vectors-0001.png,1808,0.005788429133858268
intent-vs-fact/arxiv:2609.11842v1/abstract,vectors-0001.png,1809,0.005604842519685039
intent-vs-fact/arxiv:2609.11851v1/abstract,vectors-0001.png,1810,0.005474846456692914
intent-vs-fact/arxiv:2609.11859v1/abstract,vectors-0001.png,1811,0.0059129330708661415
intent-vs-fact/arxiv:2609.11860v1/abstract,vectors-0001.png,1812,0.005456952755905512
intent-vs-fact/arxiv:2609.11863v1/abstract,vectors-0001.png,1813,0.005464019291338582
intent-vs-fact/arxiv:2609.11864v1/abstract,vectors-0001.png,1814,0.005668948818897638
intent-vs-fact/arxiv:2609.11865v1/abstract,vectors-0001.png,1815,0.005356837795275591
intent-vs-fact/arxiv:2609.11870v2/abstract,vectors-0001.png,1816,0.005761805984251969
intent-vs-fact/arxiv:2609.11873v3/abstract,vectors-0001.png,1817,0.0050258838582677165
intent-vs-fact/arxiv:2609.11876v1/abstract,vectors-0001.png,1818,0.0057503866141732285
intent-vs-fact/arxiv:2609.11877v1/abstract,vectors-0001.png,1819,0.005668833858267716
intent-vs-fact/arxiv:2609.11878v1/abstract,vectors-0001.png,1820,0.005768500787401575
intent-vs-fact/arxiv:2609.11892v1/abstract,vectors-0001.png,1821,0.004953595275590551
intent-vs-fact/arxiv:2609.11900v1/abstract,vectors-0001.png,1822,0.005712627559055118
intent-vs-fact/arxiv:2609.11911v1/abstract,vectors-0001.png,1823,0.005762761023622047
intent-vs-fact/arxiv:2609.11913v1/abstract,vectors-0001.png,1824,0.005455274803149606
intent-vs-fact/arxiv:2609.11915v1/abstract,vectors-0001.png,1825,0.005079792125984252
intent-vs-fact/arxiv:2609.11916v1/abstract,vectors-0001.png,1826,0.005612973622047245
intent-vs-fact/arxiv:2609.11917v1/abstract,vectors-0001.png,1827,0.005534551181102362
intent-vs-fact/arxiv:2609.11918v1/abstract,vectors-0001.png,1828,0.005389
intent-vs-fact/arxiv:2609.11923v1/abstract,vectors-0001.png,1829,0.005412854330708662
intent-vs-fact/arxiv:2609.12077v1/abstract,vectors-0001.png,1830,0.0055136889763779525
intent-vs-fact/arxiv:2609.12170v1/abstract,vectors-0001.png,1831,0.005566674409448818
intent-vs-fact/arxiv:2609.12422v1/abstract,vectors-0001.png,1832,0.005143732283464567
intent-vs-fact/arxiv:2609.12489v1/abstract,vectors-0001.png,1833,0.005355078425196851
intent-vs-fact/arxiv:2609.12495v1/abstract,vectors-0001.png,1834,0.005467594488188976
intent-vs-fact/arxiv:2609.12533v1/abstract,vectors-0001.png,1835,0.005657966141732283
intent-vs-fact/arxiv:2609.12537v1/abstract,vectors-0001.png,1836,0.00527028031496063
intent-vs-fact/arxiv:2609.12541v2/abstract,vectors-0001.png,1837,0.005463687007874016
intent-vs-fact/arxiv:2609.12544v1/abstract,vectors-0001.png,1838,0.005549625984251969
intent-vs-fact/arxiv:2609.12575v1/abstract,vectors-0001.png,1839,0.005227462992125984
intent-vs-fact/arxiv:2609.12623v1/abstract,vectors-0001.png,1840,0.005529455118110236
intent-vs-fact/arxiv:2609.12653v1/abstract,vectors-0001.png,1841,0.005598058267716535
intent-vs-fact/arxiv:2609.12655v1/abstract,vectors-0001.png,1842,0.005434374803149606
intent-vs-fact/arxiv:2609.12674v1/abstract,vectors-0001.png,1843,0.005735118897637795
intent-vs-fact/arxiv:2609.12686v1/abstract,vectors-0001.png,1844,0.005527814960629921
intent-vs-fact/arxiv:2609.12746v1/abstract,vectors-0001.png,1845,0.005779372440944882
intent-vs-fact/arxiv:2609.12748v2/abstract,vectors-0001.png,1846,0.00595633905511811
intent-vs-fact/arxiv:2609.12791v1/abstract,vectors-0001.png,1847,0.005648188740157481
intent-vs-fact/arxiv:2609.12872v2/abstract,vectors-0001.png,1848,0.00519695905511811
intent-vs-fact/arxiv:2609.12884v1/abstract,vectors-0001.png,1849,0.005688066929133858
intent-vs-fact/arxiv:2609.12890v2/abstract,vectors-0001.png,1850,0.005775307559055118
intent-vs-fact/arxiv:2609.12896v1/abstract,vectors-0001.png,1851,0.005607406299212599
intent-vs-fact/arxiv:2609.12897v1/abstract,vectors-0001.png,1852,0.005325830393700787
intent-vs-fact/arxiv:2609.12898v1/abstract,vectors-0001.png,1853,0.00541777125984252
intent-vs-fact/arxiv:2609.12913v2/abstract,vectors-0001.png,1854,0.005553017322834646
intent-vs-fact/arxiv:2609.12915v1/abstract,vectors-0001.png,1855,0.005663187007874016
intent-vs-fact/arxiv:2609.12917v1/abstract,vectors-0001.png,1856,0.005813054330708662
intent-vs-fact/arxiv:2609.12929v1/abstract,vectors-0001.png,1857,0.005811709133858268
intent-vs-fact/arxiv:2609.12949v1/abstract,vectors-0001.png,1858,0.005558810236220473
intent-vs-fact/arxiv:2609.12960v1/abstract,vectors-0001.png,1859,0.005752717322834646
intent-vs-fact/arxiv:2609.12965v1/abstract,vectors-0001.png,1860,0.005390955118110236
intent-vs-fact/arxiv:2609.12978v1/abstract,vectors-0001.png,1861,0.005532577165354331
intent-vs-fact/arxiv:2609.12993v1/abstract,vectors-0001.png,1862,0.00525609842519685
intent-vs-fact/arxiv:2609.13003v1/abstract,vectors-0001.png,1863,0.005563297165354331
intent-vs-fact/arxiv:2609.13005v1/abstract,vectors-0001.png,1864,0.005612790078740157
intent-vs-fact/arxiv:2609.13009v1/abstract,vectors-0001.png,1865,0.005436755905511811
intent-vs-fact/arxiv:2609.13011v1/abstract,vectors-0001.png,1866,0.005791845669291339
intent-vs-fact/arxiv:2609.13013v1/abstract,vectors-0001.png,1867,0.005447561417322834
intent-vs-fact/arxiv:2609.13024v1/abstract,vectors-0001.png,1868,0.005576277165354331
intent-vs-fact/arxiv:2609.13031v1/abstract,vectors-0001.png,1869,0.005413763779527559
intent-vs-fact/arxiv:2609.13035v1/abstract,vectors-0001.png,1870,0.005502868818897637
intent-vs-fact/arxiv:2609.13042v1/abstract,vectors-0001.png,1871,0.005424444881889764
intent-vs-fact/arxiv:2609.13043v1/abstract,vectors-0001.png,1872,0.005640487007874015
intent-vs-fact/arxiv:2609.13045v1/abstract,vectors-0001.png,1873,0.005560332283464566
intent-vs-fact/arxiv:2609.13047v2/abstract,vectors-0001.png,1874,0.005522476850393701
intent-vs-fact/arxiv:2609.13053v1/abstract,vectors-0001.png,1875,0.005431485433070865
intent-vs-fact/arxiv:2609.13058v1/abstract,vectors-0001.png,1876,0.005299366929133859
intent-vs-fact/arxiv:2609.13062v1/abstract,vectors-0001.png,1877,0.005528897244094488
intent-vs-fact/arxiv:2609.13071v1/abstract,vectors-0001.png,1878,0.005184510551181102
intent-vs-fact/arxiv:2609.13072v1/abstract,vectors-0001.png,1879,0.005740234251968504
intent-vs-fact/arxiv:2609.13073v1/abstract,vectors-0001.png,1880,0.00547512968503937
intent-vs-fact/arxiv:2609.13076v1/abstract,vectors-0001.png,1881,0.005591310236220472
intent-vs-fact/arxiv:2609.13082v1/abstract,vectors-0001.png,1882,0.005551011023622048
intent-vs-fact/arxiv:2609.13083v3/abstract,vectors-0001.png,1883,0.005335150708661417
intent-vs-fact/arxiv:2609.13117v1/abstract,vectors-0001.png,1884,0.005637081102362204
intent-vs-fact/arxiv:2609.13118v1/abstract,vectors-0001.png,1885,0.005526767480314961
intent-vs-fact/arxiv:2609.13125v1/abstract,vectors-0001.png,1886,0.005640197637795276
intent-vs-fact/arxiv:2609.13134v1/abstract,vectors-0001.png,1887,0.005713395275590551
intent-vs-fact/arxiv:2609.13141v1/abstract,vectors-0001.png,1888,0.005520332047244094
intent-vs-fact/arxiv:2609.13144v1/abstract,vectors-0001.png,1889,0.005611233385826772
intent-vs-fact/arxiv:2609.13334v1/abstract,vectors-0001.png,1890,0.0058905464566929135
intent-vs-fact/arxiv:2609.13422v2/abstract,vectors-0001.png,1891,0.00547425748031496
intent-vs-fact/arxiv:2609.13561v1/abstract,vectors-0001.png,1892,0.0053077603149606295
intent-vs-fact/arxiv:2609.13577v1/abstract,vectors-0001.png,1893,0.005503953543307087
intent-vs-fact/arxiv:2609.13637v1/abstract,vectors-0001.png,1894,0.005830696062992126
intent-vs-fact/arxiv:2609.13890v1/abstract,vectors-0001.png,1895,0.005719840551181103
intent-vs-fact/arxiv:2609.13986v1/abstract,vectors-0001.png,1896,0.005691103149606299
intent-vs-fact/arxiv:2609.14072v1/abstract,vectors-0001.png,1897,0.005626643700787401
intent-vs-fact/arxiv:2609.14227v1/abstract,vectors-0001.png,1898,0.005381940157480314
intent-vs-fact/arxiv:2609.14413v1/abstract,vectors-0001.png,1899,0.005647951968503938
intent-vs-fact/arxiv:2609.14438v1/abstract,vectors-0001.png,1900,0.005498251968503937
intent-vs-fact/arxiv:2609.14767v1/abstract,vectors-0001.png,1901,0.005769197401574803
intent-vs-fact/arxiv:2609.14818v1/abstract,vectors-0001.png,1902,0.005445811023622047
intent-vs-fact/arxiv:2609.14896v1/abstract,vectors-0001.png,1903,0.005435813385826772
intent-vs-fact/arxiv:2609.14935v1/abstract,vectors-0001.png,1904,0.005788955905511811
intent-vs-fact/arxiv:2609.14959v1/abstract,vectors-0001.png,1905,0.005347706692913386
intent-vs-fact/arxiv:2609.15079v1/abstract,vectors-0001.png,1906,0.00572039716535433
intent-vs-fact/arxiv:2609.15314v1/abstract,vectors-0001.png,1907,0.005804886929133858
intent-vs-fact/arxiv:2609.15361v1/abstract,vectors-0001.png,1908,0.005386456692913386
intent-vs-fact/arxiv:2609.15522v1/abstract,vectors-0001.png,1909,0.005469336220472441
intent-vs-fact/arxiv:2609.15528v1/abstract,vectors-0001.png,1910,0.00542770031496063
intent-vs-fact/arxiv:2609.15530v1/abstract,vectors-0001.png,1911,0.0058588464566929135
intent-vs-fact/arxiv:2609.15559v1/abstract,vectors-0001.png,1912,0.005267884251968505
intent-vs-fact/arxiv:2609.15561v1/abstract,vectors-0001.png,1913,0.00530426220472441
intent-vs-fact/arxiv:2609.15608v1/abstract,vectors-0001.png,1914,0.005823729133858268
intent-vs-fact/arxiv:2609.15618v1/abstract,vectors-0001.png,1915,0.0057330844881889765
intent-vs-fact/arxiv:2609.15640v1/abstract,vectors-0001.png,1916,0.00575190968503937
intent-vs-fact/arxiv:2609.15654v1/abstract,vectors-0001.png,1917,0.005835163307086615
intent-vs-fact/arxiv:2609.15660v1/abstract,vectors-0001.png,1918,0.00574251937007874
intent-vs-fact/arxiv:2609.15684v1/abstract,vectors-0001.png,1919,0.005521438267716536
intent-vs-fact/arxiv:2609.15722v1/abstract,vectors-0001.png,1920,0.005488512598425197
intent-vs-fact/arxiv:2609.15740v1/abstract,vectors-0001.png,1921,0.005283372440944882
intent-vs-fact/arxiv:2609.15743v1/abstract,vectors-0001.png,1922,0.004891576377952756
intent-vs-fact/arxiv:2609.15744v1/abstract,vectors-0001.png,1923,0.004921287401574804
intent-vs-fact/arxiv:2609.15745v1/abstract,vectors-0001.png,1924,0.005731025984251969
intent-vs-fact/arxiv:2609.15758v1/abstract,vectors-0001.png,1925,0.0057469496062992126
intent-vs-fact/arxiv:2609.15759v1/abstract,vectors-0001.png,1926,0.0055191307086614174
intent-vs-fact/arxiv:2609.15763v1/abstract,vectors-0001.png,1927,0.005269683464566929
intent-vs-fact/arxiv:2609.15772v1/abstract,vectors-0001.png,1928,0.005563695275590551
intent-vs-fact/arxiv:2609.15773v1/abstract,vectors-0001.png,1929,0.005419010708661418
intent-vs-fact/arxiv:2609.15779v1/abstract,vectors-0001.png,1930,0.005379455118110236
intent-vs-fact/arxiv:2609.15781v1/abstract,vectors-0001.png,1931,0.005784542992125984
intent-vs-fact/arxiv:2609.15794v1/abstract,vectors-0001.png,1932,0.005387527559055119
intent-vs-fact/arxiv:2609.15800v1/abstract,vectors-0001.png,1933,0.005580136220472441
intent-vs-fact/arxiv:2609.15801v1/abstract,vectors-0001.png,1934,0.005749079212598425
intent-vs-fact/arxiv:2609.15803v1/abstract,vectors-0001.png,1935,0.005812325196850394
intent-vs-fact/arxiv:2609.15818v2/abstract,vectors-0001.png,1936,0.0053409968503937005
intent-vs-fact/arxiv:2609.15820v1/abstract,vectors-0001.png,1937,0.005333191338582677
intent-vs-fact/arxiv:2609.15830v1/abstract,vectors-0001.png,1938,0.005287202755905512
intent-vs-fact/arxiv:2609.15838v1/abstract,vectors-0001.png,1939,0.005916976377952756
intent-vs-fact/arxiv:2609.15849v1/abstract,vectors-0001.png,1940,0.005699192125984252
intent-vs-fact/arxiv:2609.15851v1/abstract,vectors-0001.png,1941,0.005219315748031496
intent-vs-fact/arxiv:2609.15855v2/abstract,vectors-0001.png,1942,0.0056466
intent-vs-fact/arxiv:2609.15859v1/abstract,vectors-0001.png,1943,0.005488607086614173
intent-vs-fact/arxiv:2609.15871v1/abstract,vectors-0001.png,1944,0.005447279291338583
intent-vs-fact/arxiv:2609.15883v1/abstract,vectors-0001.png,1945,0.005529967716535434
intent-vs-fact/arxiv:2609.15885v1/abstract,vectors-0001.png,1946,0.005355827952755906
intent-vs-fact/arxiv:2609.15886v1/abstract,vectors-0001.png,1947,0.005682369291338583
intent-vs-fact/arxiv:2609.15888v1/abstract,vectors-0001.png,1948,0.005777779527559056
intent-vs-fact/arxiv:2609.15910v1/abstract,vectors-0001.png,1949,0.005373065354330709
intent-vs-fact/arxiv:2609.15919v1/abstract,vectors-0001.png,1950,0.005461614960629921
intent-vs-fact/arxiv:2609.15932v1/abstract,vectors-0001.png,1951,0.005563078425196851
intent-vs-fact/arxiv:2609.15938v1/abstract,vectors-0001.png,1952,0.005336324409448819
intent-vs-fact/arxiv:2609.15939v1/abstract,vectors-0001.png,1953,0.005517828346456692
intent-vs-fact/arxiv:2609.15964v2/abstract,vectors-0001.png,1954,0.005633161732283464
intent-vs-fact/arxiv:2609.15972v1/abstract,vectors-0001.png,1955,0.005313328346456693
intent-vs-fact/arxiv:2609.15973v1/abstract,vectors-0001.png,1956,0.005328835905511811
intent-vs-fact/arxiv:2609.15975v1/abstract,vectors-0001.png,1957,0.005766485039370078
intent-vs-fact/arxiv:2609.15982v1/abstract,vectors-0001.png,1958,0.0056566887401574804
intent-vs-fact/arxiv:2609.15983v2/abstract,vectors-0001.png,1959,0.0054146933858267715
intent-vs-fact/arxiv:2609.15987v1/abstract,vectors-0001.png,1960,0.005357633070866142
intent-vs-fact/arxiv:2609.15989v1/abstract,vectors-0001.png,1961,0.005520925984251969
intent-vs-fact/arxiv:2609.16158v1/abstract,vectors-0001.png,1962,0.005326318897637795
intent-vs-fact/arxiv:2609.16163v1/abstract,vectors-0001.png,1963,0.005385048818897638
intent-vs-fact/arxiv:2609.16270v1/abstract,vectors-0001.png,1964,0.005607017322834646
intent-vs-fact/arxiv:2609.16305v1/abstract,vectors-0001.png,1965,0.005634775590551181
intent-vs-fact/arxiv:2609.16346v1/abstract,vectors-0001.png,1966,0.0052567818897637794
intent-vs-fact/arxiv:2609.16487v1/abstract,vectors-0001.png,1967,0.005694016535433071
intent-vs-fact/arxiv:2609.16673v1/abstract,vectors-0001.png,1968,0.005766537795275591
intent-vs-fact/arxiv:2609.16917v1/abstract,vectors-0001.png,1969,0.005466887401574803
intent-vs-fact/arxiv:2609.16986v1/abstract,vectors-0001.png,1970,0.005924157716535433
intent-vs-fact/arxiv:2609.16995v1/abstract,vectors-0001.png,1971,0.005148447244094488
intent-vs-fact/arxiv:2609.16997v1/abstract,vectors-0001.png,1972,0.005348114488188976
intent-vs-fact/arxiv:2609.17010v1/abstract,vectors-0001.png,1973,0.005508236535433071
intent-vs-fact/arxiv:2609.17017v1/abstract,vectors-0001.png,1974,0.005278405275590551
intent-vs-fact/arxiv:2609.17043v1/abstract,vectors-0001.png,1975,0.005739928661417323
intent-vs-fact/arxiv:2609.17056v1/abstract,vectors-0001.png,1976,0.005732371653543307
intent-vs-fact/arxiv:2609.17081v1/abstract,vectors-0001.png,1977,0.005693178740157481
intent-vs-fact/arxiv:2609.17088v1/abstract,vectors-0001.png,1978,0.005403500393700787
intent-vs-fact/arxiv:2609.17109v1/abstract,vectors-0001.png,1979,0.0059357543307086615
intent-vs-fact/arxiv:2609.17119v1/abstract,vectors-0001.png,1980,0.005690173228346456
intent-vs-fact/arxiv:2609.17146v1/abstract,vectors-0001.png,1981,0.005673892362204724
intent-vs-fact/arxiv:2609.17184v1/abstract,vectors-0001.png,1982,0.0056526779527559055
intent-vs-fact/arxiv:2609.17210v1/abstract,vectors-0001.png,1983,0.005519991338582678
intent-vs-fact/arxiv:2609.17221v1/abstract,vectors-0001.png,1984,0.005588350787401575
intent-vs-fact/arxiv:2609.17225v1/abstract,vectors-0001.png,1985,0.005295538031496063
intent-vs-fact/arxiv:2609.17226v1/abstract,vectors-0001.png,1986,0.005620300787401575
intent-vs-fact/arxiv:2609.17227v1/abstract,vectors-0001.png,1987,0.005590062204724409
intent-vs-fact/arxiv:2609.17235v1/abstract,vectors-0001.png,1988,0.0053775157480314955
intent-vs-fact/arxiv:2609.17241v1/abstract,vectors-0001.png,1989,0.005457813779527559
intent-vs-fact/arxiv:2609.17251v1/abstract,vectors-0001.png,1990,0.0057507740157480315
intent-vs-fact/arxiv:2609.17260v1/abstract,vectors-0001.png,1991,0.00568724094488189
intent-vs-fact/arxiv:2609.17265v1/abstract,vectors-0001.png,1992,0.00542604251968504
intent-vs-fact/arxiv:2609.17274v2/abstract,vectors-0001.png,1993,0.005560129921259842
intent-vs-fact/arxiv:2609.17291v1/abstract,vectors-0001.png,1994,0.005681568267716535
intent-vs-fact/arxiv:2609.17306v1/abstract,vectors-0001.png,1995,0.005563115748031496
intent-vs-fact/arxiv:2609.17310v2/abstract,vectors-0001.png,1996,0.005631834645669291
intent-vs-fact/arxiv:2609.17317v1/abstract,vectors-0001.png,1997,0.005640792125984252
intent-vs-fact/arxiv:2609.17320v1/abstract,vectors-0001.png,1998,0.005575092125984252
intent-vs-fact/arxiv:2609.17325v1/abstract,vectors-0001.png,1999,0.00561738031496063
intent-vs-fact/arxiv:2609.17326v1/abstract,vectors-0001.png,2000,0.005653096850393701
intent-vs-fact/arxiv:2609.17327v2/abstract,vectors-0001.png,2001,0.00557174094488189
intent-vs-fact/arxiv:2609.17331v1/abstract,vectors-0001.png,2002,0.00579639842519685
intent-vs-fact/arxiv:2609.17346v1/abstract,vectors-0001.png,2003,0.005525634645669291
intent-vs-fact/arxiv:2609.17360v2/abstract,vectors-0001.png,2004,0.005808985826771654
intent-vs-fact/arxiv:2609.17376v1/abstract,vectors-0001.png,2005,0.00570468031496063
intent-vs-fact/arxiv:2609.17384v1/abstract,vectors-0001.png,2006,0.005788396062992126
intent-vs-fact/arxiv:2609.17391v1/abstract,vectors-0001.png,2007,0.005446277952755906
intent-vs-fact/arxiv:2609.17394v1/abstract,vectors-0001.png,2008,0.005840451732283464
intent-vs-fact/arxiv:2609.17398v1/abstract,vectors-0001.png,2009,0.00543318031496063
intent-vs-fact/arxiv:2609.17427v1/abstract,vectors-0001.png,2010,0.005694608976377953
intent-vs-fact/arxiv:2609.17429v1/abstract,vectors-0001.png,2011,0.005615538582677165
intent-vs-fact/arxiv:2609.17434v1/abstract,vectors-0001.png,2012,0.005521591732283465
intent-vs-fact/arxiv:2609.17435v1/abstract,vectors-0001.png,2013,0.005378367716535433
intent-vs-fact/arxiv:2609.17439v1/abstract,vectors-0001.png,2014,0.0055105761417322836
intent-vs-fact/arxiv:2609.17464v1/abstract,vectors-0001.png,2015,0.005700685826771653
intent-vs-fact/arxiv:2609.17474v1/abstract,vectors-0001.png,2016,0.005650272992125984
intent-vs-fact/arxiv:2609.17475v2/abstract,vectors-0001.png,2017,0.005592573228346457
intent-vs-fact/arxiv:2609.17479v1/abstract,vectors-0001.png,2018,0.005490215275590551
intent-vs-fact/arxiv:2609.17488v1/abstract,vectors-0001.png,2019,0.005314268503937008
intent-vs-fact/arxiv:2609.17496v1/abstract,vectors-0001.png,2020,0.0054151881889763775
intent-vs-fact/arxiv:2609.17499v1/abstract,vectors-0001.png,2021,0.00543936968503937
intent-vs-fact/arxiv:2609.17509v1/abstract,vectors-0001.png,2022,0.0056280614173228345
intent-vs-fact/arxiv:2609.17515v1/abstract,vectors-0001.png,2023,0.005470734645669291
intent-vs-fact/arxiv:2609.17516v1/abstract,vectors-0001.png,2024,0.005809074015748031
intent-vs-fact/arxiv:2609.17521v2/abstract,vectors-0001.png,2025,0.005466715748031496
intent-vs-fact/arxiv:2609.17523v1/abstract,vectors-0001.png,2026,0.005416862204724409
intent-vs-fact/arxiv:2609.17527v1/abstract,vectors-0001.png,2027,0.0055727611023622045
intent-vs-fact/arxiv:2609.17797v1/abstract,vectors-0001.png,2028,0.005522642519685039
intent-vs-fact/arxiv:2609.17856v1/abstract,vectors-0001.png,2029,0.005673317322834645
intent-vs-fact/arxiv:2609.17885v2/abstract,vectors-0001.png,2030,0.005567329921259843
intent-vs-fact/arxiv:2609.18223v1/abstract,vectors-0001.png,2031,0.005438118897637795
intent-vs-fact/arxiv:2609.18283v1/abstract,vectors-0001.png,2032,0.005353814960629921
intent-vs-fact/arxiv:2609.18649v1/abstract,vectors-0001.png,2033,0.005469162992125984
intent-vs-fact/arxiv:2609.18672v1/abstract,vectors-0001.png,2034,0.005774828897637796
intent-vs-fact/arxiv:2609.18677v1/abstract,vectors-0001.png,2035,0.005441966456692914
intent-vs-fact/arxiv:2609.18680v2/abstract,vectors-0001.png,2036,0.00556362094488189
intent-vs-fact/arxiv:2609.18690v1/abstract,vectors-0001.png,2037,0.005573422047244095
intent-vs-fact/arxiv:2609.18697v1/abstract,vectors-0001.png,2038,0.005520516929133859
intent-vs-fact/arxiv:2609.18720v1/abstract,vectors-0001.png,2039,0.005565548031496064
intent-vs-fact/arxiv:2609.18729v1/abstract,vectors-0001.png,2040,0.005259557007874016
intent-vs-fact/arxiv:2609.18736v1/abstract,vectors-0001.png,2041,0.005596599212598426
intent-vs-fact/arxiv:2609.18739v1/abstract,vectors-0001.png,2042,0.005217975984251969
intent-vs-fact/arxiv:2609.18748v2/abstract,vectors-0001.png,2043,0.005331003937007874
intent-vs-fact/arxiv:2609.18766v3/abstract,vectors-0001.png,2044,0.005377156692913386
intent-vs-fact/arxiv:2609.18769v1/abstract,vectors-0002.png,0,0.0058652582677165355
intent-vs-fact/arxiv:2609.18772v1/abstract,vectors-0002.png,1,0.005429286220472441
intent-vs-fact/arxiv:2609.18779v1/abstract,vectors-0002.png,2,0.005542707874015749
intent-vs-fact/arxiv:2609.18804v1/abstract,vectors-0002.png,3,0.005821025196850393
intent-vs-fact/arxiv:2609.18805v1/abstract,vectors-0002.png,4,0.005656100787401574
intent-vs-fact/arxiv:2609.18820v2/abstract,vectors-0002.png,5,0.00596873937007874
intent-vs-fact/arxiv:2609.18823v1/abstract,vectors-0002.png,6,0.005739533543307087
intent-vs-fact/arxiv:2609.18842v2/abstract,vectors-0002.png,7,0.00556933031496063
intent-vs-fact/arxiv:2609.18844v1/abstract,vectors-0002.png,8,0.0057073527559055115
intent-vs-fact/arxiv:2609.18849v1/abstract,vectors-0002.png,9,0.005775023622047244
intent-vs-fact/arxiv:2609.18852v1/abstract,vectors-0002.png,10,0.0054377771653543305
intent-vs-fact/arxiv:2609.18856v1/abstract,vectors-0002.png,11,0.00559975874015748
intent-vs-fact/arxiv:2609.18857v1/abstract,vectors-0002.png,12,0.00572408188976378
intent-vs-fact/arxiv:2609.18860v1/abstract,vectors-0002.png,13,0.005959396062992126
intent-vs-fact/arxiv:2609.18861v1/abstract,vectors-0002.png,14,0.005577651496062992
intent-vs-fact/arxiv:2609.18864v2/abstract,vectors-0002.png,15,0.00572345905511811
intent-vs-fact/arxiv:2609.18905v1/abstract,vectors-0002.png,16,0.005415342913385827
intent-vs-fact/arxiv:2609.18908v1/abstract,vectors-0002.png,17,0.005391820236220472
intent-vs-fact/arxiv:2609.18909v1/abstract,vectors-0002.png,18,0.00566765874015748
intent-vs-fact/arxiv:2609.18916v2/abstract,vectors-0002.png,19,0.005450027559055118
intent-vs-fact/arxiv:2609.18929v1/abstract,vectors-0002.png,20,0.0053980664566929135
intent-vs-fact/arxiv:2609.18935v1/abstract,vectors-0002.png,21,0.0058166952755905514
intent-vs-fact/arxiv:2609.19074v1/abstract,vectors-0002.png,22,0.005185265748031496
intent-vs-fact/arxiv:2609.19076v2/abstract,vectors-0002.png,23,0.005736850393700787
intent-vs-fact/arxiv:2609.19077v1/abstract,vectors-0002.png,24,0.005908879527559055
intent-vs-fact/arxiv:2609.19088v1/abstract,vectors-0002.png,25,0.005333499606299213
intent-vs-fact/arxiv:2609.19090v1/abstract,vectors-0002.png,26,0.005733704488188976
intent-vs-fact/arxiv:2609.19093v1/abstract,vectors-0002.png,27,0.005521511496062992
intent-vs-fact/arxiv:2609.19096v1/abstract,vectors-0002.png,28,0.005277959842519685
intent-vs-fact/arxiv:2609.19101v1/abstract,vectors-0002.png,29,0.00521146062992126
intent-vs-fact/arxiv:2609.19104v1/abstract,vectors-0002.png,30,0.00550154905511811
intent-vs-fact/arxiv:2609.19113v3/abstract,vectors-0002.png,31,0.005882670078740157
intent-vs-fact/arxiv:2609.19124v1/abstract,vectors-0002.png,32,0.0054873905511811025
intent-vs-fact/arxiv:2609.19125v1/abstract,vectors-0002.png,33,0.005062477165354331
intent-vs-fact/arxiv:2609.19128v1/abstract,vectors-0002.png,34,0.005635148818897638
intent-vs-fact/arxiv:2609.19134v1/abstract,vectors-0002.png,35,0.005384245275590551
intent-vs-fact/arxiv:2609.19137v2/abstract,vectors-0002.png,36,0.005146794881889763
intent-vs-fact/arxiv:2609.19143v1/abstract,vectors-0002.png,37,0.005415974015748031
intent-vs-fact/arxiv:2609.19144v1/abstract,vectors-0002.png,38,0.005747204251968504
intent-vs-fact/arxiv:2609.19145v1/abstract,vectors-0002.png,39,0.005597414960629921
intent-vs-fact/arxiv:2609.19183v1/abstract,vectors-0002.png,40,0.005753449606299212
intent-vs-fact/arxiv:2609.19203v1/abstract,vectors-0002.png,41,0.005510075590551181
intent-vs-fact/arxiv:2609.19208v1/abstract,vectors-0002.png,42,0.005511144094488189
intent-vs-fact/arxiv:2609.19234v1/abstract,vectors-0002.png,43,0.0053504925984251975
intent-vs-fact/arxiv:2609.19502v1/abstract,vectors-0002.png,44,0.005481505984251969
intent-vs-fact/arxiv:2609.19538v1/abstract,vectors-0002.png,45,0.005628979527559055
intent-vs-fact/arxiv:2609.19654v1/abstract,vectors-0002.png,46,0.005484114488188976
intent-vs-fact/arxiv:2609.19680v1/abstract,vectors-0002.png,47,0.005524245669291338
intent-vs-fact/arxiv:2609.19705v1/abstract,vectors-0002.png,48,0.0056524074803149605
intent-vs-fact/arxiv:2609.19721v1/abstract,vectors-0002.png,49,0.005606415196850394
intent-vs-fact/arxiv:2609.19989v1/abstract,vectors-0002.png,50,0.005367350393700788
intent-vs-fact/arxiv:2609.20080v1/abstract,vectors-0002.png,51,0.0056812653543307085
intent-vs-fact/arxiv:2609.20104v1/abstract,vectors-0002.png,52,0.005534574803149606
intent-vs-fact/arxiv:2609.20131v1/abstract,vectors-0002.png,53,0.005599568188976378
intent-vs-fact/arxiv:2609.20186v1/abstract,vectors-0002.png,54,0.005741751968503937
intent-vs-fact/arxiv:2609.20398v1/abstract,vectors-0002.png,55,0.005616654094488189
intent-vs-fact/arxiv:2609.20408v2/abstract,vectors-0002.png,56,0.005476325196850393
intent-vs-fact/arxiv:2609.20412v1/abstract,vectors-0002.png,57,0.005406562755905512
intent-vs-fact/arxiv:2609.20484v1/abstract,vectors-0002.png,58,0.005315663779527559
intent-vs-fact/arxiv:2609.20504v1/abstract,vectors-0002.png,59,0.005265217322834646
intent-vs-fact/arxiv:2609.20519v1/abstract,vectors-0002.png,60,0.005590376377952756
intent-vs-fact/arxiv:2609.20530v1/abstract,vectors-0002.png,61,0.005401164566929135
intent-vs-fact/arxiv:2609.20535v1/abstract,vectors-0002.png,62,0.0053589692913385825
intent-vs-fact/arxiv:2609.20538v1/abstract,vectors-0002.png,63,0.0058587634645669295
intent-vs-fact/arxiv:2609.20541v1/abstract,vectors-0002.png,64,0.005831005984251969
intent-vs-fact/arxiv:2609.20543v1/abstract,vectors-0002.png,65,0.005720802362204724
intent-vs-fact/arxiv:2609.20548v1/abstract,vectors-0002.png,66,0.005657408661417323
intent-vs-fact/arxiv:2609.20565v1/abstract,vectors-0002.png,67,0.005317882283464566
intent-vs-fact/arxiv:2609.20569v1/abstract,vectors-0002.png,68,0.005790433858267717
intent-vs-fact/arxiv:2609.20575v1/abstract,vectors-0002.png,69,0.0055125740157480315
intent-vs-fact/arxiv:2609.20578v1/abstract,vectors-0002.png,70,0.005668826456692913
intent-vs-fact/arxiv:2609.20581v2/abstract,vectors-0002.png,71,0.006065897637795276
intent-vs-fact/arxiv:2609.20584v1/abstract,vectors-0002.png,72,0.005608039133858268
intent-vs-fact/arxiv:2609.20593v1/abstract,vectors-0002.png,73,0.005209873228346457
intent-vs-fact/arxiv:2609.20598v1/abstract,vectors-0002.png,74,0.005123891732283464
intent-vs-fact/arxiv:2609.20612v2/abstract,vectors-0002.png,75,0.005679933543307087
intent-vs-fact/arxiv:2609.20614v1/abstract,vectors-0002.png,76,0.005415966929133858
intent-vs-fact/arxiv:2609.20620v1/abstract,vectors-0002.png,77,0.005761625984251968
intent-vs-fact/arxiv:2609.20625v1/abstract,vectors-0002.png,78,0.005900008661417324
intent-vs-fact/arxiv:2609.20630v2/abstract,vectors-0002.png,79,0.005418359842519685
intent-vs-fact/arxiv:2609.20634v1/abstract,vectors-0002.png,80,0.0057230202362204725
intent-vs-fact/arxiv:2609.20658v1/abstract,vectors-0002.png,81,0.005497020078740158
intent-vs-fact/arxiv:2609.20659v1/abstract,vectors-0002.png,82,0.005413999685039371
intent-vs-fact/arxiv:2609.20684v1/abstract,vectors-0002.png,83,0.005341157480314961
intent-vs-fact/arxiv:2609.20712v1/abstract,vectors-0002.png,84,0.005685010236220473
intent-vs-fact/arxiv:2609.20715v1/abstract,vectors-0002.png,85,0.005750820866141732
intent-vs-fact/arxiv:2609.20722v1/abstract,vectors-0002.png,86,0.005833140472440945
intent-vs-fact/arxiv:2609.20732v1/abstract,vectors-0002.png,87,0.005452472834645669
intent-vs-fact/arxiv:2609.20734v1/abstract,vectors-0002.png,88,0.005771800787401575
intent-vs-fact/arxiv:2609.20751v1/abstract,vectors-0002.png,89,0.005308731811023622
intent-vs-fact/arxiv:2609.20752v1/abstract,vectors-0002.png,90,0.005541394094488189
intent-vs-fact/arxiv:2609.20754v1/abstract,vectors-0002.png,91,0.005665090551181103
intent-vs-fact/arxiv:2609.20758v1/abstract,vectors-0002.png,92,0.005501743307086615
intent-vs-fact/arxiv:2609.20768v1/abstract,vectors-0002.png,93,0.005700275196850393
intent-vs-fact/arxiv:2609.20776v1/abstract,vectors-0002.png,94,0.005660405748031496
intent-vs-fact/arxiv:2609.20779v1/abstract,vectors-0002.png,95,0.005537285826771653
intent-vs-fact/arxiv:2609.20784v1/abstract,vectors-0002.png,96,0.005469055590551181
intent-vs-fact/arxiv:2609.20800v1/abstract,vectors-0002.png,97,0.0054403874015748034
intent-vs-fact/arxiv:2609.20804v1/abstract,vectors-0002.png,98,0.0058220566929133855
intent-vs-fact/arxiv:2609.20808v1/abstract,vectors-0002.png,99,0.005547747244094488
intent-vs-fact/arxiv:2609.20812v3/abstract,vectors-0002.png,100,0.005727917637795275
intent-vs-fact/arxiv:2609.20815v1/abstract,vectors-0002.png,101,0.005509308661417323
intent-vs-fact/arxiv:2609.20816v2/abstract,vectors-0002.png,102,0.005548306299212598
intent-vs-fact/arxiv:2609.20817v1/abstract,vectors-0002.png,103,0.005651869291338582
intent-vs-fact/arxiv:2609.20820v1/abstract,vectors-0002.png,104,0.005729096062992126
intent-vs-fact/arxiv:2609.20821v1/abstract,vectors-0002.png,105,0.005394241732283464
intent-vs-fact/arxiv:2609.20822v1/abstract,vectors-0002.png,106,0.005435698425196851
intent-vs-fact/arxiv:2609.20887v1/abstract,vectors-0002.png,107,0.005413926456692914
intent-vs-fact/arxiv:2609.20889v1/abstract,vectors-0002.png,108,0.005489433385826772
intent-vs-fact/arxiv:2609.21081v1/abstract,vectors-0002.png,109,0.005787004724409448
intent-vs-fact/arxiv:2609.21192v1/abstract,vectors-0002.png,110,0.0056131782677165355
intent-vs-fact/arxiv:2609.21562v2/abstract,vectors-0002.png,111,0.005531531496062992
intent-vs-fact/arxiv:2609.21570v1/abstract,vectors-0002.png,112,0.005468722047244095
intent-vs-fact/arxiv:2609.21595v1/abstract,vectors-0002.png,113,0.005305407086614173
intent-vs-fact/arxiv:2609.21636v1/abstract,vectors-0002.png,114,0.005796750708661417
intent-vs-fact/arxiv:2609.21637v1/abstract,vectors-0002.png,115,0.005505877716535433
intent-vs-fact/arxiv:2609.21651v2/abstract,vectors-0002.png,116,0.005436885511811023
intent-vs-fact/arxiv:2609.21655v1/abstract,vectors-0002.png,117,0.005171904724409449
intent-vs-fact/arxiv:2609.21662v1/abstract,vectors-0002.png,118,0.005371453543307086
intent-vs-fact/arxiv:2609.21663v2/abstract,vectors-0002.png,119,0.0053786062992125985
intent-vs-fact/arxiv:2609.21672v1/abstract,vectors-0002.png,120,0.005444605039370078
intent-vs-fact/arxiv:2609.21673v1/abstract,vectors-0002.png,121,0.005723093464566929
intent-vs-fact/arxiv:2609.21676v1/abstract,vectors-0002.png,122,0.005468579291338583
intent-vs-fact/arxiv:2609.21683v1/abstract,vectors-0002.png,123,0.005572112047244095
intent-vs-fact/arxiv:2609.21713v1/abstract,vectors-0002.png,124,0.005604497637795276
intent-vs-fact/arxiv:2609.21722v1/abstract,vectors-0002.png,125,0.005191113070866142
intent-vs-fact/arxiv:2609.21743v1/abstract,vectors-0002.png,126,0.005769245669291339
intent-vs-fact/arxiv:2609.21748v1/abstract,vectors-0002.png,127,0.0056787311811023625
intent-vs-fact/arxiv:2609.21751v1/abstract,vectors-0002.png,128,0.005559920787401575
intent-vs-fact/arxiv:2609.21755v1/abstract,vectors-0002.png,129,0.005522335118110237
intent-vs-fact/arxiv:2609.21789v2/abstract,vectors-0002.png,130,0.005742614960629921
intent-vs-fact/arxiv:2609.21793v1/abstract,vectors-0002.png,131,0.0056513692913385824
intent-vs-fact/arxiv:2609.21801v1/abstract,vectors-0002.png,132,0.00573300188976378
intent-vs-fact/arxiv:2609.21805v1/abstract,vectors-0002.png,133,0.005092966929133858
intent-vs-fact/arxiv:2609.21811v1/abstract,vectors-0002.png,134,0.005457171338582678
intent-vs-fact/arxiv:2609.21815v2/abstract,vectors-0002.png,135,0.005405973700787402
intent-vs-fact/arxiv:2609.21827v1/abstract,vectors-0002.png,136,0.005621146929133858
intent-vs-fact/arxiv:2609.21828v1/abstract,vectors-0002.png,137,0.005408270866141732
intent-vs-fact/arxiv:2609.21829v1/abstract,vectors-0002.png,138,0.005540277952755906
intent-vs-fact/arxiv:2609.21841v1/abstract,vectors-0002.png,139,0.0054962102362204725
intent-vs-fact/arxiv:2609.21844v1/abstract,vectors-0002.png,140,0.005657185826771653
intent-vs-fact/arxiv:2609.21857v1/abstract,vectors-0002.png,141,0.0055789299212598426
intent-vs-fact/arxiv:2609.21859v1/abstract,vectors-0002.png,142,0.005349303149606298
intent-vs-fact/arxiv:2609.21863v1/abstract,vectors-0002.png,143,0.004844938188976378
intent-vs-fact/arxiv:2609.21870v1/abstract,vectors-0002.png,144,0.005711256692913386
intent-vs-fact/arxiv:2609.21879v1/abstract,vectors-0002.png,145,0.005341064251968504
intent-vs-fact/arxiv:2609.21888v1/abstract,vectors-0002.png,146,0.005495565590551181
intent-vs-fact/arxiv:2609.21924v1/abstract,vectors-0002.png,147,0.005579875590551181
intent-vs-fact/arxiv:2609.21940v1/abstract,vectors-0002.png,148,0.005568879763779527
intent-vs-fact/arxiv:2609.21942v1/abstract,vectors-0002.png,149,0.005598490157480315
intent-vs-fact/arxiv:2609.21944v1/abstract,vectors-0002.png,150,0.005199749133858267
intent-vs-fact/arxiv:2609.21962v1/abstract,vectors-0002.png,151,0.005565773228346457
intent-vs-fact/arxiv:2609.21967v1/abstract,vectors-0002.png,152,0.005520064960629922
intent-vs-fact/arxiv:2609.21992v1/abstract,vectors-0002.png,153,0.006060710551181102
intent-vs-fact/arxiv:2609.21996v2/abstract,vectors-0002.png,154,0.005610901102362204
intent-vs-fact/arxiv:2609.21997v2/abstract,vectors-0002.png,155,0.005707156692913386
intent-vs-fact/arxiv:2609.22000v2/abstract,vectors-0002.png,156,0.005615941181102362
intent-vs-fact/arxiv:2609.22005v1/abstract,vectors-0002.png,157,0.005766932283464567
intent-vs-fact/arxiv:2609.22008v1/abstract,vectors-0002.png,158,0.005340770472440945
intent-vs-fact/arxiv:2609.22038v1/abstract,vectors-0002.png,159,0.005389971968503936
intent-vs-fact/arxiv:2609.22039v1/abstract,vectors-0002.png,160,0.00509495748031496
intent-vs-fact/arxiv:2609.22043v1/abstract,vectors-0002.png,161,0.0056397897637795276
intent-vs-fact/arxiv:2609.22056v1/abstract,vectors-0002.png,162,0.0056478590551181105
intent-vs-fact/arxiv:2609.22067v1/abstract,vectors-0002.png,163,0.005559602362204725
intent-vs-fact/arxiv:2609.22068v1/abstract,vectors-0002.png,164,0.005404693385826771
intent-vs-fact/arxiv:2609.22081v2/abstract,vectors-0002.png,165,0.005598822834645669
intent-vs-fact/arxiv:2609.22086v1/abstract,vectors-0002.png,166,0.005723366929133858
intent-vs-fact/arxiv:2609.22592v1/abstract,vectors-0002.png,167,0.005527154330708662
intent-vs-fact/arxiv:2609.22600v1/abstract,vectors-0002.png,168,0.0055347740157480315
intent-vs-fact/arxiv:2609.22668v1/abstract,vectors-0002.png,169,0.00551565905511811
intent-vs-fact/arxiv:2609.22678v1/abstract,vectors-0002.png,170,0.005661845669291338
intent-vs-fact/arxiv:2609.22682v1/abstract,vectors-0002.png,171,0.0054191303937007875
intent-vs-fact/arxiv:2609.22726v1/abstract,vectors-0002.png,172,0.005585144881889764
intent-vs-fact/arxiv:2609.22833v1/abstract,vectors-0002.png,173,0.005843222047244094
intent-vs-fact/arxiv:2609.22944v1/abstract,vectors-0002.png,174,0.005833640157480315
intent-vs-fact/arxiv:2609.22949v1/abstract,vectors-0002.png,175,0.005635166929133859
intent-vs-fact/arxiv:2609.22951v1/abstract,vectors-0002.png,176,0.005810776377952756
intent-vs-fact/arxiv:2609.22993v1/abstract,vectors-0002.png,177,0.005329416535433071
intent-vs-fact/arxiv:2609.23137v1/abstract,vectors-0002.png,178,0.005385862992125984
intent-vs-fact/arxiv:2609.23269v1/abstract,vectors-0002.png,179,0.0054968417322834645
intent-vs-fact/arxiv:2609.23310v1/abstract,vectors-0002.png,180,0.005873139921259842
intent-vs-fact/arxiv:2609.23454v1/abstract,vectors-0002.png,181,0.005499468110236221
intent-vs-fact/arxiv:2609.23790v1/abstract,vectors-0002.png,182,0.005877431889763779
intent-vs-fact/arxiv:2609.23875v1/abstract,vectors-0002.png,183,0.0052134078740157476
intent-vs-fact/arxiv:2609.23928v1/abstract,vectors-0002.png,184,0.0054884811023622046
intent-vs-fact/arxiv:2609.24006v1/abstract,vectors-0002.png,185,0.005948774803149606
intent-vs-fact/arxiv:2609.24012v2/abstract,vectors-0002.png,186,0.0057940783464566934
intent-vs-fact/arxiv:2609.24107v1/abstract,vectors-0002.png,187,0.005692293307086614
intent-vs-fact/arxiv:2609.24474v1/abstract,vectors-0002.png,188,0.00549278157480315
intent-vs-fact/arxiv:2609.24516v1/abstract,vectors-0002.png,189,0.005514384724409449
intent-vs-fact/arxiv:2609.24538v1/abstract,vectors-0002.png,190,0.005579570629921259
intent-vs-fact/arxiv:2609.24554v1/abstract,vectors-0002.png,191,0.005545722047244094
intent-vs-fact/arxiv:2609.24574v2/abstract,vectors-0002.png,192,0.005479866929133858
intent-vs-fact/arxiv:2609.24613v1/abstract,vectors-0002.png,193,0.005413175118110236
intent-vs-fact/arxiv:2609.24625v1/abstract,vectors-0002.png,194,0.005759675196850393
intent-vs-fact/arxiv:2609.24635v1/abstract,vectors-0002.png,195,0.005846114645669292
intent-vs-fact/arxiv:2609.24650v1/abstract,vectors-0002.png,196,0.005659742125984252
intent-vs-fact/arxiv:2609.24657v1/abstract,vectors-0002.png,197,0.005591471338582677
intent-vs-fact/arxiv:2609.24678v1/abstract,vectors-0002.png,198,0.005770931496062992
intent-vs-fact/arxiv:2609.24698v1/abstract,vectors-0002.png,199,0.005457953543307087
intent-vs-fact/arxiv:2609.24784v1/abstract,vectors-0002.png,200,0.005179827165354331
intent-vs-fact/arxiv:2609.24799v1/abstract,vectors-0002.png,201,0.005524687874015748
intent-vs-fact/arxiv:2609.24801v1/abstract,vectors-0002.png,202,0.005690210236220473
intent-vs-fact/arxiv:2609.24812v1/abstract,vectors-0002.png,203,0.005597238582677165
intent-vs-fact/arxiv:2609.24814v2/abstract,vectors-0002.png,204,0.005083291102362204
intent-vs-fact/arxiv:2609.24815v3/abstract,vectors-0002.png,205,0.005447707874015748
intent-vs-fact/arxiv:2609.24821v1/abstract,vectors-0002.png,206,0.00534099842519685
intent-vs-fact/arxiv:2609.24831v1/abstract,vectors-0002.png,207,0.005515253543307086
intent-vs-fact/arxiv:2609.24838v1/abstract,vectors-0002.png,208,0.00527007748031496
intent-vs-fact/arxiv:2609.24847v1/abstract,vectors-0002.png,209,0.005751282204724409
intent-vs-fact/arxiv:2609.24855v1/abstract,vectors-0002.png,210,0.005431543307086614
intent-vs-fact/arxiv:2609.24859v1/abstract,vectors-0002.png,211,0.00555508062992126
intent-vs-fact/arxiv:2609.24862v1/abstract,vectors-0002.png,212,0.005553566141732283
intent-vs-fact/arxiv:2609.24864v1/abstract,vectors-0002.png,213,0.00582496062992126
intent-vs-fact/arxiv:2609.24876v1/abstract,vectors-0002.png,214,0.005418849606299213
intent-vs-fact/arxiv:2609.24877v1/abstract,vectors-0002.png,215,0.005589156692913386
intent-vs-fact/arxiv:2609.24881v2/abstract,vectors-0002.png,216,0.00567109094488189
intent-vs-fact/arxiv:2609.24883v1/abstract,vectors-0002.png,217,0.005275758267716536
intent-vs-fact/arxiv:2609.24885v1/abstract,vectors-0002.png,218,0.00581243094488189
intent-vs-fact/arxiv:2609.24890v1/abstract,vectors-0002.png,219,0.005619188976377952
intent-vs-fact/arxiv:2609.24894v1/abstract,vectors-0002.png,220,0.005589202598425197
intent-vs-fact/arxiv:2609.24895v1/abstract,vectors-0002.png,221,0.005788858267716536
intent-vs-fact/arxiv:2609.24903v1/abstract,vectors-0002.png,222,0.005362576850393701
intent-vs-fact/arxiv:2609.24906v1/abstract,vectors-0002.png,223,0.005498502677165354
intent-vs-fact/arxiv:2609.24911v1/abstract,vectors-0002.png,224,0.005387197637795276
intent-vs-fact/arxiv:2609.24921v1/abstract,vectors-0002.png,225,0.005635195275590551
intent-vs-fact/arxiv:2609.24927v1/abstract,vectors-0002.png,226,0.005464018897637795
intent-vs-fact/arxiv:2609.24932v1/abstract,vectors-0002.png,227,0.0057024047244094486
intent-vs-fact/arxiv:2609.24942v1/abstract,vectors-0002.png,228,0.005748619212598425
intent-vs-fact/arxiv:2609.24955v1/abstract,vectors-0002.png,229,0.0054191976377952755
intent-vs-fact/arxiv:2609.24964v1/abstract,vectors-0002.png,230,0.005544490236220473
intent-vs-fact/arxiv:2609.24965v2/abstract,vectors-0002.png,231,0.005578764330708662
intent-vs-fact/arxiv:2609.24967v1/abstract,vectors-0002.png,232,0.005611444094488189
intent-vs-fact/arxiv:2609.24969v1/abstract,vectors-0002.png,233,0.005700833070866142
intent-vs-fact/arxiv:2609.24971v2/abstract,vectors-0002.png,234,0.005462355511811024
intent-vs-fact/arxiv:2609.24972v2/abstract,vectors-0002.png,235,0.005538790236220473
intent-vs-fact/arxiv:2609.24974v1/abstract,vectors-0002.png,236,0.005502107874015748
intent-vs-fact/arxiv:2609.24976v1/abstract,vectors-0002.png,237,0.0055071626771653545
intent-vs-fact/arxiv:2609.24983v1/abstract,vectors-0002.png,238,0.005319412283464567
intent-vs-fact/arxiv:2609.24984v1/abstract,vectors-0002.png,239,0.005359728031496063
intent-vs-fact/arxiv:2609.24985v1/abstract,vectors-0002.png,240,0.005901938582677166
intent-vs-fact/arxiv:2609.25001v1/abstract,vectors-0002.png,241,0.005235575354330709
intent-vs-fact/arxiv:2609.25194v1/abstract,vectors-0002.png,242,0.0058896653543307085
intent-vs-fact/arxiv:2609.25195v1/abstract,vectors-0002.png,243,0.005566359842519685
intent-vs-fact/arxiv:2609.25432v1/abstract,vectors-0002.png,244,0.005131513149606299
intent-vs-fact/arxiv:2609.25701v1/abstract,vectors-0002.png,245,0.005282310551181103
intent-vs-fact/arxiv:2609.25913v1/abstract,vectors-0002.png,246,0.005737448267716535
intent-vs-fact/arxiv:2609.25956v1/abstract,vectors-0002.png,247,0.005486417322834646
intent-vs-fact/arxiv:2609.25959v1/abstract,vectors-0002.png,248,0.005876259055118111
intent-vs-fact/arxiv:2609.26010v1/abstract,vectors-0002.png,249,0.005367822834645669
intent-vs-fact/arxiv:2609.26048v1/abstract,vectors-0002.png,250,0.005699203149606299
intent-vs-fact/arxiv:2609.26306v1/abstract,vectors-0002.png,251,0.005663047637795275
intent-vs-fact/arxiv:2609.26338v1/abstract,vectors-0002.png,252,0.00540942125984252
intent-vs-fact/arxiv:2609.26346v1/abstract,vectors-0002.png,253,0.005678616141732283
intent-vs-fact/arxiv:2609.26347v2/abstract,vectors-0002.png,254,0.005194844881889764
intent-vs-fact/arxiv:2609.26368v1/abstract,vectors-0002.png,255,0.005451523858267717
intent-vs-fact/arxiv:2609.26381v1/abstract,vectors-0002.png,256,0.005639570472440945
intent-vs-fact/arxiv:2609.26388v1/abstract,vectors-0002.png,257,0.005684596377952755
intent-vs-fact/arxiv:2609.26399v1/abstract,vectors-0002.png,258,0.005495133858267717
intent-vs-fact/arxiv:2609.26422v1/abstract,vectors-0002.png,259,0.005175493700787402
intent-vs-fact/arxiv:2609.26468v1/abstract,vectors-0002.png,260,0.005598966929133858
intent-vs-fact/arxiv:2609.26481v1/abstract,vectors-0002.png,261,0.005726116850393701
intent-vs-fact/arxiv:2609.26488v1/abstract,vectors-0002.png,262,0.0056179787401574805
intent-vs-fact/arxiv:2609.26489v1/abstract,vectors-0002.png,263,0.005665410708661418
intent-vs-fact/arxiv:2609.26507v1/abstract,vectors-0002.png,264,0.005593692913385827
intent-vs-fact/arxiv:2609.26512v1/abstract,vectors-0002.png,265,0.0056481661417322835
intent-vs-fact/arxiv:2609.26527v1/abstract,vectors-0002.png,266,0.00540901968503937
intent-vs-fact/arxiv:2609.26532v1/abstract,vectors-0002.png,267,0.005251975984251969
intent-vs-fact/arxiv:2609.26536v1/abstract,vectors-0002.png,268,0.005607410236220472
intent-vs-fact/arxiv:2609.26539v1/abstract,vectors-0002.png,269,0.00490238062992126
intent-vs-fact/arxiv:2609.26547v1/abstract,vectors-0002.png,270,0.005223955905511811
intent-vs-fact/arxiv:2609.26550v1/abstract,vectors-0002.png,271,0.005360269606299212
intent-vs-fact/arxiv:2609.26556v1/abstract,vectors-0002.png,272,0.005455725984251968
intent-vs-fact/arxiv:2609.26562v1/abstract,vectors-0002.png,273,0.005578105511811024
intent-vs-fact/arxiv:2609.26579v1/abstract,vectors-0002.png,274,0.005506848818897638
intent-vs-fact/arxiv:2609.26603v2/abstract,vectors-0002.png,275,0.005592838976377953
intent-vs-fact/arxiv:2609.26610v1/abstract,vectors-0002.png,276,0.005329197322834646
intent-vs-fact/arxiv:2609.26621v1/abstract,vectors-0002.png,277,0.005770010236220473
intent-vs-fact/arxiv:2609.26629v1/abstract,vectors-0002.png,278,0.00558402125984252
intent-vs-fact/arxiv:2609.26634v1/abstract,vectors-0002.png,279,0.005407075275590551
intent-vs-fact/arxiv:2609.26637v1/abstract,vectors-0002.png,280,0.005649810708661418
intent-vs-fact/arxiv:2609.26638v1/abstract,vectors-0002.png,281,0.00552778188976378
intent-vs-fact/arxiv:2609.26642v1/abstract,vectors-0002.png,282,0.005790948425196851
intent-vs-fact/arxiv:2609.26658v1/abstract,vectors-0002.png,283,0.005608435433070867
intent-vs-fact/arxiv:2609.26679v1/abstract,vectors-0002.png,284,0.005728844094488188
intent-vs-fact/arxiv:2609.26682v1/abstract,vectors-0002.png,285,0.0055206492913385825
intent-vs-fact/arxiv:2609.26687v1/abstract,vectors-0002.png,286,0.005469211417322834
intent-vs-fact/arxiv:2609.26693v1/abstract,vectors-0002.png,287,0.0058691944881889765
intent-vs-fact/arxiv:2609.26704v1/abstract,vectors-0002.png,288,0.0056949492125984245
intent-vs-fact/arxiv:2609.26708v1/abstract,vectors-0002.png,289,0.005650943622047244
intent-vs-fact/arxiv:2609.26711v1/abstract,vectors-0002.png,290,0.005424176377952756
intent-vs-fact/arxiv:2609.26718v1/abstract,vectors-0002.png,291,0.005586967716535433
intent-vs-fact/arxiv:2609.26725v1/abstract,vectors-0002.png,292,0.0048044483464566926
intent-vs-fact/arxiv:2609.26749v1/abstract,vectors-0002.png,293,0.005496950393700788
intent-vs-fact/arxiv:2609.26756v2/abstract,vectors-0002.png,294,0.005180984251968505
intent-vs-fact/arxiv:2609.26758v2/abstract,vectors-0002.png,295,0.005688905511811023
intent-vs-fact/arxiv:2609.26760v2/abstract,vectors-0002.png,296,0.005657640944881889
intent-vs-fact/arxiv:2609.26761v1/abstract,vectors-0002.png,297,0.005760590551181102
intent-vs-fact/arxiv:2609.26777v1/abstract,vectors-0002.png,298,0.005611471653543307
intent-vs-fact/arxiv:2609.26779v1/abstract,vectors-0002.png,299,0.005626503385826772
intent-vs-fact/arxiv:2609.26780v2/abstract,vectors-0002.png,300,0.005429625196850394
intent-vs-fact/arxiv:2609.26781v1/abstract,vectors-0002.png,301,0.005473370078740158
intent-vs-fact/arxiv:2609.26796v1/abstract,vectors-0002.png,302,0.0054747950393700786
intent-vs-fact/arxiv:2609.26863v1/abstract,vectors-0002.png,303,0.005578482283464567
intent-vs-fact/arxiv:2609.26906v1/abstract,vectors-0002.png,304,0.005831032283464567
intent-vs-fact/arxiv:2609.26927v1/abstract,vectors-0002.png,305,0.005234650393700787
intent-vs-fact/arxiv:2609.26952v1/abstract,vectors-0002.png,306,0.005739602047244095
intent-vs-fact/arxiv:2609.27175v1/abstract,vectors-0002.png,307,0.005546048818897638
intent-vs-fact/arxiv:2609.27296v1/abstract,vectors-0002.png,308,0.005459272440944882
intent-vs-fact/arxiv:2609.27365v1/abstract,vectors-0002.png,309,0.005254334645669291
intent-vs-fact/arxiv:2609.27386v1/abstract,vectors-0002.png,310,0.00575353125984252
intent-vs-fact/arxiv:2609.27499v1/abstract,vectors-0002.png,311,0.005691012598425197
intent-vs-fact/arxiv:2609.27535v1/abstract,vectors-0002.png,312,0.005838390551181102
intent-vs-fact/arxiv:2609.27573v1/abstract,vectors-0002.png,313,0.005383235748031495
intent-vs-fact/arxiv:2609.27624v1/abstract,vectors-0002.png,314,0.005686087401574803
intent-vs-fact/arxiv:2609.27636v1/abstract,vectors-0002.png,315,0.005469496850393701
intent-vs-fact/arxiv:2609.27639v1/abstract,vectors-0002.png,316,0.0055417984251968505
intent-vs-fact/arxiv:2609.27727v2/abstract,vectors-0002.png,317,0.005099920787401575
intent-vs-fact/arxiv:2609.27980v1/abstract,vectors-0002.png,318,0.00572429842519685
intent-vs-fact/arxiv:2609.27981v1/abstract,vectors-0002.png,319,0.005808352519685039
intent-vs-fact/arxiv:2609.27994v1/abstract,vectors-0002.png,320,0.005782229133858268
intent-vs-fact/arxiv:2609.28004v1/abstract,vectors-0002.png,321,0.005531292913385827
intent-vs-fact/arxiv:2609.28007v1/abstract,vectors-0002.png,322,0.005684517007874016
intent-vs-fact/arxiv:2609.28026v1/abstract,vectors-0002.png,323,0.005281118110236221
intent-vs-fact/arxiv:2609.28029v1/abstract,vectors-0002.png,324,0.005919047244094489
intent-vs-fact/arxiv:2609.28041v1/abstract,vectors-0002.png,325,0.005820837559055119
intent-vs-fact/arxiv:2609.28048v1/abstract,vectors-0002.png,326,0.005676109921259843
intent-vs-fact/arxiv:2609.28053v1/abstract,vectors-0002.png,327,0.005380141732283465
intent-vs-fact/arxiv:2609.28060v1/abstract,vectors-0002.png,328,0.005406317716535433
intent-vs-fact/arxiv:2609.28080v1/abstract,vectors-0002.png,329,0.005647327952755905
intent-vs-fact/arxiv:2609.28085v1/abstract,vectors-0002.png,330,0.0054745110236220475
intent-vs-fact/arxiv:2609.28086v2/abstract,vectors-0002.png,331,0.0057133181102362205
intent-vs-fact/arxiv:2609.28087v1/abstract,vectors-0002.png,332,0.00541600157480315
intent-vs-fact/arxiv:2609.28090v1/abstract,vectors-0002.png,333,0.005377917322834646
intent-vs-fact/arxiv:2609.28105v1/abstract,vectors-0002.png,334,0.005549354330708661
intent-vs-fact/arxiv:2609.28107v2/abstract,vectors-0002.png,335,0.00540483779527559
intent-vs-fact/arxiv:2609.28110v1/abstract,vectors-0002.png,336,0.005492196850393701
intent-vs-fact/arxiv:2609.28117v1/abstract,vectors-0002.png,337,0.005333471968503937
intent-vs-fact/arxiv:2609.28137v1/abstract,vectors-0002.png,338,0.005302494881889763
intent-vs-fact/arxiv:2609.28150v1/abstract,vectors-0002.png,339,0.005583744094488189
intent-vs-fact/arxiv:2609.28182v1/abstract,vectors-0002.png,340,0.005563620472440945
intent-vs-fact/arxiv:2609.28190v1/abstract,vectors-0002.png,341,0.005871780708661418
intent-vs-fact/arxiv:2609.28197v1/abstract,vectors-0002.png,342,0.00588979968503937
intent-vs-fact/arxiv:2609.28212v1/abstract,vectors-0002.png,343,0.005572048031496062
intent-vs-fact/arxiv:2609.28216v1/abstract,vectors-0002.png,344,0.0055816307086614175
intent-vs-fact/arxiv:2609.28231v1/abstract,vectors-0002.png,345,0.005498926456692914
intent-vs-fact/arxiv:2609.28245v1/abstract,vectors-0002.png,346,0.005583940551181102
intent-vs-fact/arxiv:2609.28247v1/abstract,vectors-0002.png,347,0.0055704259842519685
intent-vs-fact/arxiv:2609.28250v1/abstract,vectors-0002.png,348,0.005617932283464567
intent-vs-fact/arxiv:2609.28256v1/abstract,vectors-0002.png,349,0.0057215811023622045
intent-vs-fact/arxiv:2609.28270v1/abstract,vectors-0002.png,350,0.005549997637795276
intent-vs-fact/arxiv:2609.28272v1/abstract,vectors-0002.png,351,0.005622437007874016
intent-vs-fact/arxiv:2609.28274v1/abstract,vectors-0002.png,352,0.005530213385826772
intent-vs-fact/arxiv:2609.28290v1/abstract,vectors-0002.png,353,0.006038270078740158
intent-vs-fact/arxiv:2609.28322v2/abstract,vectors-0002.png,354,0.00552211811023622
intent-vs-fact/arxiv:2609.28335v1/abstract,vectors-0002.png,355,0.005571029921259842
intent-vs-fact/arxiv:2609.28344v1/abstract,vectors-0002.png,356,0.005556866141732283
intent-vs-fact/arxiv:2609.28352v1/abstract,vectors-0002.png,357,0.005465883937007874
intent-vs-fact/arxiv:2609.28358v1/abstract,vectors-0002.png,358,0.005489585826771653
intent-vs-fact/arxiv:2609.28366v1/abstract,vectors-0002.png,359,0.005557655905511811
intent-vs-fact/arxiv:2609.28372v1/abstract,vectors-0002.png,360,0.005470974015748031
intent-vs-fact/arxiv:2609.28385v1/abstract,vectors-0002.png,361,0.005568272047244094
intent-vs-fact/arxiv:2609.28395v1/abstract,vectors-0002.png,362,0.005574467716535433
intent-vs-fact/arxiv:2609.28409v1/abstract,vectors-0002.png,363,0.00547792968503937
intent-vs-fact/arxiv:2609.28414v1/abstract,vectors-0002.png,364,0.0054632803149606305
intent-vs-fact/arxiv:2609.28416v1/abstract,vectors-0002.png,365,0.005517616535433071
intent-vs-fact/arxiv:2609.28430v1/abstract,vectors-0002.png,366,0.0058524377952755904
intent-vs-fact/arxiv:2609.28442v1/abstract,vectors-0002.png,367,0.005887201889763779
intent-vs-fact/arxiv:2609.28449v1/abstract,vectors-0002.png,368,0.005722557952755905
intent-vs-fact/arxiv:2609.28467v1/abstract,vectors-0002.png,369,0.005407930708661417
intent-vs-fact/arxiv:2609.28470v1/abstract,vectors-0002.png,370,0.005242455118110237
intent-vs-fact/arxiv:2609.28471v1/abstract,vectors-0002.png,371,0.005688382677165354
intent-vs-fact/arxiv:2609.28547v1/abstract,vectors-0002.png,372,0.005597318897637795
intent-vs-fact/arxiv:2609.28693v1/abstract,vectors-0002.png,373,0.0056426039370078744
intent-vs-fact/arxiv:2609.28900v1/abstract,vectors-0002.png,374,0.00561218
intent-vs-fact/arxiv:2609.29014v1/abstract,vectors-0002.png,375,0.005606518503937008
intent-vs-fact/arxiv:2609.29143v1/abstract,vectors-0002.png,376,0.0051955674803149604
intent-vs-fact/arxiv:2609.29423v1/abstract,vectors-0002.png,377,0.005467749606299213
intent-vs-fact/arxiv:2609.29804v1/abstract,vectors-0002.png,378,0.005517771653543307
intent-vs-fact/arxiv:2609.29869v1/abstract,vectors-0002.png,379,0.005268329133858267
intent-vs-fact/arxiv:2609.29913v1/abstract,vectors-0002.png,380,0.005523763307086614
intent-vs-fact/arxiv:2609.29921v1/abstract,vectors-0002.png,381,0.005681565354330708
intent-vs-fact/arxiv:2609.29928v1/abstract,vectors-0002.png,382,0.0055411212598425194
intent-vs-fact/arxiv:2609.29929v1/abstract,vectors-0002.png,383,0.005779294015748032
intent-vs-fact/arxiv:2609.29933v1/abstract,vectors-0002.png,384,0.005720903543307087
intent-vs-fact/arxiv:2609.29952v1/abstract,vectors-0002.png,385,0.005876079527559056
intent-vs-fact/arxiv:2609.29958v1/abstract,vectors-0002.png,386,0.005470707086614172
intent-vs-fact/arxiv:2609.30005v1/abstract,vectors-0002.png,387,0.00571952283464567
intent-vs-fact/arxiv:2609.30009v1/abstract,vectors-0002.png,388,0.005721772755905512
intent-vs-fact/arxiv:2609.30012v1/abstract,vectors-0002.png,389,0.005526288188976378
intent-vs-fact/arxiv:2609.30030v1/abstract,vectors-0002.png,390,0.005428152283464567
intent-vs-fact/arxiv:2609.30048v1/abstract,vectors-0002.png,391,0.005895716535433071
intent-vs-fact/arxiv:2609.30059v1/abstract,vectors-0002.png,392,0.005677172047244094
intent-vs-fact/arxiv:2609.30063v1/abstract,vectors-0002.png,393,0.00541407905511811
intent-vs-fact/arxiv:2609.30071v1/abstract,vectors-0002.png,394,0.005646037322834646
intent-vs-fact/arxiv:2609.30074v1/abstract,vectors-0002.png,395,0.0057734579527559055
intent-vs-fact/arxiv:2609.30075v1/abstract,vectors-0002.png,396,0.005635290551181102
intent-vs-fact/arxiv:2609.30079v1/abstract,vectors-0002.png,397,0.005492155905511811
intent-vs-fact/arxiv:2609.30087v1/abstract,vectors-0002.png,398,0.005878690157480315
intent-vs-fact/arxiv:2609.30088v1/abstract,vectors-0002.png,399,0.005636707559055118
intent-vs-fact/arxiv:2609.30094v2/abstract,vectors-0002.png,400,0.005673515984251968
intent-vs-fact/arxiv:2609.30096v1/abstract,vectors-0002.png,401,0.005539576377952756
intent-vs-fact/arxiv:2609.30100v1/abstract,vectors-0002.png,402,0.005542006535433071
intent-vs-fact/arxiv:2609.30121v1/abstract,vectors-0002.png,403,0.00559723937007874
intent-vs-fact/arxiv:2609.30123v1/abstract,vectors-0002.png,404,0.005475648267716535
intent-vs-fact/arxiv:2609.30130v1/abstract,vectors-0002.png,405,0.005344576377952755
intent-vs-fact/arxiv:2609.30137v1/abstract,vectors-0002.png,406,0.005384886614173228
intent-vs-fact/arxiv:2609.30144v1/abstract,vectors-0002.png,407,0.005912035905511811
intent-vs-fact/arxiv:2609.30147v1/abstract,vectors-0002.png,408,0.005604505511811023
intent-vs-fact/arxiv:2609.30151v1/abstract,vectors-0002.png,409,0.005983476062992126
intent-vs-fact/arxiv:2609.30160v1/abstract,vectors-0002.png,410,0.005917131496062992
intent-vs-fact/arxiv:2609.30167v1/abstract,vectors-0002.png,411,0.005573592913385827
intent-vs-fact/arxiv:2609.30177v1/abstract,vectors-0002.png,412,0.0056622
intent-vs-fact/arxiv:2609.30184v1/abstract,vectors-0002.png,413,0.0053620648031496064
intent-vs-fact/arxiv:2609.30186v1/abstract,vectors-0002.png,414,0.005285669291338582
intent-vs-fact/arxiv:2609.30192v1/abstract,vectors-0002.png,415,0.005743968188976378
intent-vs-fact/arxiv:2609.30199v1/abstract,vectors-0002.png,416,0.005501713779527559
intent-vs-fact/arxiv:2609.30205v1/abstract,vectors-0002.png,417,0.005419384251968504
intent-vs-fact/arxiv:2609.30214v1/abstract,vectors-0002.png,418,0.005497516535433071
intent-vs-fact/arxiv:2609.30217v1/abstract,vectors-0002.png,419,0.00568859968503937
intent-vs-fact/arxiv:2609.30218v1/abstract,vectors-0002.png,420,0.005697504251968503
intent-vs-fact/arxiv:2609.30219v1/abstract,vectors-0002.png,421,0.005805618897637795
intent-vs-fact/arxiv:2609.30222v1/abstract,vectors-0002.png,422,0.00535345905511811
intent-vs-fact/arxiv:2609.30226v1/abstract,vectors-0002.png,423,0.005474341181102362
intent-vs-fact/arxiv:2609.30227v1/abstract,vectors-0002.png,424,0.005441785826771654
intent-vs-fact/arxiv:2609.30233v1/abstract,vectors-0002.png,425,0.0054870417322834646
intent-vs-fact/arxiv:2609.30238v1/abstract,vectors-0002.png,426,0.005594297637795276
intent-vs-fact/arxiv:2609.30243v1/abstract,vectors-0002.png,427,0.005733262992125984
intent-vs-fact/arxiv:2609.30247v1/abstract,vectors-0002.png,428,0.005608441338582677
intent-vs-fact/arxiv:2609.30249v1/abstract,vectors-0002.png,429,0.005399680078740157
intent-vs-fact/arxiv:2609.30250v1/abstract,vectors-0002.png,430,0.005464971653543307
intent-vs-fact/arxiv:2609.30264v2/abstract,vectors-0002.png,431,0.005701804251968504
intent-vs-fact/arxiv:2609.30266v1/abstract,vectors-0002.png,432,0.00588400157480315
